Design,nRAS,nBTBEntries,nBHTEntries,nICacheSets,nICacheWays,nICacheTLBWays,MulDivUnroll,useVM,nDCacheSets,nDCacheWays,nDCacheTLBWays,nMSHRs,chipfinish_Total_Area,cts_Total_Area,floorplan_Total_Area,placement_Total_Area,route_Total_Area,chipfinish_Fast_Total_Power(nW),chipfinish_Slow_Total_Power(nW),chipfinish_Typical_Total_Power(nW),cts_Fast_Total_Power(nW),cts_Slow_Total_Power(nW),cts_Typical_Total_Power(nW),floorplan_Fast_Total_Power(nW),floorplan_Slow_Total_Power(nW),floorplan_Typical_Total_Power(nW),placement_Fast_Total_Power(nW),placement_Slow_Total_Power(nW),placement_Typical_Total_Power(nW),route_Fast_Total_Power(nW),route_Slow_Total_Power(nW),route_Typical_Total_Power(nW),chipfinish_FUNC_Fast_(Setup)_WNS,chipfinish_FUNC_Slow_(Setup)_WNS,chipfinish_FUNC_Typical_(Setup)_WNS,cts_FUNC_Fast_(Setup)_WNS,cts_FUNC_Slow_(Setup)_WNS,cts_FUNC_Typical_(Setup)_WNS,floorplan_FUNC_Fast_(Setup)_WNS,floorplan_FUNC_Slow_(Setup)_WNS,floorplan_FUNC_Typical_(Setup)_WNS,placement_FUNC_Fast_(Setup)_WNS,placement_FUNC_Slow_(Setup)_WNS,placement_FUNC_Typical_(Setup)_WNS,route_FUNC_Fast_(Setup)_WNS,route_FUNC_Slow_(Setup)_WNS,route_FUNC_Typical_(Setup)_WNS,Frequency
RocketTile_0,3.0,56.0,512.0,64.0,1.0,8.0,4.0,0.0,64.0,4.0,4.0,3.0,45420.7738,45420.7738,45420.7738,45420.7738,45420.7738,7131700.0,1231100.0,2274600.0,7086000.0,1219400.0,2251100.0,8296700.0,1165000.0,2362400.0,7045000.0,1229800.0,2184800.0,7128100.0,1230300.0,2272900.0,6.4842,2.1352,5.4373,6.5486,2.3309,5.426,6.6735,2.6978,5.6019,6.4854,2.5746,5.3596,6.5008,2.1735,5.457,100
RocketTile_1,12.0,14.0,0.0,32.0,1.0,20.0,4.0,1.0,64.0,1.0,12.0,2.0,27284.9242,27284.9242,27284.9242,27284.9242,27284.9242,4168000.0,734040.0,1363100.0,4137900.0,723160.0,1344100.0,5406100.0,666620.0,1466900.0,4091600.0,741050.0,1275800.0,4166100.0,733480.0,1362000.0,6.511,2.0168,5.3537,6.4778,2.252,5.3435,6.7448,2.859,5.6912,6.4431,2.5323,5.3108,6.5302,2.0563,5.3765,100
RocketTile_2,6.0,42.0,0.0,64.0,2.0,4.0,8.0,1.0,32.0,4.0,32.0,3.0,46222.2029,46222.2029,46222.2029,46222.2029,46222.2029,7514000.0,1371400.0,2483200.0,7472400.0,1359900.0,2462300.0,8670500.0,1287000.0,2560800.0,7412000.0,1362800.0,2382600.0,7510700.0,1370800.0,2481700.0,6.5566,2.0354,5.4026,6.492,2.2324,5.3564,6.7231,2.7992,5.6699,6.4784,2.5239,5.3441,6.5737,2.0752,5.4246,100
RocketTile_3,3.0,0.0,512.0,32.0,1.0,16.0,4.0,0.0,32.0,2.0,12.0,2.0,26651.376,26651.376,26651.376,26651.376,26651.376,4121600.0,779270.0,1394400.0,4099700.0,772170.0,1381600.0,5180000.0,729180.0,1491200.0,4062100.0,777960.0,1329600.0,4119900.0,778980.0,1393600.0,6.6392,2.204,5.5023,6.5695,2.3782,5.4523,6.6744,2.6969,5.6015,6.5159,2.6464,5.3971,6.6577,2.2438,5.5247,100
RocketTile_4,6.0,0.0,1024.0,64.0,4.0,32.0,8.0,0.0,32.0,1.0,4.0,1.0,42360.421,42360.421,42360.421,42360.421,42360.421,6770700.0,1039200.0,1989600.0,6753500.0,1032400.0,1978600.0,7827500.0,980090.0,2078900.0,6716700.0,1025000.0,1919900.0,6767200.0,1038400.0,1987900.0,6.6275,2.1688,5.4936,6.5504,2.3117,5.426,6.704,2.7543,5.638,6.5234,2.6112,5.4004,6.6436,2.201,5.513,100
RocketTile_5,3.0,14.0,1024.0,32.0,1.0,20.0,4.0,0.0,32.0,4.0,28.0,1.0,34507.3349,34507.3349,34507.3349,34507.3349,34507.3349,5440700.0,1085000.0,1874100.0,5422700.0,1076500.0,1862200.0,74443000.0,46532000.0,58098000.0,73201000.0,47347000.0,57914000.0,5439400.0,1084700.0,1873400.0,6.4578,1.8868,5.2863,6.4013,2.1042,5.2534,-178.7589,-364.8503,-218.9683,6.3633,2.3039,5.2012,6.471,1.913,5.3036,100
RocketTile_6,0.0,56.0,512.0,64.0,4.0,4.0,4.0,1.0,64.0,2.0,12.0,1.0,51281.1763,51281.1763,51281.1763,51281.1763,51281.1763,8125300.0,1220300.0,2355700.0,8093200.0,1210000.0,2338000.0,9240300.0,1136100.0,2428100.0,8009700.0,1205800.0,2255600.0,8121200.0,1219300.0,2353800.0,6.533,1.9905,5.3706,6.4583,2.1728,5.3183,6.7287,2.8003,5.67,6.4508,2.543,5.3214,6.5496,2.0312,5.3949,100
RocketTile_7,3.0,14.0,512.0,64.0,4.0,16.0,4.0,0.0,64.0,2.0,28.0,2.0,51571.0008,51571.0008,51571.0008,51571.0008,51571.0008,8389300.0,1358600.0,2551400.0,8365100.0,1348900.0,2536100.0,9557100.0,1279900.0,2636100.0,8292500.0,1332000.0,2457400.0,8385000.0,1357600.0,2549300.0,6.5056,1.9333,5.3433,6.4285,2.1131,5.282,6.668,2.7146,5.5929,6.439,2.4894,5.3036,6.5233,1.9693,5.3633,100
RocketTile_8,6.0,28.0,0.0,32.0,1.0,24.0,4.0,0.0,64.0,1.0,16.0,3.0,25819.4952,25819.4952,25819.4952,25819.4952,25819.4952,4062300.0,779750.0,1399700.0,4041400.0,772290.0,1387100.0,5153000.0,726430.0,1502100.0,4017700.0,780090.0,1340400.0,4060600.0,779450.0,1398900.0,6.5351,2.0056,5.3765,6.4583,2.1667,5.3136,6.6989,2.7691,5.6333,6.4359,2.4737,5.2985,6.5535,2.0432,5.4005,100
RocketTile_9,3.0,0.0,128.0,32.0,4.0,28.0,8.0,0.0,64.0,1.0,32.0,2.0,38001.0154,38001.0154,38001.0154,38001.0154,38001.0154,6200800.0,1153800.0,2070900.0,6173700.0,1145800.0,2056300.0,7300600.0,1095100.0,2163100.0,6134400.0,1145500.0,1997700.0,6197900.0,1153200.0,2069500.0,6.5961,2.1334,5.4556,6.5379,2.3163,5.4121,6.6972,2.7437,5.6385,6.4943,2.6213,5.3699,6.6081,2.1599,5.4707,100
RocketTile_10,12.0,56.0,128.0,32.0,1.0,16.0,8.0,0.0,32.0,2.0,16.0,1.0,27595.0224,27595.0224,27595.0224,27595.0224,27595.0224,4138100.0,727140.0,1329800.0,4102100.0,716720.0,1310600.0,5318400.0,664560.0,1431500.0,4054500.0,732970.0,1251200.0,4136400.0,726720.0,1328900.0,6.5147,1.9692,5.3526,6.441,2.1485,5.2977,6.7197,2.8087,5.6634,6.3993,2.4262,5.2573,6.5298,2.0008,5.3713,100
RocketTile_11,0.0,14.0,1024.0,32.0,2.0,24.0,4.0,0.0,64.0,1.0,16.0,1.0,27557.1562,27557.1562,27557.1562,27557.1562,27557.1562,4148200.0,701100.0,1297100.0,4119400.0,693200.0,1282200.0,5201800.0,649690.0,1393000.0,4107100.0,696440.0,1236000.0,4146200.0,700720.0,1296200.0,6.5609,2.0332,5.4007,6.4771,2.2091,5.3375,6.6491,2.647,5.5721,6.4283,2.4822,5.2909,6.581,2.076,5.4266,100
RocketTile_12,3.0,0.0,512.0,64.0,1.0,12.0,8.0,1.0,32.0,2.0,32.0,1.0,29692.6315,29692.6315,29692.6315,29692.6315,29692.6315,4440500.0,728810.0,1361400.0,4405800.0,717730.0,1342500.0,5652300.0,661590.0,1471400.0,4371400.0,731650.0,1284900.0,4438500.0,728240.0,1360300.0,6.4716,1.8904,5.296,6.4344,2.147,5.2889,6.7155,2.7957,5.6662,6.411,2.4339,5.2669,6.4866,1.9224,5.3145,100
RocketTile_13,9.0,42.0,128.0,64.0,2.0,24.0,8.0,0.0,32.0,4.0,12.0,1.0,42623.8704,42623.8704,42623.8704,42623.8704,42623.8704,6570400.0,1103300.0,2031100.0,6546400.0,1094200.0,2015900.0,7775500.0,1037100.0,2138200.0,6549500.0,1100500.0,1963800.0,6567100.0,1102600.0,2029600.0,6.6148,2.1754,5.4762,6.5467,2.3469,5.4256,6.663,2.6669,5.5881,6.5025,2.5862,5.3734,6.6285,2.2183,5.4986,100
RocketTile_14,0.0,28.0,512.0,32.0,2.0,8.0,8.0,1.0,64.0,2.0,32.0,1.0,35206.3282,35206.3282,35206.3282,35206.3282,35206.3282,5315200.0,878360.0,1637300.0,5285200.0,868400.0,1619700.0,6434300.0,804150.0,1719800.0,5232100.0,875160.0,1549500.0,5312400.0,877810.0,1636000.0,6.6113,2.154,5.4733,6.5256,2.3056,5.4048,6.6808,2.7115,5.6116,6.4671,2.5768,5.3389,6.6269,2.188,5.4928,100
RocketTile_15,3.0,0.0,1024.0,64.0,1.0,24.0,8.0,0.0,64.0,1.0,4.0,3.0,27595.0224,27595.0224,27595.0224,27595.0224,27595.0224,4340300.0,773940.0,1423900.0,4320100.0,766870.0,1411800.0,5373600.0,725150.0,1522900.0,4304500.0,777340.0,1371200.0,4338500.0,773620.0,1423100.0,6.5593,2.0346,5.4015,6.482,2.205,5.3443,6.6919,2.7773,5.6406,6.4642,2.5247,5.3333,6.5752,2.0683,5.4224,100
RocketTile_16,12.0,42.0,128.0,32.0,4.0,32.0,8.0,0.0,64.0,1.0,8.0,3.0,41258.7432,41258.7432,41258.7432,41258.7432,41258.7432,6845900.0,1318100.0,2350600.0,6819100.0,1309000.0,2333800.0,8042400.0,1250200.0,2447800.0,6798500.0,1321400.0,2273200.0,6842900.0,1317500.0,2349300.0,6.4715,1.8733,5.2995,6.4142,2.0933,5.2628,6.7015,2.7336,5.6333,6.41,2.4491,5.2686,6.4903,1.9147,5.3233,100
RocketTile_17,9.0,0.0,0.0,64.0,1.0,8.0,8.0,0.0,64.0,1.0,24.0,1.0,24831.2794,24831.2794,24831.2794,24831.2794,24831.2794,3610600.0,543510.0,1054500.0,3590100.0,536910.0,1042400.0,4676700.0,498210.0,1157700.0,3568100.0,543450.0,997400.0,3609400.0,543310.0,1053900.0,6.5897,2.102,5.4417,6.4807,2.1724,5.3342,6.7588,2.8873,5.7145,6.4461,2.5238,5.3115,6.6069,2.1404,5.4639,100
RocketTile_18,3.0,42.0,512.0,64.0,2.0,20.0,4.0,1.0,32.0,1.0,32.0,2.0,36089.9194,36089.9194,36089.9194,36089.9194,36089.9194,5773000.0,989040.0,1833400.0,5738400.0,976040.0,1811900.0,7129400.0,902150.0,1941300.0,5704200.0,985200.0,1736500.0,5770400.0,988530.0,1832200.0,6.552,2.0062,5.3966,6.4723,2.1738,5.3314,6.7097,2.7818,5.6524,6.431,2.4262,5.2887,6.5731,2.0533,5.4229,100
RocketTile_19,12.0,42.0,512.0,64.0,2.0,16.0,4.0,0.0,32.0,1.0,24.0,1.0,31907.7792,31907.7792,31907.7792,31907.7792,31907.7792,5001000.0,801290.0,1520800.0,4980300.0,791710.0,1505200.0,6212000.0,740600.0,1623700.0,4894000.0,795990.0,1433400.0,4998600.0,800820.0,1519800.0,6.602,2.1333,5.4575,6.5386,2.326,5.4137,6.6501,2.6573,5.5694,6.4821,2.5669,5.3524,6.621,2.1764,5.4836,100
RocketTile_20,12.0,56.0,1024.0,32.0,1.0,32.0,4.0,0.0,64.0,4.0,12.0,2.0,42963.9552,42963.9552,42963.9552,42963.9552,42963.9552,6722700.0,1205900.0,2177900.0,6696500.0,1193800.0,2158500.0,75790000.0,46644000.0,58400000.0,74470000.0,47480000.0,58211000.0,6719400.0,1205100.0,2176200.0,6.4933,1.9298,5.3246,6.4405,2.1583,5.2947,-178.7833,-364.9366,-218.9938,6.3974,2.4362,5.2551,6.5132,1.9711,5.3496,100
RocketTile_21,12.0,14.0,0.0,64.0,4.0,24.0,8.0,1.0,64.0,4.0,8.0,2.0,63531.972,63531.972,63531.972,63531.972,63531.972,10110000.0,1572400.0,3005200.0,10075000.0,1560600.0,2985200.0,11354000.0,1480000.0,3084500.0,10005000.0,1559400.0,2893500.0,10105000.0,1571400.0,3002900.0,6.5514,2.0202,5.3938,6.4974,2.2419,5.3632,6.7333,2.8392,5.6819,6.4255,2.4733,5.2872,6.5693,2.0579,5.4164,100
RocketTile_22,12.0,42.0,512.0,64.0,2.0,12.0,8.0,0.0,64.0,4.0,20.0,2.0,50226.8587,50226.8587,50226.8587,50226.8587,50226.8587,7817800.0,1262000.0,2370000.0,7787500.0,1252000.0,2352600.0,9036600.0,1189600.0,2468200.0,7758800.0,1250400.0,2285500.0,7814000.0,1261300.0,2368200.0,6.4983,1.936,5.3309,6.4387,2.1446,5.2948,6.6816,2.7284,5.6159,6.4235,2.4461,5.2817,6.5142,1.9707,5.3508,100
RocketTile_23,9.0,42.0,512.0,64.0,4.0,12.0,4.0,1.0,64.0,1.0,16.0,2.0,50042.808,50042.808,50042.808,50042.808,50042.808,8189500.0,1326800.0,2504200.0,8165700.0,1314200.0,2484600.0,9638400.0,1232800.0,2618600.0,8102700.0,1317200.0,2398600.0,8185900.0,1326100.0,2502600.0,6.5849,2.1197,5.4359,6.518,2.3027,5.3892,6.7301,2.8125,5.6726,6.4918,2.6044,5.3664,6.6048,2.1603,5.4589,100
RocketTile_24,3.0,28.0,0.0,32.0,4.0,12.0,4.0,0.0,64.0,1.0,20.0,1.0,36647.1605,36647.1605,36647.1605,36647.1605,36647.1605,5816000.0,1042000.0,1881600.0,5793500.0,1034900.0,1869100.0,6838100.0,985990.0,1967200.0,5751800.0,1032600.0,1813400.0,5813300.0,1041400.0,1880300.0,6.5682,2.0681,5.4181,6.4994,2.2562,5.3659,6.6898,2.7552,5.6284,6.479,2.5438,5.3453,6.5859,2.1091,5.4404,100
RocketTile_25,0.0,28.0,256.0,64.0,4.0,32.0,8.0,1.0,64.0,1.0,16.0,1.0,46827.8712,46827.8712,46827.8712,46827.8712,46827.8712,7451900.0,1110800.0,2159300.0,7411700.0,1098800.0,2137300.0,8645400.0,1027700.0,2244900.0,7381700.0,1105200.0,2066200.0,7448200.0,1110100.0,2157600.0,6.54,2.008,5.3806,6.4892,2.2198,5.351,6.6687,2.6858,5.6001,6.4343,2.485,5.2974,6.5618,2.0544,5.4077,100
RocketTile_26,0.0,56.0,1024.0,64.0,2.0,8.0,4.0,1.0,64.0,4.0,24.0,1.0,48976.1237,48976.1237,48976.1237,48976.1237,48976.1237,7388900.0,1107300.0,2137000.0,7351700.0,1096500.0,2117200.0,8599100.0,1031800.0,2229800.0,7316600.0,1104200.0,2047900.0,7385400.0,1106700.0,2135500.0,6.5402,2.0062,5.3797,6.4599,2.1773,5.3168,6.6825,2.7117,5.6147,6.3981,2.4127,5.252,6.5613,2.0503,5.4062,100
RocketTile_27,12.0,42.0,256.0,64.0,2.0,8.0,4.0,0.0,32.0,1.0,4.0,1.0,31700.1989,31700.1989,31700.1989,31700.1989,31700.1989,4880600.0,769320.0,1461500.0,4855500.0,759800.0,1445600.0,6018800.0,705250.0,1558300.0,4815700.0,764410.0,1386800.0,4878400.0,768880.0,1460500.0,6.5829,2.0824,5.4332,6.5187,2.2868,5.3919,6.7145,2.7675,5.6534,6.4811,2.5576,5.3533,6.6024,2.1226,5.4582,100
RocketTile_28,12.0,42.0,256.0,32.0,2.0,16.0,4.0,1.0,32.0,2.0,24.0,1.0,34638.9638,34638.9638,34638.9638,34638.9638,34638.9638,5338200.0,953620.0,1732400.0,5300400.0,941470.0,1710600.0,6675800.0,874200.0,1840000.0,5275900.0,960600.0,1639000.0,5335900.0,953150.0,1731300.0,6.5492,2.0172,5.3908,6.4588,2.1628,5.316,6.6512,2.6857,5.5866,6.4479,2.5026,5.3129,6.5652,2.0532,5.4129,100
RocketTile_29,3.0,42.0,256.0,64.0,2.0,8.0,4.0,0.0,32.0,2.0,32.0,2.0,36647.1605,36647.1605,36647.1605,36647.1605,36647.1605,5791300.0,993080.0,1832700.0,5768300.0,983740.0,1817600.0,6926900.0,930110.0,1930100.0,5747900.0,990970.0,1762400.0,5788500.0,992500.0,1831400.0,6.5616,2.047,5.4054,6.5018,2.2412,5.3641,6.7091,2.7661,5.6489,6.4552,2.5318,5.3207,6.5815,2.0888,5.4305,100
RocketTile_30,3.0,42.0,256.0,64.0,4.0,16.0,8.0,0.0,32.0,1.0,4.0,1.0,44183.8282,44183.8282,44183.8282,44183.8282,44183.8282,7097900.0,1109700.0,2109300.0,7065900.0,1100300.0,2092400.0,8245800.0,1038100.0,2200000.0,7017400.0,1094700.0,2024900.0,7094700.0,1109100.0,2107900.0,6.6821,2.2691,5.5579,6.6344,2.4442,5.5262,6.7074,2.7632,5.6435,6.5255,2.6237,5.3969,6.6949,2.2963,5.5744,100
RocketTile_31,0.0,42.0,0.0,32.0,4.0,4.0,8.0,1.0,32.0,4.0,24.0,3.0,51731.905,51731.905,51731.905,51731.905,51731.905,8591900.0,1708700.0,2991500.0,8555000.0,1697900.0,2972500.0,9818600.0,1623100.0,3081700.0,8515600.0,1697200.0,2895400.0,8587900.0,1707800.0,2989600.0,6.5621,2.1828,5.4811,6.577,2.4103,5.4665,6.7224,2.7905,5.6637,6.4791,2.5341,5.3497,6.5771,2.215,5.5019,100
RocketTile_32,9.0,56.0,128.0,32.0,4.0,28.0,8.0,1.0,32.0,4.0,12.0,3.0,54589.739,54589.739,54589.739,54589.739,54589.739,9060900.0,1774800.0,3129000.0,9020200.0,1760200.0,3104400.0,10572000.0,1675600.0,3249400.0,8991700.0,1780200.0,3022100.0,9056700.0,1773900.0,3127100.0,6.5661,2.0405,5.4117,6.4912,2.2069,5.3539,6.7435,2.8399,5.6937,6.4585,2.5155,5.3261,6.5792,2.0676,5.4278,100
RocketTile_33,12.0,28.0,512.0,64.0,1.0,32.0,8.0,0.0,32.0,4.0,16.0,1.0,36446.4202,36446.4202,36446.4202,36446.4202,36446.4202,5619400.0,1018700.0,1820500.0,5601900.0,1009700.0,1807200.0,6787500.0,952670.0,1920400.0,5543500.0,1002600.0,1736700.0,5618700.0,1018400.0,1819700.0,6.4751,1.8758,5.2997,6.4097,2.0762,5.2561,6.6595,2.6839,5.5894,6.3884,2.4059,5.2409,6.4901,1.9082,5.3185,100
RocketTile_34,12.0,0.0,128.0,64.0,4.0,20.0,8.0,1.0,32.0,1.0,24.0,3.0,48126.0485,48126.0485,48126.0485,48126.0485,48126.0485,8050900.0,1358400.0,2543100.0,8012100.0,1345800.0,2520900.0,9236400.0,1267600.0,2617500.0,7933400.0,1348400.0,2434300.0,8047300.0,1357700.0,2541500.0,6.5646,2.0407,5.4117,6.4998,2.2312,5.3654,6.6825,2.7246,5.6155,6.4295,2.5104,5.2938,6.5839,2.08,5.4344,100
RocketTile_35,9.0,42.0,0.0,32.0,1.0,20.0,4.0,0.0,32.0,1.0,8.0,3.0,24337.404,24337.404,24337.404,24337.404,24337.404,3910800.0,781920.0,1384800.0,3888100.0,774360.0,1371500.0,4972700.0,725950.0,1480500.0,3853200.0,778870.0,1320900.0,3909300.0,781600.0,1384100.0,6.6055,2.1016,5.4613,6.6022,2.4231,5.4893,6.7187,2.7994,5.6588,6.5334,2.6502,5.4178,6.6202,2.133,5.4799,100
RocketTile_36,9.0,0.0,0.0,64.0,1.0,28.0,8.0,1.0,32.0,4.0,12.0,2.0,38941.2965,38941.2965,38941.2965,38941.2965,38941.2965,6114300.0,1104700.0,2003600.0,6075300.0,1092500.0,1982200.0,7359600.0,1028000.0,2103300.0,6011500.0,1105700.0,1906600.0,6110700.0,1103800.0,2001700.0,6.5042,1.957,5.3363,6.4472,2.1428,5.2978,6.7076,2.7881,5.6491,6.4323,2.5024,5.2944,6.5179,1.9868,5.3543,100
RocketTile_37,12.0,56.0,1024.0,64.0,2.0,4.0,8.0,0.0,32.0,4.0,4.0,2.0,45372.1824,45372.1824,45372.1824,45372.1824,45372.1824,7369500.0,1360000.0,2431300.0,7345200.0,1349200.0,2415100.0,76525000.0,46795000.0,58666000.0,75132000.0,47628000.0,58464000.0,7366000.0,1359300.0,2429700.0,6.5324,1.9828,5.3675,6.4571,2.1534,5.3132,-178.7885,-364.7472,-218.9861,6.4291,2.4671,5.2894,6.5516,2.0198,5.3914,100
RocketTile_38,0.0,28.0,0.0,32.0,1.0,24.0,8.0,0.0,64.0,2.0,12.0,3.0,30996.9374,30996.9374,30996.9374,30996.9374,30996.9374,4879700.0,896310.0,1628400.0,4843300.0,887590.0,1611700.0,5941200.0,836910.0,1716000.0,4778900.0,890040.0,1549200.0,4877700.0,895930.0,1627500.0,6.5774,2.0995,5.4255,6.5171,2.267,5.3815,6.6849,2.7246,5.6208,6.4564,2.4828,5.3129,6.5954,2.1353,5.4486,100
RocketTile_39,3.0,56.0,0.0,64.0,1.0,32.0,8.0,0.0,32.0,2.0,32.0,2.0,28516.5619,28516.5619,28516.5619,28516.5619,28516.5619,4395300.0,779680.0,1422800.0,4376500.0,772640.0,1411100.0,5463400.0,725580.0,1520300.0,4343400.0,775670.0,1360100.0,4393400.0,779340.0,1421900.0,6.5914,2.1318,5.4483,6.5538,2.3645,5.4369,6.7285,2.829,5.6745,6.4926,2.5887,5.3698,6.6101,2.1726,5.4734,100
RocketTile_40,9.0,42.0,256.0,64.0,2.0,32.0,4.0,1.0,64.0,4.0,16.0,2.0,53095.9104,53095.9104,53095.9104,53095.9104,53095.9104,8249800.0,1297500.0,2484300.0,8200100.0,1283400.0,2457000.0,9755500.0,1209300.0,2602300.0,8147900.0,1304400.0,2368800.0,8245600.0,1296600.0,2482400.0,6.5675,2.0651,5.4196,6.5187,2.2797,5.39,6.6412,2.6437,5.5634,6.4787,2.5462,5.3446,6.5798,2.0954,5.4378,100
RocketTile_41,3.0,0.0,256.0,32.0,2.0,4.0,8.0,0.0,64.0,2.0,12.0,3.0,35536.9464,35536.9464,35536.9464,35536.9464,35536.9464,5648700.0,1043700.0,1884100.0,5622700.0,1036400.0,1870300.0,6714900.0,984220.0,1973900.0,5608200.0,1040000.0,1818600.0,5646000.0,1043100.0,1882900.0,6.4726,1.868,5.2956,6.432,2.1119,5.2819,6.7001,2.7559,5.6367,6.4256,2.4563,5.2845,6.4929,1.9084,5.3219,100
RocketTile_42,9.0,0.0,1024.0,64.0,4.0,24.0,8.0,1.0,64.0,4.0,4.0,1.0,62039.101,62039.101,62039.101,62039.101,62039.101,9751200.0,1462600.0,2819700.0,9705100.0,1448800.0,2795300.0,10942000.0,1370800.0,2894800.0,9635200.0,1444500.0,2706000.0,9746500.0,1461700.0,2817600.0,6.5511,2.0321,5.3974,6.4981,2.2405,5.3658,6.6856,2.7377,5.6284,6.4252,2.4722,5.2888,6.5708,2.0734,5.4218,100
RocketTile_43,3.0,56.0,1024.0,32.0,2.0,16.0,8.0,0.0,64.0,2.0,16.0,1.0,35735.1696,35735.1696,35735.1696,35735.1696,35735.1696,5525800.0,1004300.0,1793500.0,5497600.0,994410.0,1776800.0,74599000.0,46443000.0,58020000.0,73338000.0,47273000.0,57842000.0,5523100.0,1003800.0,1792200.0,6.5788,2.1258,5.4321,6.5021,2.2839,5.3718,-178.4764,-364.7286,-218.8812,6.4402,2.5296,5.3073,6.5984,2.167,5.4574,100
RocketTile_44,0.0,56.0,1024.0,64.0,4.0,20.0,8.0,0.0,64.0,1.0,16.0,1.0,43767.3542,43767.3542,43767.3542,43767.3542,43767.3542,6978000.0,1047200.0,2020200.0,6957500.0,1039900.0,2008200.0,8049100.0,980870.0,2106600.0,6887300.0,1026300.0,1940500.0,6974500.0,1046500.0,2018500.0,6.6083,2.137,5.4679,6.5384,2.3201,5.4188,6.6909,2.786,5.6383,6.4953,2.554,5.3673,6.6262,2.1762,5.4919,100
RocketTile_45,12.0,42.0,128.0,64.0,2.0,12.0,4.0,0.0,64.0,4.0,20.0,3.0,51146.7566,51146.7566,51146.7566,51146.7566,51146.7566,8011700.0,1316600.0,2468500.0,7976300.0,1306200.0,2449600.0,9240000.0,1242800.0,2568500.0,7957500.0,1313900.0,2387800.0,8007900.0,1315900.0,2466800.0,6.6491,2.1905,5.5138,6.5899,2.3695,5.4681,6.6746,2.675,5.5996,6.539,2.6634,5.4196,6.6614,2.2177,5.5296,100
RocketTile_46,6.0,28.0,1024.0,32.0,1.0,4.0,8.0,0.0,64.0,1.0,8.0,1.0,25370.2714,25370.2714,25370.2714,25370.2714,25370.2714,3873900.0,730970.0,1288600.0,3850300.0,721720.0,1273800.0,72873000.0,46178000.0,57516000.0,71674000.0,46998000.0,57342000.0,3873500.0,730920.0,1288300.0,6.6044,2.1497,5.4596,6.5608,2.3866,5.4456,-178.6417,-364.3972,-218.7928,6.5239,2.6658,5.4041,6.6216,2.1869,5.4815,100
RocketTile_47,3.0,28.0,128.0,32.0,4.0,12.0,8.0,0.0,32.0,2.0,28.0,3.0,43011.2333,43011.2333,43011.2333,43011.2333,43011.2333,7205200.0,1438100.0,2519200.0,7176300.0,1428500.0,2502900.0,8402000.0,1362600.0,2614900.0,7123900.0,1426100.0,2431800.0,7202000.0,1437400.0,2517700.0,6.5576,2.0182,5.3955,6.4706,2.1757,5.3257,6.6841,2.713,5.6141,6.4558,2.5175,5.3203,6.5756,2.0539,5.418,100
RocketTile_48,0.0,56.0,256.0,32.0,2.0,32.0,4.0,1.0,64.0,1.0,4.0,1.0,30564.2938,30564.2938,30564.2938,30564.2938,30564.2938,4630600.0,765390.0,1435700.0,4596000.0,754420.0,1415900.0,5835200.0,697070.0,1537700.0,4572900.0,774540.0,1357100.0,4628500.0,765010.0,1434800.0,6.562,2.0889,5.4105,6.4886,2.271,5.3594,6.6858,2.7255,5.6174,6.4964,2.6137,5.3753,6.575,2.1219,5.4287,100
RocketTile_49,0.0,0.0,0.0,64.0,1.0,12.0,8.0,1.0,64.0,1.0,8.0,1.0,27420.876,27420.876,27420.876,27420.876,27420.876,4029200.0,610720.0,1183400.0,3998000.0,599910.0,1164700.0,5204000.0,541000.0,1281700.0,3950700.0,609810.0,1100000.0,4027400.0,610190.0,1182400.0,6.5456,2.0533,5.3911,6.4783,2.2198,5.3377,6.6385,2.6108,5.5515,6.4549,2.4881,5.315,6.5627,2.0885,5.4119,100
RocketTile_50,0.0,14.0,0.0,32.0,1.0,16.0,4.0,1.0,64.0,4.0,4.0,3.0,44159.8608,44159.8608,44159.8608,44159.8608,44159.8608,6881000.0,1223100.0,2242000.0,6846300.0,1211800.0,2221900.0,8096800.0,1146700.0,2333100.0,6798300.0,1225400.0,2146100.0,6877500.0,1222200.0,2240200.0,6.5386,1.9813,5.3719,6.4786,2.1889,5.3347,6.6946,2.7518,5.636,6.4259,2.4628,5.285,6.5574,2.0217,5.3965,100
RocketTile_51,9.0,0.0,1024.0,64.0,1.0,12.0,8.0,0.0,32.0,1.0,12.0,2.0,24777.4349,24777.4349,24777.4349,24777.4349,24777.4349,3816000.0,656770.0,1220300.0,3793600.0,649440.0,1207500.0,4880000.0,606760.0,1320100.0,3755200.0,654890.0,1158100.0,3814500.0,656530.0,1219700.0,6.5463,2.0263,5.3863,6.4968,2.2572,5.3649,6.7496,2.8729,5.7019,6.4582,2.5019,5.3206,6.5641,2.0648,5.4102,100
RocketTile_52,9.0,14.0,256.0,64.0,1.0,12.0,8.0,0.0,64.0,2.0,4.0,2.0,32580.0691,32580.0691,32580.0691,32580.0691,32580.0691,4965300.0,827370.0,1544900.0,4940500.0,818470.0,1529800.0,6085000.0,771450.0,1645600.0,4902300.0,826310.0,1476100.0,4964600.0,826950.0,1544000.0,6.5658,2.0475,5.4066,6.5207,2.2666,5.3842,6.6716,2.7157,5.6024,6.4927,2.57,5.3625,6.5839,2.0846,5.4287,100
RocketTile_53,6.0,14.0,128.0,32.0,1.0,12.0,4.0,1.0,32.0,4.0,20.0,3.0,39334.1861,39334.1861,39334.1861,39334.1861,39334.1861,6351600.0,1263000.0,2233600.0,6315100.0,1250800.0,2211500.0,7597800.0,1182300.0,2319300.0,6285400.0,1265500.0,2128600.0,6350200.0,1262200.0,2232200.0,6.611,2.1458,5.4699,6.5336,2.3174,5.4074,6.7034,2.815,5.6526,6.457,2.5098,5.3189,6.6247,2.1758,5.4873,100
RocketTile_54,9.0,28.0,0.0,64.0,2.0,24.0,4.0,1.0,32.0,2.0,24.0,2.0,37774.4472,37774.4472,37774.4472,37774.4472,37774.4472,5956000.0,1005100.0,1871400.0,5921900.0,994260.0,1852200.0,7158300.0,929600.0,1968300.0,5904500.0,1008400.0,1790100.0,5953300.0,1004500.0,1870200.0,6.5832,2.1054,5.4294,6.5075,2.2784,5.3751,6.7187,2.7886,5.6608,6.4877,2.5948,5.3668,6.602,2.1423,5.453,100
RocketTile_55,3.0,56.0,512.0,32.0,1.0,8.0,4.0,1.0,32.0,1.0,8.0,3.0,29551.153,29551.153,29551.153,29551.153,29551.153,4877100.0,979100.0,1733100.0,4835700.0,965050.0,1709300.0,6177100.0,891040.0,1831500.0,4746100.0,975830.0,1623600.0,4877200.0,978620.0,1732300.0,6.5858,2.099,5.4356,6.5075,2.2638,5.3778,6.7353,2.8026,5.6765,6.4858,2.5988,5.3647,6.6037,2.1363,5.4577,100
RocketTile_56,0.0,28.0,256.0,64.0,1.0,16.0,8.0,0.0,64.0,1.0,8.0,3.0,27595.0224,27595.0224,27595.0224,27595.0224,27595.0224,4378900.0,778630.0,1437200.0,4349000.0,770680.0,1422300.0,5394100.0,725200.0,1526500.0,4308700.0,777180.0,1371400.0,4376900.0,778260.0,1436300.0,6.6346,2.2112,5.4958,6.5599,2.3732,5.4404,6.6663,2.7321,5.6078,6.5101,2.598,5.3825,6.6519,2.2504,5.5187,100
RocketTile_57,12.0,28.0,256.0,32.0,4.0,8.0,4.0,1.0,64.0,1.0,4.0,2.0,42360.421,42360.421,42360.421,42360.421,42360.421,6911300.0,1286000.0,2313300.0,6877500.0,1273900.0,2292400.0,8276300.0,1204600.0,2423300.0,6837300.0,1287500.0,2215200.0,6908200.0,1285300.0,2311900.0,6.5777,2.0962,5.4263,6.5129,2.2808,5.3858,6.673,2.6907,5.5964,6.4906,2.5471,5.3605,6.5952,2.1347,5.4485,100
RocketTile_58,3.0,28.0,0.0,32.0,2.0,4.0,4.0,1.0,32.0,4.0,12.0,3.0,42623.8704,42623.8704,42623.8704,42623.8704,42623.8704,6902100.0,1369000.0,2405500.0,6867500.0,1358500.0,2386800.0,8119600.0,1291400.0,2501400.0,6827700.0,1367500.0,2319300.0,6899000.0,1368400.0,2404100.0,6.5264,1.9849,5.366,6.4611,2.1718,5.3185,6.7192,2.7857,5.6599,6.4387,2.5027,5.3043,6.5454,2.0254,5.3899,100
RocketTile_59,3.0,42.0,512.0,64.0,2.0,16.0,4.0,0.0,64.0,4.0,4.0,3.0,51358.6598,51358.6598,51358.6598,51358.6598,51358.6598,8149300.0,1380000.0,2556800.0,8122200.0,1370200.0,2539600.0,9378300.0,1303200.0,2649600.0,8071300.0,1364800.0,2463400.0,8145400.0,1379200.0,2555100.0,6.5384,2.0454,5.3801,6.4793,2.2342,5.3422,6.667,2.677,5.5929,6.478,2.591,5.3493,6.5552,2.0831,5.4044,100
RocketTile_60,12.0,0.0,0.0,64.0,2.0,28.0,4.0,0.0,32.0,1.0,8.0,3.0,32411.34,32411.34,32411.34,32411.34,32411.34,5278300.0,931260.0,1716100.0,5254500.0,923620.0,1702800.0,6383300.0,869840.0,1812300.0,5223600.0,923640.0,1647900.0,5276100.0,930830.0,1715100.0,6.576,2.1344,5.4357,6.5279,2.3308,5.4059,6.701,2.7473,5.6375,6.5056,2.635,5.386,6.5948,2.1735,5.4577,100
RocketTile_61,9.0,28.0,128.0,64.0,2.0,28.0,4.0,1.0,32.0,1.0,24.0,2.0,35622.9662,35622.9662,35622.9662,35622.9662,35622.9662,5660700.0,930960.0,1761800.0,5627300.0,918450.0,1740300.0,7008700.0,846420.0,1869100.0,5572000.0,936570.0,1661700.0,5658200.0,930490.0,1760700.0,6.584,2.1242,5.4437,6.5308,2.3259,5.4098,6.6591,2.6844,5.5855,6.4804,2.5756,5.3569,6.6001,2.1573,5.4649,100
RocketTile_62,3.0,56.0,128.0,64.0,4.0,20.0,4.0,0.0,64.0,2.0,8.0,3.0,53718.4872,53718.4872,53718.4872,53718.4872,53718.4872,8752700.0,1432600.0,2694000.0,8728300.0,1422600.0,2677700.0,9991700.0,1355200.0,2793500.0,8702400.0,1425800.0,2610800.0,8748600.0,1431800.0,2692100.0,6.5288,1.9627,5.3652,6.4708,2.1744,5.3292,6.7631,2.8879,5.7183,6.4184,2.4354,5.2756,6.5474,2.0022,5.3892,100
RocketTile_63,9.0,28.0,1024.0,64.0,1.0,12.0,4.0,0.0,32.0,2.0,28.0,3.0,32202.1181,32202.1181,32202.1181,32202.1181,32202.1181,5338000.0,1081300.0,1885400.0,5307200.0,1070900.0,1867700.0,74427000.0,46520000.0,58118000.0,73108000.0,47349000.0,57926000.0,5336900.0,1081000.0,1884600.0,6.4888,1.8843,5.3158,6.4128,2.0776,5.2614,-178.6353,-365.0809,-219.0279,6.4125,2.4269,5.2679,6.5043,1.9169,5.3356,100
RocketTile_64,3.0,56.0,0.0,64.0,1.0,16.0,8.0,1.0,32.0,4.0,24.0,2.0,38689.5024,38689.5024,38689.5024,38689.5024,38689.5024,6060100.0,1101300.0,1987800.0,6024300.0,1089700.0,1967900.0,7226100.0,1021900.0,2076400.0,5964200.0,1099900.0,1896900.0,6057300.0,1100500.0,1986400.0,6.5032,1.9119,5.3325,6.4623,2.1757,5.3202,6.6802,2.7347,5.6138,6.4316,2.4728,5.2921,6.5232,1.9541,5.3578,100
RocketTile_65,9.0,28.0,128.0,32.0,1.0,32.0,8.0,1.0,32.0,4.0,8.0,2.0,38779.2432,38779.2432,38779.2432,38779.2432,38779.2432,6081800.0,1149000.0,2051600.0,6041100.0,1135800.0,2028800.0,7494500.0,1068600.0,2174100.0,6022000.0,1159100.0,1957000.0,6079200.0,1148100.0,2050000.0,6.5578,2.0474,5.3995,6.4836,2.2151,5.3421,6.6266,2.5881,5.542,6.4776,2.5215,5.3412,6.5766,2.0894,5.4243,100
RocketTile_66,6.0,42.0,0.0,64.0,4.0,20.0,8.0,0.0,64.0,1.0,20.0,2.0,45071.0582,45071.0582,45071.0582,45071.0582,45071.0582,7370400.0,1150200.0,2205700.0,7343000.0,1142200.0,2190600.0,8428700.0,1086000.0,2285200.0,7268300.0,1136300.0,2121600.0,7366800.0,1149400.0,2204000.0,6.4818,1.9032,5.3083,6.4263,2.1117,5.2746,6.7029,2.7728,5.6407,6.3885,2.4058,5.2428,6.5001,1.9421,5.333,100
RocketTile_67,6.0,42.0,1024.0,64.0,2.0,4.0,8.0,0.0,32.0,4.0,28.0,2.0,44824.2984,44824.2984,44824.2984,44824.2984,44824.2984,7256600.0,1348700.0,2399300.0,7233900.0,1339200.0,2384500.0,76411000.0,46789000.0,58643000.0,75046000.0,47617000.0,58445000.0,7252900.0,1348000.0,2397600.0,6.4599,1.8443,5.2783,6.4068,2.0661,5.2503,-178.7999,-365.025,-219.0232,6.394,2.4031,5.2449,6.4778,1.8809,5.3009,100
RocketTile_68,6.0,14.0,0.0,32.0,4.0,4.0,4.0,1.0,64.0,4.0,12.0,2.0,55823.2646,55823.2646,55823.2646,55823.2646,55823.2646,8877100.0,1571300.0,2852500.0,8844000.0,1560500.0,2833900.0,10102000.0,1488200.0,2943200.0,8790700.0,1557600.0,2754100.0,8873200.0,1570600.0,2850800.0,6.4992,1.8862,5.3244,6.4308,2.075,5.2739,6.7373,2.8407,5.6861,6.4009,2.4135,5.2528,6.515,1.9183,5.3436,100
RocketTile_69,9.0,28.0,128.0,32.0,1.0,8.0,4.0,1.0,64.0,2.0,20.0,2.0,33664.3459,33664.3459,33664.3459,33664.3459,33664.3459,5149500.0,889910.0,1652300.0,5110700.0,877550.0,1630500.0,6465000.0,815900.0,1761000.0,5070600.0,900890.0,1559100.0,5146800.0,889130.0,1650800.0,6.6653,2.2536,5.5346,6.597,2.4041,5.4788,6.7856,2.9443,5.7542,6.5431,2.6643,5.422,6.6753,2.277,5.5478,100
RocketTile_70,0.0,42.0,0.0,64.0,1.0,16.0,4.0,0.0,64.0,2.0,4.0,3.0,32728.6066,32728.6066,32728.6066,32728.6066,32728.6066,5114500.0,890580.0,1642900.0,5088100.0,883080.0,1629700.0,6190800.0,834960.0,1742000.0,5063200.0,888680.0,1581200.0,5112200.0,890090.0,1641800.0,6.5973,2.143,5.454,6.5414,2.3299,5.4183,6.6843,2.7474,5.626,6.5091,2.6033,5.3838,6.6134,2.1753,5.4711,100
RocketTile_71,3.0,56.0,128.0,32.0,1.0,16.0,8.0,1.0,64.0,2.0,20.0,2.0,34507.3349,34507.3349,34507.3349,34507.3349,34507.3349,5299500.0,906090.0,1691700.0,5246700.0,892000.0,1663400.0,6603300.0,823270.0,1787400.0,5208800.0,917850.0,1588600.0,5298300.0,905470.0,1690500.0,6.6288,2.1559,5.4878,6.5426,2.3227,5.4168,6.7399,2.8323,5.6849,6.4905,2.5479,5.3575,6.6428,2.1859,5.5061,100
RocketTile_72,6.0,28.0,0.0,32.0,4.0,32.0,4.0,1.0,64.0,2.0,4.0,1.0,44800.1669,44800.1669,44800.1669,44800.1669,44800.1669,7105800.0,1231400.0,2262200.0,7064500.0,1219500.0,2239900.0,8362200.0,1144700.0,2345500.0,7005800.0,1224700.0,2151500.0,7102200.0,1230700.0,2260500.0,6.5652,2.0633,5.4191,6.5219,2.2723,5.3912,6.6961,2.7584,5.636,6.4677,2.5394,5.3391,6.5831,2.1014,5.4396,100
RocketTile_73,9.0,42.0,0.0,32.0,1.0,24.0,4.0,1.0,64.0,1.0,24.0,1.0,25856.1576,25856.1576,25856.1576,25856.1576,25856.1576,3765300.0,608160.0,1147900.0,3730000.0,597090.0,1128700.0,4959200.0,543220.0,1256900.0,3711800.0,615170.0,1076200.0,3763600.0,607680.0,1146900.0,6.6261,2.161,5.4906,6.5549,2.3399,5.4371,6.7031,2.7784,5.6397,6.5219,2.6202,5.4026,6.6403,2.1924,5.5084,100
RocketTile_74,0.0,14.0,512.0,64.0,4.0,16.0,8.0,1.0,32.0,4.0,4.0,1.0,56044.6344,56044.6344,56044.6344,56044.6344,56044.6344,9016900.0,1471400.0,2747500.0,8980200.0,1459700.0,2726800.0,10291000.0,1383600.0,2839200.0,8919600.0,1457500.0,2643100.0,9012600.0,1470600.0,2745600.0,6.5296,1.9969,5.3708,6.4615,2.1815,5.32,6.7218,2.8249,5.6664,6.4588,2.5206,5.3254,6.5454,2.0329,5.3903,100
RocketTile_75,3.0,0.0,0.0,64.0,2.0,32.0,8.0,1.0,32.0,2.0,20.0,1.0,36489.9773,36489.9773,36489.9773,36489.9773,36489.9773,5634500.0,890640.0,1690800.0,5594000.0,878600.0,1669900.0,6840700.0,813360.0,1786500.0,5547100.0,892060.0,1602300.0,5631900.0,890150.0,1689700.0,6.5429,2.022,5.3876,6.4788,2.2247,5.3462,6.5871,2.5566,5.4979,6.4428,2.491,5.3061,6.56,2.058,5.4096,100
RocketTile_76,9.0,28.0,256.0,32.0,1.0,32.0,8.0,1.0,64.0,2.0,32.0,3.0,35955.5544,35955.5544,35955.5544,35955.5544,35955.5544,5690100.0,1049200.0,1906300.0,5654900.0,1035900.0,1883900.0,7080500.0,967390.0,2023600.0,5625000.0,1059600.0,1811600.0,5687100.0,1048400.0,1904700.0,6.5673,2.0971,5.4138,6.501,2.2857,5.3713,6.6136,2.5791,5.5271,6.496,2.6091,5.3717,6.5849,2.1357,5.4369,100
RocketTile_77,6.0,0.0,128.0,64.0,2.0,12.0,4.0,0.0,64.0,2.0,8.0,1.0,36289.6747,36289.6747,36289.6747,36289.6747,36289.6747,5457700.0,811410.0,1568100.0,5430800.0,803690.0,1554400.0,6540300.0,757970.0,1669600.0,5425500.0,803580.0,1508000.0,5455100.0,810910.0,1566900.0,6.6378,2.1946,5.4944,6.5618,2.3713,5.4415,6.751,2.8382,5.698,6.5327,2.681,5.4161,6.656,2.2317,5.517,100
RocketTile_78,0.0,56.0,0.0,64.0,1.0,20.0,8.0,0.0,32.0,1.0,8.0,3.0,26158.0478,26158.0478,26158.0478,26158.0478,26158.0478,4173400.0,770160.0,1408400.0,4148100.0,762850.0,1394500.0,5256700.0,721800.0,1509000.0,4115900.0,775250.0,1347400.0,4171900.0,769900.0,1407700.0,6.584,2.144,5.4616,6.5355,2.3287,5.415,6.6906,2.7384,5.6235,6.5158,2.6361,5.3989,6.5981,2.1783,5.4847,100
RocketTile_79,12.0,28.0,512.0,64.0,1.0,32.0,4.0,1.0,64.0,1.0,8.0,3.0,32898.1565,32898.1565,32898.1565,32898.1565,32898.1565,5324000.0,978350.0,1787000.0,5279200.0,963530.0,1761100.0,6639500.0,891960.0,1887100.0,5236500.0,979210.0,1681700.0,5320100.0,977250.0,1784800.0,6.5772,2.1039,5.4258,6.5281,2.322,5.4021,6.7453,2.8507,5.6927,6.4687,2.5722,5.3399,6.5943,2.1403,5.4474,100
RocketTile_80,0.0,42.0,128.0,32.0,1.0,12.0,8.0,1.0,64.0,2.0,24.0,3.0,33794.388,33794.388,33794.388,33794.388,33794.388,5339400.0,983170.0,1786300.0,5299500.0,971700.0,1765800.0,6529000.0,903470.0,1876200.0,5228400.0,981400.0,1690000.0,5337300.0,982430.0,1784900.0,6.5525,2.0164,5.3908,6.4999,2.2215,5.3582,6.6882,2.7299,5.6231,6.4385,2.4391,5.2876,6.5725,2.0601,5.4166,100
RocketTile_81,9.0,14.0,0.0,32.0,2.0,4.0,4.0,0.0,32.0,4.0,4.0,1.0,37230.6672,37230.6672,37230.6672,37230.6672,37230.6672,5746500.0,1061800.0,1884100.0,5725100.0,1053800.0,1871000.0,6811200.0,1003800.0,1979000.0,5675900.0,1050600.0,1815300.0,5743800.0,1061300.0,1882900.0,6.5498,2.0395,5.3932,6.4843,2.2518,5.3529,6.7158,2.8053,5.6634,6.4524,2.5049,5.3173,6.5699,2.0852,5.4193,100
RocketTile_82,9.0,28.0,512.0,32.0,1.0,28.0,8.0,0.0,32.0,2.0,12.0,1.0,27149.3006,27149.3006,27149.3006,27149.3006,27149.3006,4115500.0,775430.0,1368100.0,4091300.0,766440.0,1353600.0,5238200.0,712810.0,1466700.0,4067200.0,763830.0,1296800.0,4115000.0,775320.0,1367700.0,6.6235,2.1371,5.4796,6.5778,2.3587,5.4583,6.6717,2.6906,5.597,6.4839,2.5064,5.3472,6.6443,2.1834,5.507,100
RocketTile_83,12.0,0.0,1024.0,32.0,1.0,20.0,8.0,0.0,64.0,2.0,24.0,3.0,30996.9374,30996.9374,30996.9374,30996.9374,30996.9374,4846100.0,890860.0,1614200.0,4821700.0,883170.0,1600700.0,5935500.0,836870.0,1714800.0,4775700.0,889750.0,1548400.0,4844100.0,890490.0,1613300.0,6.4215,1.7517,5.2325,6.3556,1.9557,5.188,6.6858,2.7254,5.6215,6.3481,2.3036,5.1877,6.437,1.7868,5.2524,100
RocketTile_84,3.0,28.0,128.0,64.0,4.0,4.0,8.0,0.0,32.0,2.0,32.0,1.0,47332.9915,47332.9915,47332.9915,47332.9915,47332.9915,7598700.0,1206700.0,2276800.0,7574000.0,1197600.0,2261700.0,8767700.0,1132300.0,2367800.0,7542000.0,1188500.0,2191400.0,7594900.0,1205900.0,2275100.0,6.523,1.9696,5.3589,6.4699,2.1851,5.3299,6.7228,2.7885,5.6623,6.4104,2.4498,5.2703,6.5363,1.9966,5.3755,100
RocketTile_85,9.0,14.0,1024.0,64.0,4.0,16.0,8.0,0.0,32.0,4.0,4.0,2.0,56711.3702,56711.3702,56711.3702,56711.3702,56711.3702,9442200.0,1679400.0,3045500.0,9416200.0,1668900.0,3028900.0,78512000.0,47109000.0,59252000.0,77195000.0,47929000.0,59061000.0,9437700.0,1678400.0,3043500.0,6.598,2.1429,5.4535,6.5316,2.326,5.4066,-178.6169,-365.0433,-218.9912,6.4937,2.6238,5.3727,6.612,2.1722,5.4717,100
RocketTile_86,3.0,0.0,0.0,64.0,2.0,24.0,4.0,1.0,64.0,4.0,12.0,2.0,50883.8544,50883.8544,50883.8544,50883.8544,50883.8544,7827500.0,1230200.0,2342700.0,7789100.0,1219100.0,2322200.0,9233300.0,1150600.0,2465500.0,7775800.0,1229400.0,2253500.0,7823700.0,1229500.0,2341000.0,6.4573,1.833,5.2795,6.3922,2.0295,5.2313,6.6488,2.666,5.575,6.3633,2.3413,5.2089,6.4715,1.866,5.2966,100
RocketTile_87,12.0,42.0,128.0,32.0,4.0,4.0,8.0,0.0,64.0,4.0,32.0,2.0,55328.2128,55328.2128,55328.2128,55328.2128,55328.2128,8794300.0,1559200.0,2824500.0,8761700.0,1548800.0,2806200.0,10079000.0,1474300.0,2923600.0,8709000.0,1542000.0,2727100.0,8790100.0,1558300.0,2822600.0,6.4797,1.9855,5.3685,6.4686,2.1933,5.3304,6.6779,2.718,5.607,6.463,2.5221,5.3315,6.501,2.0259,5.3925,100
RocketTile_88,9.0,28.0,256.0,64.0,4.0,32.0,8.0,1.0,32.0,4.0,8.0,1.0,58111.6003,58111.6003,58111.6003,58111.6003,58111.6003,9386700.0,1542500.0,2871800.0,9352200.0,1529300.0,2850100.0,10767000.0,1442500.0,2969200.0,9286900.0,1530700.0,2755300.0,9382200.0,1541600.0,2869700.0,6.5942,2.1418,5.4461,6.5594,2.3502,5.4338,6.7189,2.7871,5.6608,6.5108,2.6492,5.3884,6.6095,2.1722,5.4652,100
RocketTile_89,3.0,14.0,128.0,32.0,1.0,4.0,8.0,1.0,32.0,4.0,8.0,3.0,39126.2227,39126.2227,39126.2227,39126.2227,39126.2227,6351000.0,1259100.0,2226500.0,6303900.0,1247200.0,2203700.0,7581200.0,1179900.0,2314400.0,6243000.0,1260000.0,2120400.0,6350200.0,1258300.0,2225100.0,6.5805,2.0735,5.426,6.4957,2.2304,5.3604,6.6673,2.7479,5.61,6.4644,2.537,5.3332,6.5992,2.1156,5.4502,100
RocketTile_90,9.0,0.0,256.0,64.0,4.0,16.0,8.0,1.0,64.0,1.0,32.0,2.0,47920.9306,47920.9306,47920.9306,47920.9306,47920.9306,7779100.0,1222500.0,2336900.0,7745300.0,1210900.0,2317700.0,8969700.0,1138100.0,2422200.0,7712700.0,1213800.0,2245100.0,7775400.0,1221800.0,2335200.0,6.5564,2.0466,5.4002,6.4925,2.2465,5.3575,6.6448,2.6364,5.5674,6.4847,2.5934,5.359,6.5742,2.0838,5.4223,100
RocketTile_91,9.0,28.0,128.0,32.0,1.0,8.0,8.0,1.0,32.0,4.0,32.0,3.0,39824.7782,39824.7782,39824.7782,39824.7782,39824.7782,6430400.0,1272100.0,2253300.0,6389100.0,1259300.0,2229500.0,7728600.0,1188000.0,2344800.0,6318400.0,1274400.0,2139500.0,6427200.0,1271200.0,2251600.0,6.542,1.9968,5.3831,6.4948,2.222,5.3588,6.703,2.7827,5.6551,6.4103,2.3846,5.2589,6.5564,2.0297,5.4029,100
RocketTile_92,12.0,0.0,128.0,64.0,4.0,8.0,8.0,1.0,32.0,2.0,20.0,2.0,50042.808,50042.808,50042.808,50042.808,50042.808,8165400.0,1342600.0,2516300.0,8132700.0,1330400.0,2496400.0,9380000.0,1255700.0,2602600.0,8076000.0,1329300.0,2416900.0,8161600.0,1341800.0,2514500.0,6.5876,2.1166,5.4401,6.5259,2.3239,5.4005,6.6591,2.6542,5.5826,6.5167,2.641,5.3934,6.6072,2.1576,5.4646,100
RocketTile_93,0.0,56.0,128.0,32.0,4.0,32.0,8.0,0.0,64.0,2.0,4.0,2.0,43181.8776,43181.8776,43181.8776,43181.8776,43181.8776,6981600.0,1274200.0,2290400.0,6959600.0,1265800.0,2277200.0,8071000.0,1205400.0,2375600.0,6870300.0,1256100.0,2204300.0,6978300.0,1273500.0,2288900.0,6.5032,1.955,5.3338,6.433,2.1447,5.2876,6.6681,2.7159,5.5982,6.4608,2.545,5.3264,6.5174,1.9846,5.352,100
RocketTile_94,3.0,14.0,512.0,32.0,1.0,8.0,8.0,1.0,64.0,2.0,16.0,2.0,33622.5398,33622.5398,33622.5398,33622.5398,33622.5398,5263500.0,950610.0,1725800.0,5230900.0,937760.0,1705300.0,6564800.0,864130.0,1823700.0,5141000.0,937850.0,1616400.0,5262800.0,950050.0,1724800.0,6.6345,2.2076,5.503,6.5656,2.3775,5.4521,6.7436,2.8427,5.6915,6.498,2.634,5.3779,6.6532,2.246,5.5257,100
RocketTile_95,12.0,14.0,512.0,64.0,1.0,32.0,8.0,0.0,64.0,4.0,24.0,3.0,44578.1952,44578.1952,44578.1952,44578.1952,44578.1952,6980400.0,1226000.0,2237500.0,6953100.0,1216600.0,2221000.0,8150500.0,1156900.0,2333400.0,6944100.0,1210500.0,2157900.0,6977900.0,1225500.0,2236100.0,6.4788,1.8801,5.306,6.3957,2.045,5.2392,6.7067,2.7658,5.6443,6.3838,2.3952,5.2357,6.495,1.9131,5.3268,100
RocketTile_96,9.0,42.0,512.0,64.0,1.0,32.0,8.0,1.0,64.0,1.0,12.0,3.0,33238.5696,33238.5696,33238.5696,33238.5696,33238.5696,5368100.0,983430.0,1794200.0,5327200.0,969560.0,1770400.0,6712900.0,894440.0,1899800.0,5276600.0,984060.0,1690100.0,5367500.0,982930.0,1793200.0,6.5756,2.0903,5.4229,6.517,2.2939,5.3856,6.7102,2.7864,5.6498,6.4577,2.5338,5.3234,6.5906,2.1222,5.4423,100
RocketTile_97,0.0,56.0,1024.0,64.0,1.0,12.0,8.0,0.0,64.0,1.0,24.0,2.0,26194.9291,26194.9291,26194.9291,26194.9291,26194.9291,3997300.0,659520.0,1244700.0,3967600.0,651360.0,1229200.0,5073300.0,608440.0,1344300.0,3923700.0,656690.0,1178800.0,3995400.0,659100.0,1243800.0,6.5946,2.0953,5.4453,6.528,2.29,5.3978,6.7661,2.9049,5.7269,6.4693,2.5645,5.3426,6.6137,2.135,5.4692,100
RocketTile_98,9.0,0.0,512.0,64.0,4.0,12.0,8.0,0.0,32.0,4.0,24.0,1.0,53364.4488,53364.4488,53364.4488,53364.4488,53364.4488,8578200.0,1397600.0,2609700.0,8548700.0,1390100.0,2595100.0,9607500.0,1333800.0,2683200.0,8482600.0,1379900.0,2522800.0,8573900.0,1396700.0,2607700.0,6.5858,2.0901,5.4358,6.5066,2.2387,5.3713,6.7508,2.9146,5.7172,6.4296,2.4232,5.2825,6.6026,2.1255,5.457,100
RocketTile_99,3.0,42.0,0.0,64.0,2.0,20.0,4.0,0.0,64.0,4.0,24.0,1.0,46497.3624,46497.3624,46497.3624,46497.3624,46497.3624,7037100.0,1052900.0,2026100.0,7006000.0,1044500.0,2010800.0,8204900.0,983960.0,2123000.0,6945600.0,1031400.0,1939000.0,7033300.0,1052200.0,2024400.0,6.5286,1.9855,5.37,6.4508,2.1478,5.3036,6.6975,2.7631,5.635,6.4147,2.45,5.2719,6.5442,2.0229,5.3936,100
RocketTile_100,6.0,42.0,128.0,32.0,1.0,8.0,8.0,0.0,32.0,1.0,12.0,1.0,23416.7947,23416.7947,23416.7947,23416.7947,23416.7947,3412300.0,590900.0,1087100.0,3385700.0,581560.0,1071500.0,4561500.0,537780.0,1196900.0,3371200.0,597130.0,1025000.0,3410900.0,590550.0,1086400.0,6.6179,2.1602,5.4758,6.531,2.3213,5.4089,6.7237,2.804,5.6663,6.4977,2.5577,5.3645,6.638,2.1969,5.5018,100
RocketTile_101,6.0,0.0,128.0,32.0,1.0,20.0,8.0,1.0,64.0,1.0,32.0,1.0,25837.8264,25837.8264,25837.8264,25837.8264,25837.8264,3772500.0,609670.0,1153800.0,3735300.0,598450.0,1133300.0,4947900.0,543350.0,1255300.0,3694700.0,612930.0,1072300.0,3770400.0,609040.0,1152600.0,6.6139,2.1309,5.4733,6.5386,2.2994,5.4139,6.7263,2.7911,5.6628,6.466,2.5067,5.3351,6.6328,2.1711,5.496,100
RocketTile_102,9.0,56.0,256.0,64.0,2.0,4.0,4.0,1.0,64.0,2.0,28.0,1.0,41022.6538,41022.6538,41022.6538,41022.6538,41022.6538,6267400.0,948810.0,1833300.0,6229100.0,936130.0,1810500.0,7611900.0,862990.0,1936500.0,6174900.0,948770.0,1729800.0,6264400.0,948190.0,1831900.0,6.4879,1.9171,5.3139,6.406,2.0826,5.2487,6.6358,2.6155,5.5524,6.37,2.3534,5.2154,6.506,1.9557,5.3364,100
RocketTile_103,0.0,28.0,1024.0,64.0,1.0,12.0,8.0,1.0,32.0,1.0,16.0,2.0,27439.7544,27439.7544,27439.7544,27439.7544,27439.7544,4268200.0,728600.0,1372700.0,4231500.0,717900.0,1352000.0,5496300.0,661380.0,1472400.0,4155700.0,735090.0,1278800.0,4266300.0,728080.0,1371700.0,6.4438,1.8022,5.2588,6.3836,2.0112,5.2194,6.7192,2.7784,5.6572,6.3889,2.3603,5.2347,6.4623,1.8399,5.2826,100
RocketTile_104,3.0,0.0,512.0,64.0,4.0,4.0,8.0,0.0,64.0,4.0,8.0,2.0,60592.0306,60592.0306,60592.0306,60592.0306,60592.0306,9624300.0,1497400.0,2849300.0,9597900.0,1488500.0,2834200.0,10703000.0,1426200.0,2928500.0,9550200.0,1476600.0,2765200.0,9619700.0,1496500.0,2847200.0,6.4995,1.9337,5.3295,6.4343,2.1263,5.2845,6.742,2.8488,5.6916,6.4023,2.4287,5.2577,6.516,1.9705,5.35,100
RocketTile_105,12.0,14.0,128.0,32.0,2.0,4.0,8.0,1.0,64.0,1.0,20.0,2.0,32749.236,32749.236,32749.236,32749.236,32749.236,5111300.0,919460.0,1678500.0,5076000.0,908110.0,1658100.0,6413400.0,843030.0,1787700.0,5044400.0,922920.0,1591700.0,5109100.0,919000.0,1677400.0,6.6514,2.1712,5.5094,6.6044,2.3858,5.4847,6.615,2.601,5.5321,6.5728,2.6612,5.4494,6.6659,2.2021,5.5279,100
RocketTile_106,6.0,28.0,1024.0,64.0,1.0,12.0,8.0,0.0,64.0,4.0,8.0,2.0,43963.3886,43963.3886,43963.3886,43963.3886,43963.3886,6836400.0,1198300.0,2173800.0,6808100.0,1187200.0,2156100.0,75959000.0,46635000.0,58408000.0,74619000.0,47458000.0,58210000.0,6834100.0,1197800.0,2172500.0,6.5097,1.9284,5.3408,6.4408,2.1242,5.293,-178.7876,-364.8822,-218.9779,6.4264,2.47,5.2887,6.5286,1.9677,5.3637,100
RocketTile_107,0.0,42.0,128.0,64.0,2.0,28.0,8.0,0.0,32.0,1.0,32.0,2.0,31057.1842,31057.1842,31057.1842,31057.1842,31057.1842,4928900.0,810930.0,1529000.0,4893700.0,801910.0,1511900.0,5957900.0,753920.0,1613700.0,4825800.0,803440.0,1453500.0,4926800.0,810530.0,1528000.0,6.5666,2.0137,5.4149,6.4784,2.1834,5.3426,6.5767,2.4754,5.4776,6.4371,2.427,5.2965,6.5848,2.0535,5.438,100
RocketTile_108,12.0,14.0,0.0,64.0,4.0,8.0,8.0,0.0,32.0,2.0,4.0,3.0,48769.2,48769.2,48769.2,48769.2,48769.2,8103700.0,1385400.0,2566200.0,8081500.0,1377300.0,2552600.0,9262500.0,1318200.0,2661100.0,8046000.0,1371400.0,2487500.0,8099800.0,1384500.0,2564400.0,6.5274,1.9788,5.3634,6.4737,2.196,5.3323,6.6814,2.7219,5.613,6.4489,2.4552,5.3027,6.5433,2.0128,5.3834,100
RocketTile_109,0.0,56.0,128.0,32.0,2.0,24.0,4.0,1.0,32.0,2.0,32.0,3.0,35735.1696,35735.1696,35735.1696,35735.1696,35735.1696,5824600.0,1144500.0,2032400.0,5785700.0,1133200.0,2012200.0,7065200.0,1064000.0,2128600.0,5743600.0,1146700.0,1941100.0,5822000.0,1144000.0,2031200.0,6.6023,2.148,5.4639,6.5309,2.3273,5.4127,6.7193,2.7953,5.6609,6.495,2.5719,5.3652,6.6154,2.1791,5.4807,100
RocketTile_110,3.0,42.0,1024.0,32.0,1.0,20.0,8.0,0.0,64.0,1.0,8.0,1.0,25669.3162,25669.3162,25669.3162,25669.3162,25669.3162,3929500.0,729020.0,1301600.0,3910400.0,720000.0,1287900.0,72911000.0,46181000.0,57524000.0,71712000.0,47003000.0,57351000.0,3927800.0,728610.0,1300700.0,6.5116,1.9485,5.3431,6.4488,2.1403,5.3022,-178.5376,-364.5782,-218.8335,6.4136,2.389,5.2618,6.5282,1.9816,5.3639,100
RocketTile_111,3.0,28.0,0.0,32.0,2.0,32.0,4.0,1.0,32.0,2.0,20.0,3.0,35912.3256,35912.3256,35912.3256,35912.3256,35912.3256,5888300.0,1146200.0,2050900.0,5845700.0,1133900.0,2027700.0,7074000.0,1065700.0,2131600.0,5765100.0,1151300.0,1945500.0,5885800.0,1145700.0,2049800.0,6.575,2.0695,5.4226,6.5127,2.2489,5.3749,6.6058,2.5693,5.5143,6.4994,2.5634,5.3675,6.5898,2.1028,5.4417,100
RocketTile_112,0.0,56.0,128.0,32.0,2.0,20.0,8.0,1.0,64.0,4.0,8.0,1.0,45796.2077,45796.2077,45796.2077,45796.2077,45796.2077,6895500.0,1121300.0,2092100.0,6857000.0,1109400.0,2071200.0,8076700.0,1039000.0,2177000.0,6806400.0,1115000.0,1996400.0,6892200.0,1120700.0,2090500.0,6.5904,2.1083,5.4467,6.5314,2.3082,5.4094,6.7471,2.8523,5.6947,6.5239,2.6019,5.4011,6.6137,2.1554,5.4754,100
RocketTile_113,6.0,14.0,0.0,64.0,2.0,16.0,4.0,0.0,64.0,2.0,4.0,2.0,37614.8563,37614.8563,37614.8563,37614.8563,37614.8563,5822300.0,918290.0,1751300.0,5798600.0,911170.0,1737900.0,6868400.0,864160.0,1840500.0,5757000.0,915260.0,1684000.0,5819700.0,917820.0,1750200.0,6.656,2.2423,5.5289,6.6099,2.4254,5.4958,6.7042,2.7535,5.6394,6.5365,2.6758,5.4137,6.6715,2.2744,5.5478,100
RocketTile_114,3.0,28.0,0.0,64.0,2.0,24.0,4.0,1.0,64.0,4.0,32.0,1.0,49365.949,49365.949,49365.949,49365.949,49365.949,7444300.0,1114500.0,2150600.0,7410300.0,1103300.0,2131000.0,8736400.0,1037100.0,2257000.0,7417500.0,1114500.0,2067900.0,7440800.0,1113800.0,2149100.0,6.6044,2.14,5.4673,6.5516,2.3541,5.4354,6.7431,2.8377,5.6887,6.4996,2.6207,5.3815,6.6194,2.1729,5.4846,100
RocketTile_115,0.0,28.0,256.0,32.0,4.0,32.0,4.0,0.0,64.0,2.0,32.0,1.0,41784.4656,41784.4656,41784.4656,41784.4656,41784.4656,6595400.0,1159600.0,2104200.0,6577500.0,1152100.0,2092200.0,7629500.0,1097800.0,2183700.0,6520600.0,1144700.0,2026500.0,6592300.0,1158900.0,2102800.0,6.5761,2.1225,5.4327,6.5238,2.3219,5.4018,6.6923,2.7409,5.632,6.4777,2.5449,5.3466,6.5946,2.1598,5.4553,100
RocketTile_116,12.0,56.0,128.0,32.0,4.0,12.0,8.0,0.0,32.0,4.0,24.0,1.0,48562.7141,48562.7141,48562.7141,48562.7141,48562.7141,7794400.0,1464700.0,2590000.0,7758500.0,1454200.0,2571500.0,9010200.0,1386200.0,2685300.0,7711000.0,1451000.0,2496700.0,7790700.0,1463800.0,2588300.0,6.5167,1.941,5.3464,6.4625,2.1572,5.3152,6.7054,2.7725,5.6537,6.3883,2.3456,5.231,6.5343,1.9788,5.3687,100
RocketTile_117,12.0,0.0,128.0,32.0,1.0,8.0,8.0,1.0,64.0,1.0,24.0,1.0,25537.7966,25537.7966,25537.7966,25537.7966,25537.7966,3733600.0,603630.0,1148200.0,3705300.0,593830.0,1130600.0,4868300.0,540080.0,1239500.0,3660800.0,608420.0,1065700.0,3732000.0,603230.0,1147400.0,6.5025,1.9103,5.3294,6.4337,2.1072,5.2815,6.735,2.842,5.6806,6.4071,2.4275,5.264,6.5179,1.9459,5.3496,100
RocketTile_118,6.0,0.0,512.0,32.0,2.0,32.0,4.0,1.0,64.0,4.0,12.0,2.0,47512.008,47512.008,47512.008,47512.008,47512.008,7329300.0,1238300.0,2300900.0,7290800.0,1226400.0,2279200.0,8675100.0,1157800.0,2408000.0,7262200.0,1240600.0,2203800.0,7325900.0,1237700.0,2299400.0,6.5128,1.9383,5.3476,6.4543,2.148,5.3058,6.7221,2.8066,5.6676,6.4053,2.4365,5.2625,6.5286,1.9735,5.3688,100
RocketTile_119,0.0,42.0,128.0,64.0,1.0,20.0,4.0,0.0,32.0,2.0,20.0,3.0,29834.4384,29834.4384,29834.4384,29834.4384,29834.4384,4775400.0,890730.0,1614600.0,4749600.0,883110.0,1600200.0,5863300.0,841570.0,1714400.0,4714900.0,893590.0,1548100.0,4773500.0,890410.0,1613700.0,6.5428,1.9876,5.3764,6.4714,2.1726,5.3281,6.7433,2.8468,5.6918,6.4315,2.4807,5.2959,6.5592,2.0226,5.3997,100
RocketTile_120,9.0,0.0,128.0,64.0,1.0,24.0,4.0,0.0,64.0,1.0,20.0,2.0,26176.4885,26176.4885,26176.4885,26176.4885,26176.4885,3988000.0,657260.0,1241200.0,3960800.0,649600.0,1226900.0,5078400.0,608450.0,1345600.0,3929700.0,656740.0,1179700.0,3985800.0,656830.0,1240100.0,6.6714,2.2761,5.5453,6.5528,2.3343,5.4318,6.7354,2.831,5.684,6.5254,2.6893,5.4144,6.687,2.3093,5.5648,100
RocketTile_121,0.0,28.0,0.0,32.0,2.0,4.0,4.0,1.0,64.0,2.0,16.0,2.0,36533.5344,36533.5344,36533.5344,36533.5344,36533.5344,5644100.0,991690.0,1815600.0,5611300.0,981140.0,1797300.0,6823700.0,922210.0,1914500.0,5605800.0,993710.0,1741700.0,5641400.0,991150.0,1814400.0,6.5557,2.0289,5.3946,6.5033,2.2387,5.3647,6.6043,2.5479,5.5081,6.4638,2.5518,5.3304,6.5733,2.0632,5.4167,100
RocketTile_122,0.0,56.0,512.0,64.0,1.0,28.0,4.0,1.0,32.0,2.0,8.0,3.0,33068.1442,33068.1442,33068.1442,33068.1442,33068.1442,5320500.0,991700.0,1799500.0,5282100.0,979910.0,1778600.0,6553600.0,915620.0,1899300.0,5236400.0,997700.0,1709200.0,5318200.0,991070.0,1798200.0,6.6065,2.1206,5.4655,6.5335,2.295,5.4096,6.7303,2.8391,5.6859,6.4989,2.5423,5.3684,6.6202,2.1537,5.4838,100
RocketTile_123,6.0,56.0,1024.0,32.0,4.0,16.0,8.0,0.0,32.0,4.0,20.0,2.0,50672.9362,50672.9362,50672.9362,50672.9362,50672.9362,8448500.0,1708600.0,2951300.0,8420800.0,1697900.0,2934500.0,77663000.0,47131000.0,59185000.0,76212000.0,47967000.0,58978000.0,8444500.0,1707700.0,2949400.0,6.5844,2.1357,5.4403,6.5212,2.307,5.3935,-178.6459,-365.0724,-219.0074,6.4741,2.5748,5.3439,6.5979,2.1632,5.4582,100
RocketTile_124,0.0,42.0,0.0,64.0,1.0,24.0,4.0,1.0,64.0,2.0,4.0,1.0,32769.8654,32769.8654,32769.8654,32769.8654,32769.8654,4857800.0,731270.0,1416300.0,4823100.0,720070.0,1396700.0,6051900.0,656870.0,1511900.0,4756600.0,728820.0,1322900.0,4855400.0,730580.0,1415000.0,6.6191,2.1711,5.477,6.5495,2.3362,5.422,6.7331,2.8362,5.6885,6.4946,2.5711,5.3608,6.6344,2.2057,5.4961,100
RocketTile_125,6.0,14.0,0.0,64.0,4.0,8.0,4.0,1.0,64.0,2.0,20.0,1.0,51332.832,51332.832,51332.832,51332.832,51332.832,8115800.0,1221500.0,2352600.0,8085200.0,1211200.0,2335600.0,9310500.0,1135700.0,2438600.0,8032800.0,1205700.0,2256900.0,8111900.0,1220800.0,2350900.0,6.5933,2.1076,5.4486,6.5174,2.277,5.3897,6.721,2.8253,5.6672,6.4933,2.5791,5.368,6.6106,2.1427,5.4702,100
RocketTile_126,6.0,0.0,512.0,32.0,2.0,32.0,4.0,0.0,64.0,1.0,28.0,3.0,30341.2824,30341.2824,30341.2824,30341.2824,30341.2824,4876600.0,931820.0,1670100.0,4855000.0,925020.0,1657900.0,5971600.0,876980.0,1770700.0,4832200.0,932060.0,1609800.0,4874400.0,931340.0,1669100.0,6.5676,2.0199,5.4078,6.4963,2.2298,5.3639,6.7626,2.8583,5.7139,6.4713,2.4976,5.3381,6.581,2.047,5.423,100
RocketTile_127,3.0,28.0,256.0,32.0,2.0,8.0,4.0,0.0,64.0,2.0,16.0,2.0,35558.4514,35558.4514,35558.4514,35558.4514,35558.4514,5523800.0,984650.0,1790800.0,5497200.0,975780.0,1774800.0,6691800.0,921930.0,1892300.0,5496700.0,982050.0,1722600.0,5521200.0,984120.0,1789600.0,6.4936,1.9126,5.3204,6.4164,2.0931,5.2646,6.6725,2.7016,5.5994,6.3869,2.4061,5.2412,6.5129,1.9523,5.3443,100
RocketTile_128,6.0,14.0,512.0,64.0,2.0,32.0,8.0,0.0,32.0,4.0,16.0,2.0,43619.364,43619.364,43619.364,43619.364,43619.364,6994200.0,1261600.0,2277900.0,6969200.0,1252500.0,2262300.0,8172400.0,1192700.0,2370600.0,6911600.0,1243300.0,2188900.0,6990900.0,1261000.0,2276400.0,6.6416,2.1889,5.5016,6.5657,2.36,5.4423,6.6745,2.7002,5.6048,6.5001,2.5629,5.3681,6.6557,2.218,5.5196,100
RocketTile_129,12.0,56.0,1024.0,32.0,1.0,8.0,8.0,0.0,64.0,1.0,12.0,2.0,27576.0893,27576.0893,27576.0893,27576.0893,27576.0893,4380100.0,856610.0,1508800.0,4354500.0,846000.0,1492400.0,73470000.0,46296000.0,57740000.0,72175000.0,47130000.0,57555000.0,4378100.0,856070.0,1507800.0,6.5777,2.0988,5.428,6.5175,2.2989,5.3909,-178.7835,-364.7477,-218.9843,6.5166,2.6611,5.3983,6.5974,2.1395,5.4526,100
RocketTile_130,0.0,42.0,1024.0,32.0,4.0,8.0,8.0,1.0,32.0,2.0,8.0,2.0,42940.3162,42940.3162,42940.3162,42940.3162,42940.3162,7036900.0,1350700.0,2393300.0,7003400.0,1339400.0,2374300.0,8221500.0,1268600.0,2479100.0,6949400.0,1340200.0,2296000.0,7033800.0,1350000.0,2391800.0,6.566,2.0362,5.4082,6.5126,2.247,5.3754,6.7106,2.8084,5.663,6.4791,2.5188,5.3421,6.5834,2.0747,5.4313,100
RocketTile_131,6.0,14.0,256.0,32.0,2.0,24.0,4.0,1.0,64.0,1.0,4.0,3.0,34660.1952,34660.1952,34660.1952,34660.1952,34660.1952,5633000.0,1076000.0,1935800.0,5600100.0,1063800.0,1915200.0,6886200.0,995720.0,2031300.0,5552000.0,1081300.0,1839700.0,5630500.0,1075500.0,1934600.0,6.4775,1.8467,5.3039,6.4189,2.0435,5.2643,6.7369,2.8386,5.6851,6.3902,2.3327,5.2362,6.4916,1.8786,5.3229,100
RocketTile_132,12.0,56.0,512.0,64.0,2.0,16.0,8.0,1.0,64.0,2.0,16.0,3.0,44776.0354,44776.0354,44776.0354,44776.0354,44776.0354,7241200.0,1239200.0,2310200.0,7198600.0,1224700.0,2284700.0,8618900.0,1143300.0,2404500.0,7149200.0,1238800.0,2195700.0,7237900.0,1238500.0,2308700.0,6.6211,2.151,5.4795,6.5724,2.3707,5.4562,6.5569,2.4687,5.4547,6.536,2.6215,5.4148,6.6356,2.1826,5.4999,100
RocketTile_133,3.0,56.0,0.0,64.0,1.0,16.0,8.0,0.0,64.0,4.0,20.0,3.0,43011.2333,43011.2333,43011.2333,43011.2333,43011.2333,6667200.0,1134600.0,2098200.0,6643600.0,1125700.0,2083400.0,7815400.0,1072900.0,2200200.0,6596300.0,1123400.0,2020900.0,6664300.0,1134100.0,2096900.0,6.5249,2.0721,5.4232,6.513,2.2678,5.3833,6.6849,2.7401,5.6271,6.4702,2.5566,5.343,6.5412,2.1086,5.4452,100
RocketTile_134,3.0,28.0,256.0,32.0,4.0,28.0,8.0,0.0,64.0,4.0,24.0,1.0,53528.1437,53528.1437,53528.1437,53528.1437,53528.1437,8379000.0,1453100.0,2637400.0,8354700.0,1443500.0,2622100.0,9490200.0,1374200.0,2715800.0,8290600.0,1431300.0,2546300.0,8374900.0,1452200.0,2635500.0,6.5246,1.9625,5.3605,6.45,2.1549,5.3087,6.7676,2.9083,5.7291,6.44,2.4829,5.3044,6.5433,2.0027,5.3845,100
RocketTile_135,12.0,42.0,512.0,32.0,4.0,16.0,8.0,1.0,64.0,1.0,28.0,3.0,44776.0354,44776.0354,44776.0354,44776.0354,44776.0354,7578000.0,1466600.0,2621900.0,7528100.0,1452300.0,2595400.0,8863000.0,1376000.0,2700600.0,7431200.0,1462200.0,2493700.0,7574500.0,1465900.0,2620300.0,6.4829,1.899,5.3106,6.4314,2.1213,5.2802,6.636,2.602,5.5532,6.4446,2.5109,5.3084,6.4984,1.9339,5.3313,100
RocketTile_136,9.0,28.0,512.0,32.0,2.0,20.0,8.0,0.0,64.0,1.0,28.0,1.0,29492.3837,29492.3837,29492.3837,29492.3837,29492.3837,4523800.0,805140.0,1459400.0,4493600.0,795480.0,1442200.0,5673500.0,739880.0,1554000.0,4439900.0,791660.0,1376300.0,4521700.0,804720.0,1458400.0,6.5188,2.09,5.4216,6.518,2.3014,5.3891,6.6665,2.6738,5.5901,6.4891,2.5939,5.3622,6.537,2.1243,5.442,100
RocketTile_137,9.0,42.0,512.0,64.0,4.0,20.0,4.0,1.0,32.0,2.0,24.0,3.0,54015.097,54015.097,54015.097,54015.097,54015.097,9090600.0,1583500.0,2921100.0,9044900.0,1568900.0,2895100.0,10493000.0,1483500.0,3016600.0,8958100.0,1571300.0,2795000.0,9086400.0,1582600.0,2919100.0,6.447,1.8317,5.271,6.4068,2.074,5.2552,6.701,2.7503,5.6337,6.3975,2.3977,5.2517,6.4706,1.8831,5.3032,100
RocketTile_138,9.0,0.0,0.0,32.0,1.0,32.0,4.0,1.0,64.0,4.0,4.0,2.0,42987.5942,42987.5942,42987.5942,42987.5942,42987.5942,6529600.0,1097200.0,2040500.0,6486500.0,1085100.0,2018300.0,7735000.0,1016000.0,2128700.0,6451100.0,1095500.0,1941900.0,6526400.0,1096300.0,2038800.0,6.5026,1.9081,5.3272,6.4226,2.0991,5.2721,6.7074,2.7697,5.6484,6.4233,2.4575,5.2812,6.5188,1.9432,5.3483,100
RocketTile_139,6.0,14.0,512.0,64.0,1.0,16.0,4.0,1.0,64.0,4.0,12.0,3.0,47332.9915,47332.9915,47332.9915,47332.9915,47332.9915,7530000.0,1320600.0,2430700.0,7475500.0,1306400.0,2403600.0,8833200.0,1231400.0,2518300.0,7401100.0,1311300.0,2311100.0,7527800.0,1319700.0,2428900.0,6.479,1.908,5.3125,6.4155,2.0933,5.2638,6.7502,2.8533,5.7004,6.4006,2.4194,5.2565,6.4989,1.9536,5.3397,100
RocketTile_140,3.0,28.0,1024.0,32.0,2.0,32.0,8.0,0.0,32.0,1.0,20.0,2.0,29712.276,29712.276,29712.276,29712.276,29712.276,4847300.0,986130.0,1711600.0,4821800.0,976690.0,1696000.0,73906000.0,46434000.0,57945000.0,72650000.0,47258000.0,57765000.0,4845200.0,985710.0,1710700.0,6.5266,1.9543,5.359,6.4529,2.1507,5.3087,-178.6293,-365.0809,-219.0053,6.4224,2.4602,5.2824,6.544,1.9891,5.3797,100
RocketTile_141,0.0,0.0,1024.0,32.0,2.0,8.0,4.0,1.0,64.0,4.0,28.0,2.0,46901.9074,46901.9074,46901.9074,46901.9074,46901.9074,7225800.0,1236500.0,2277100.0,7192500.0,1225200.0,2257900.0,8392800.0,1152200.0,2357000.0,7130300.0,1226600.0,2178300.0,7222300.0,1235800.0,2275500.0,6.6183,2.1644,5.476,6.5485,2.3563,5.4298,6.641,2.6483,5.5691,6.5163,2.6534,5.3999,6.6345,2.1908,5.4969,100
RocketTile_142,3.0,0.0,128.0,32.0,4.0,24.0,4.0,0.0,64.0,4.0,4.0,1.0,51996.996,51996.996,51996.996,51996.996,51996.996,8118800.0,1394700.0,2539400.0,8095300.0,1387200.0,2526200.0,9112100.0,1325800.0,2609600.0,8045000.0,1373200.0,2458700.0,8114700.0,1393800.0,2537500.0,6.6018,2.131,5.456,6.5512,2.347,5.4302,6.669,2.6859,5.5992,6.4768,2.545,5.3429,6.6163,2.1617,5.4745,100
RocketTile_143,6.0,42.0,0.0,64.0,1.0,8.0,8.0,1.0,32.0,2.0,20.0,2.0,31057.1842,31057.1842,31057.1842,31057.1842,31057.1842,4826600.0,848450.0,1560500.0,4795500.0,837980.0,1542000.0,6009000.0,782680.0,1663700.0,4745600.0,852470.0,1480100.0,4824400.0,847840.0,1559300.0,6.4945,1.9199,5.326,6.434,2.1407,5.2905,6.684,2.7199,5.6163,6.4181,2.4407,5.2727,6.5097,1.9499,5.3435,100
RocketTile_144,9.0,42.0,512.0,32.0,4.0,16.0,8.0,0.0,64.0,1.0,8.0,2.0,40244.9731,40244.9731,40244.9731,40244.9731,40244.9731,6618300.0,1266900.0,2241500.0,6594700.0,1256900.0,2225800.0,7857100.0,1192000.0,2343600.0,6556400.0,1248500.0,2155900.0,6615400.0,1266300.0,2240100.0,6.5168,1.9879,5.3587,6.4665,2.2125,5.335,6.7326,2.8792,5.6931,6.4476,2.5088,5.3157,6.5308,2.0161,5.3771,100
RocketTile_145,3.0,42.0,1024.0,32.0,2.0,28.0,8.0,0.0,32.0,2.0,16.0,2.0,33815.3458,33815.3458,33815.3458,33815.3458,33815.3458,5532300.0,1121700.0,1941300.0,5504400.0,1111000.0,1924300.0,74583000.0,46556000.0,58163000.0,73294000.0,47385000.0,57980000.0,5529700.0,1121200.0,1940100.0,6.5261,1.9909,5.3678,6.4664,2.2184,5.3327,-178.6032,-365.0358,-218.9725,6.4462,2.4979,5.3107,6.5479,2.0328,5.3941,100
RocketTile_146,0.0,56.0,1024.0,32.0,1.0,28.0,8.0,1.0,32.0,2.0,32.0,2.0,29834.4384,29834.4384,29834.4384,29834.4384,29834.4384,4634500.0,864200.0,1556600.0,4605900.0,852990.0,1538100.0,5881300.0,789700.0,1662700.0,4540300.0,869260.0,1468100.0,4632500.0,863620.0,1555500.0,6.6171,2.195,5.4814,6.5513,2.33,5.4226,6.7071,2.7599,5.6375,6.4815,2.5914,5.3556,6.6305,2.2203,5.4962,100
RocketTile_147,3.0,28.0,0.0,64.0,4.0,8.0,4.0,0.0,64.0,4.0,28.0,3.0,61834.5302,61834.5302,61834.5302,61834.5302,61834.5302,9996100.0,1613700.0,3038000.0,9968900.0,1605000.0,3023000.0,11053000.0,1539700.0,3110900.0,9919800.0,1593000.0,2951000.0,9991100.0,1612600.0,3035600.0,6.6474,2.2157,5.5178,6.5846,2.388,5.4712,6.751,2.8898,5.7093,6.4823,2.592,5.3575,6.6606,2.2431,5.5312,100
RocketTile_148,9.0,56.0,128.0,64.0,4.0,32.0,4.0,0.0,32.0,2.0,8.0,2.0,49574.1312,49574.1312,49574.1312,49574.1312,49574.1312,8128800.0,1326200.0,2496900.0,8086700.0,1315100.0,2474900.0,9315000.0,1246600.0,2580700.0,8016800.0,1316800.0,2396300.0,8124800.0,1325400.0,2495000.0,6.5503,2.0194,5.3941,6.4659,2.1879,5.33,6.7219,2.8203,5.6626,6.4456,2.5071,5.3118,6.5635,2.0482,5.4116,100
RocketTile_149,9.0,56.0,256.0,32.0,2.0,4.0,8.0,0.0,32.0,4.0,8.0,2.0,40999.5619,40999.5619,40999.5619,40999.5619,40999.5619,6505500.0,1251700.0,2208400.0,6472400.0,1241600.0,2190800.0,7787400.0,1176800.0,2316500.0,6488600.0,1248700.0,2133100.0,6502500.0,1251100.0,2207000.0,6.5511,2.0623,5.395,6.4904,2.247,5.3545,6.7514,2.872,5.7062,6.4741,2.5884,5.347,6.5673,2.0967,5.4174,100
RocketTile_150,12.0,56.0,0.0,64.0,1.0,24.0,8.0,0.0,64.0,1.0,28.0,3.0,27595.0224,27595.0224,27595.0224,27595.0224,27595.0224,4340600.0,773970.0,1423900.0,4320000.0,766800.0,1411700.0,5373600.0,725150.0,1522900.0,4304500.0,777340.0,1371200.0,4338800.0,773650.0,1423200.0,6.546,2.0086,5.3863,6.4814,2.1996,5.3436,6.6919,2.7773,5.6406,6.4642,2.5247,5.3333,6.5621,2.0425,5.4069,100
RocketTile_151,9.0,42.0,1024.0,32.0,4.0,16.0,8.0,1.0,32.0,2.0,20.0,3.0,47437.4794,47437.4794,47437.4794,47437.4794,47437.4794,8102300.0,1667000.0,2891200.0,8067700.0,1653800.0,2869300.0,77381000.0,47080000.0,59123000.0,75859000.0,47938000.0,58904000.0,8098800.0,1666300.0,2889600.0,6.4804,1.8713,5.3025,6.402,2.0469,5.2429,-178.7066,-364.9673,-219.0826,6.3924,2.406,5.2458,6.4978,1.9078,5.3241,100
RocketTile_152,0.0,56.0,1024.0,64.0,4.0,4.0,8.0,1.0,64.0,4.0,12.0,1.0,61573.7074,61573.7074,61573.7074,61573.7074,61573.7074,9636700.0,1447700.0,2787900.0,9600900.0,1436500.0,2768100.0,10859000.0,1363300.0,2874500.0,9543500.0,1432700.0,2687000.0,9632000.0,1446800.0,2785800.0,6.531,2.0252,5.37,6.4952,2.2747,5.3629,6.7047,2.7638,5.641,6.4849,2.5974,5.3601,6.5495,2.0643,5.3931,100
RocketTile_153,3.0,28.0,1024.0,64.0,1.0,28.0,4.0,0.0,32.0,2.0,32.0,3.0,32054.7845,32054.7845,32054.7845,32054.7845,32054.7845,5298700.0,1078600.0,1878100.0,5273300.0,1069400.0,1862500.0,74345000.0,46519000.0,58103000.0,73084000.0,47346000.0,57922000.0,5297400.0,1078300.0,1877200.0,6.6872,2.3074,5.5637,6.6166,2.4332,5.5022,-178.5988,-364.6083,-218.8892,6.4922,2.6281,5.3706,6.7028,2.3402,5.5829,100
RocketTile_154,0.0,56.0,0.0,32.0,2.0,28.0,8.0,1.0,32.0,1.0,28.0,2.0,30564.2938,30564.2938,30564.2938,30564.2938,30564.2938,4826300.0,892210.0,1611600.0,4793400.0,881170.0,1592900.0,6050600.0,815780.0,1714400.0,4760400.0,896750.0,1531200.0,4824300.0,891840.0,1610700.0,6.6051,2.1182,5.4625,6.5272,2.286,5.4026,6.638,2.6457,5.5575,6.4891,2.5234,5.3551,6.6213,2.1527,5.4834,100
RocketTile_155,0.0,14.0,1024.0,64.0,4.0,20.0,4.0,0.0,64.0,4.0,16.0,2.0,60445.9008,60445.9008,60445.9008,60445.9008,60445.9008,9648200.0,1498700.0,2856100.0,9616100.0,1490200.0,2840400.0,10668000.0,1427700.0,2925100.0,9552300.0,1477000.0,2766300.0,9643600.0,1497800.0,2854100.0,6.512,1.9224,5.3399,6.4371,2.1098,5.2863,6.761,2.9048,5.7239,6.394,2.4163,5.2493,6.5271,1.957,5.3589,100
RocketTile_156,6.0,0.0,128.0,64.0,1.0,8.0,4.0,1.0,32.0,1.0,24.0,2.0,27284.9242,27284.9242,27284.9242,27284.9242,27284.9242,4230700.0,730610.0,1358900.0,4199600.0,720160.0,1341000.0,5438900.0,660710.0,1462600.0,4146000.0,730130.0,1274800.0,4228800.0,730090.0,1357900.0,6.5179,1.975,5.3581,6.4652,2.202,5.3309,6.6898,2.7419,5.6238,6.4325,2.4754,5.294,6.5362,2.0139,5.3807,100
RocketTile_157,3.0,0.0,0.0,32.0,1.0,24.0,4.0,1.0,64.0,1.0,16.0,2.0,27401.9976,27401.9976,27401.9976,27401.9976,27401.9976,4190000.0,740680.0,1371500.0,4157600.0,729350.0,1351500.0,5392800.0,665890.0,1463700.0,4097900.0,742960.0,1277700.0,4188000.0,740100.0,1370400.0,6.4746,1.9005,5.3044,6.4089,2.093,5.2582,6.7415,2.8396,5.6846,6.4123,2.4363,5.2713,6.4927,1.9368,5.3266,100
RocketTile_158,3.0,42.0,512.0,64.0,1.0,16.0,4.0,0.0,32.0,1.0,28.0,3.0,28201.32,28201.32,28201.32,28201.32,28201.32,4606100.0,886670.0,1587500.0,4576300.0,876240.0,1570000.0,5793300.0,819250.0,1688100.0,4537300.0,878680.0,1507800.0,4604100.0,886170.0,1586500.0,6.5336,2.0171,5.3789,6.463,2.2061,5.3318,6.6983,2.7655,5.6375,6.4782,2.5737,5.3527,6.5503,2.0521,5.3998,100
RocketTile_159,6.0,28.0,1024.0,32.0,2.0,8.0,4.0,0.0,64.0,1.0,20.0,1.0,29834.4384,29834.4384,29834.4384,29834.4384,29834.4384,4654700.0,875360.0,1549800.0,4633300.0,866440.0,1535200.0,73695000.0,46324000.0,57781000.0,72461000.0,47146000.0,57604000.0,4652600.0,874930.0,1548900.0,6.6111,2.1434,5.4742,6.559,2.3421,5.4394,-178.6405,-364.5615,-218.8067,6.4978,2.5475,5.3677,6.6294,2.1808,5.4967,100
RocketTile_160,6.0,14.0,256.0,32.0,1.0,20.0,8.0,1.0,32.0,4.0,4.0,2.0,38205.9691,38205.9691,38205.9691,38205.9691,38205.9691,6025200.0,1159800.0,2056800.0,5988500.0,1147500.0,2035400.0,7308200.0,1078500.0,2153700.0,5937300.0,1158200.0,1954000.0,6023700.0,1159000.0,2055300.0,6.6154,2.1624,5.4763,6.5649,2.3666,5.4481,6.6934,2.815,5.6459,6.5053,2.5806,5.3799,6.6389,2.2129,5.5063,100
RocketTile_161,9.0,28.0,1024.0,32.0,4.0,4.0,4.0,1.0,64.0,1.0,32.0,1.0,41402.6842,41402.6842,41402.6842,41402.6842,41402.6842,6801100.0,1280000.0,2275800.0,6767500.0,1267100.0,2254700.0,75896000.0,46705000.0,58486000.0,74532000.0,47547000.0,58289000.0,6798000.0,1279400.0,2274400.0,6.5117,1.9807,5.3503,6.4472,2.1685,5.3062,-178.5512,-364.9405,-218.9153,6.4293,2.4705,5.2897,6.5292,2.0203,5.3735,100
RocketTile_162,6.0,14.0,1024.0,32.0,2.0,28.0,4.0,1.0,64.0,2.0,12.0,2.0,39126.2227,39126.2227,39126.2227,39126.2227,39126.2227,6293100.0,1178900.0,2104300.0,6251900.0,1165700.0,2081800.0,75510000.0,46598000.0,58334000.0,74031000.0,47452000.0,58122000.0,6290300.0,1178300.0,2103000.0,6.6057,2.1304,5.4646,6.5627,2.3555,5.4446,-178.7376,-365.3228,-219.1703,6.5286,2.6316,5.4055,6.6168,2.1549,5.4788,100
RocketTile_163,3.0,0.0,0.0,32.0,4.0,28.0,8.0,0.0,32.0,2.0,20.0,3.0,41663.124,41663.124,41663.124,41663.124,41663.124,6993200.0,1398100.0,2445000.0,6965900.0,1388900.0,2429700.0,8099300.0,1329100.0,2534500.0,6913200.0,1382500.0,2365600.0,6989900.0,1397400.0,2443400.0,6.5,1.9209,5.3306,6.432,2.1138,5.2842,6.6967,2.7552,5.6358,6.404,2.427,5.2611,6.5182,1.9583,5.3524,100
RocketTile_164,12.0,28.0,256.0,32.0,2.0,12.0,4.0,1.0,32.0,1.0,16.0,3.0,33430.2811,33430.2811,33430.2811,33430.2811,33430.2811,5495600.0,1084000.0,1924400.0,5456900.0,1071300.0,1902500.0,6795200.0,996550.0,2025500.0,5402500.0,1085400.0,1826300.0,5493100.0,1083500.0,1923300.0,6.5471,2.0345,5.3899,6.4753,2.2163,5.3392,6.7324,2.8143,5.6757,6.4497,2.5358,5.3156,6.5652,2.0726,5.412,100
RocketTile_165,12.0,14.0,0.0,32.0,1.0,16.0,4.0,1.0,64.0,1.0,8.0,3.0,28694.1557,28694.1557,28694.1557,28694.1557,28694.1557,4549500.0,856480.0,1562000.0,4515200.0,845580.0,1543200.0,5703300.0,795160.0,1658900.0,4511900.0,873800.0,1488900.0,4547400.0,855800.0,1560800.0,6.5987,2.0941,5.451,6.5308,2.2789,5.4015,6.7674,2.9077,5.7258,6.485,2.5278,5.3541,6.618,2.1356,5.476,100
RocketTile_166,3.0,42.0,128.0,64.0,2.0,20.0,8.0,0.0,32.0,1.0,4.0,2.0,32769.8654,32769.8654,32769.8654,32769.8654,32769.8654,5167300.0,861580.0,1611200.0,5137900.0,851430.0,1594200.0,6328200.0,793290.0,1709300.0,5099100.0,857030.0,1535800.0,5164900.0,861110.0,1610200.0,6.5984,2.1287,5.4495,6.5211,2.3007,5.3935,6.6791,2.7065,5.6068,6.508,2.6339,5.3859,6.6159,2.1656,5.4716,100
RocketTile_167,3.0,14.0,0.0,64.0,1.0,8.0,8.0,1.0,32.0,2.0,16.0,2.0,31057.1842,31057.1842,31057.1842,31057.1842,31057.1842,4825000.0,848200.0,1560000.0,4792800.0,837760.0,1541300.0,6009000.0,782680.0,1663700.0,4745600.0,852470.0,1480100.0,4822800.0,847600.0,1558800.0,6.502,1.9348,5.3338,6.431,2.1358,5.2851,6.684,2.7199,5.6163,6.4181,2.4407,5.2727,6.5168,1.9665,5.3534,100
RocketTile_168,12.0,56.0,0.0,64.0,4.0,24.0,4.0,1.0,32.0,2.0,12.0,2.0,50303.5214,50303.5214,50303.5214,50303.5214,50303.5214,8220300.0,1343900.0,2529900.0,8184700.0,1331400.0,2508500.0,9442700.0,1258900.0,2615100.0,8133500.0,1337000.0,2428600.0,8216600.0,1343100.0,2528200.0,6.6051,2.1628,5.4626,6.5402,2.3245,5.4156,6.7048,2.7907,5.6554,6.4977,2.5654,5.3665,6.6232,2.2005,5.4865,100
RocketTile_169,12.0,14.0,512.0,32.0,4.0,28.0,8.0,1.0,32.0,1.0,28.0,2.0,41258.7432,41258.7432,41258.7432,41258.7432,41258.7432,6867500.0,1330800.0,2353400.0,6826000.0,1318400.0,2331300.0,8207100.0,1240300.0,2454800.0,6760300.0,1320800.0,2245600.0,6864600.0,1330200.0,2352100.0,6.5178,1.9632,5.3524,6.4656,2.1839,5.3263,6.6178,2.6731,5.5508,6.4216,2.4564,5.2833,6.5348,2.0028,5.3752,100
RocketTile_170,3.0,28.0,1024.0,32.0,4.0,12.0,8.0,0.0,32.0,1.0,4.0,2.0,38756.808,38756.808,38756.808,38756.808,38756.808,6541600.0,1332500.0,2303300.0,6515900.0,1323500.0,2289400.0,75622000.0,46769000.0,58532000.0,74321000.0,47594000.0,58346000.0,6538500.0,1331900.0,2301900.0,6.5639,2.0755,5.4253,6.5205,2.2832,5.3935,-178.6262,-364.8221,-218.9766,6.4567,2.5428,5.3298,6.5791,2.1121,5.4477,100
RocketTile_171,6.0,14.0,0.0,32.0,4.0,4.0,8.0,0.0,64.0,1.0,32.0,3.0,39452.0803,39452.0803,39452.0803,39452.0803,39452.0803,6567400.0,1273900.0,2261500.0,6542800.0,1265700.0,2246800.0,7618300.0,1213600.0,2346300.0,6505700.0,1267200.0,2190000.0,6564600.0,1273300.0,2260300.0,6.5221,1.9505,5.3555,6.4549,2.1338,5.3071,6.6942,2.733,5.626,6.4283,2.4626,5.2889,6.5383,1.9854,5.3763,100
RocketTile_172,12.0,56.0,256.0,32.0,4.0,20.0,4.0,0.0,32.0,4.0,20.0,3.0,51358.6598,51358.6598,51358.6598,51358.6598,51358.6598,8549300.0,1707900.0,2982400.0,8518000.0,1697300.0,2963900.0,9913700.0,1628300.0,3098900.0,8507800.0,1699500.0,2895000.0,8545300.0,1707000.0,2980500.0,6.5233,1.9905,5.3612,6.4617,2.1865,5.3211,6.7055,2.7527,5.6402,6.4362,2.4905,5.3013,6.5433,2.0341,5.3875,100
RocketTile_173,9.0,42.0,256.0,32.0,1.0,24.0,8.0,1.0,32.0,1.0,32.0,2.0,28044.3557,28044.3557,28044.3557,28044.3557,28044.3557,4366500.0,801440.0,1467300.0,4325700.0,788480.0,1443200.0,5666100.0,727040.0,1571300.0,4326300.0,816230.0,1377500.0,4366300.0,801010.0,1466500.0,6.5248,2.0047,5.3631,6.4617,2.1951,5.3204,6.7174,2.7781,5.6564,6.4555,2.5423,5.3233,6.5423,2.0428,5.3856,100
RocketTile_174,0.0,42.0,0.0,64.0,2.0,24.0,4.0,0.0,64.0,4.0,16.0,1.0,46472.7931,46472.7931,46472.7931,46472.7931,46472.7931,7005300.0,1048900.0,2013600.0,6980100.0,1040400.0,1999300.0,8153000.0,984090.0,2114600.0,6961600.0,1031700.0,1941400.0,7001700.0,1048200.0,2012000.0,6.546,2.0073,5.3852,6.4696,2.1971,5.3313,6.7316,2.8158,5.6749,6.4459,2.5106,5.3101,6.5668,2.0505,5.4111,100
RocketTile_175,3.0,56.0,512.0,64.0,4.0,20.0,8.0,0.0,32.0,4.0,32.0,2.0,57185.3002,57185.3002,57185.3002,57185.3002,57185.3002,9390000.0,1612100.0,2957600.0,9358100.0,1602000.0,2940300.0,10644000.0,1537600.0,3060900.0,9323400.0,1598300.0,2871500.0,9385300.0,1611100.0,2955400.0,6.4634,1.8597,5.2941,6.4305,2.0906,5.2797,6.6872,2.731,5.6189,6.4056,2.4163,5.2603,6.4807,1.8973,5.3167,100
RocketTile_176,9.0,0.0,512.0,32.0,1.0,20.0,8.0,0.0,64.0,4.0,16.0,1.0,38505.6158,38505.6158,38505.6158,38505.6158,38505.6158,5627700.0,895940.0,1677900.0,5606700.0,889180.0,1665800.0,6627600.0,844960.0,1767600.0,5564800.0,891600.0,1615100.0,5625200.0,895470.0,1676800.0,6.5726,2.0588,5.4163,6.512,2.2564,5.3758,6.7092,2.7553,5.6489,6.4392,2.4429,5.2902,6.5897,2.0965,5.439,100
RocketTile_177,12.0,56.0,512.0,32.0,1.0,8.0,8.0,0.0,64.0,2.0,4.0,3.0,33622.5398,33622.5398,33622.5398,33622.5398,33622.5398,5360900.0,1003400.0,1812700.0,5326400.0,992720.0,1792400.0,6566100.0,935470.0,1908800.0,5266300.0,1004900.0,1724200.0,5358500.0,1002800.0,1811400.0,6.4879,1.8881,5.3145,6.4224,2.0887,5.269,6.6535,2.6478,5.5747,6.3501,2.3325,5.1942,6.5072,1.9295,5.3396,100
RocketTile_178,0.0,42.0,1024.0,64.0,1.0,16.0,8.0,0.0,32.0,2.0,24.0,1.0,27111.7627,27111.7627,27111.7627,27111.7627,27111.7627,4046800.0,670830.0,1248400.0,4025800.0,663740.0,1236300.0,5081400.0,617510.0,1338100.0,3989300.0,663670.0,1180700.0,4045300.0,670560.0,1247700.0,6.601,2.0966,5.4528,6.5482,2.311,5.4223,6.6756,2.7074,5.6041,6.4796,2.5383,5.3493,6.6195,2.1364,5.4763,100
RocketTile_179,6.0,28.0,1024.0,64.0,2.0,8.0,4.0,0.0,32.0,1.0,8.0,1.0,31907.7792,31907.7792,31907.7792,31907.7792,31907.7792,5039500.0,870760.0,1588900.0,5016600.0,861280.0,1574200.0,74075000.0,46321000.0,57822000.0,72855000.0,47143000.0,57648000.0,5037000.0,870270.0,1587800.0,6.4722,1.8574,5.2966,6.4147,2.0677,5.2574,-178.6453,-364.7908,-218.8234,6.3947,2.4106,5.2471,6.4889,1.8936,5.3172,100
RocketTile_180,3.0,42.0,512.0,32.0,1.0,28.0,8.0,0.0,64.0,2.0,16.0,2.0,31700.1989,31700.1989,31700.1989,31700.1989,31700.1989,4858400.0,883590.0,1592200.0,4831500.0,873450.0,1575500.0,6023700.0,818900.0,1692200.0,4800500.0,873120.0,1515000.0,4856100.0,883010.0,1591000.0,6.485,1.8993,5.3094,6.4338,2.1129,5.2837,6.7419,2.8438,5.694,6.4155,2.4389,5.2709,6.5024,1.9349,5.3312,100
RocketTile_181,0.0,14.0,1024.0,64.0,4.0,12.0,8.0,1.0,32.0,2.0,12.0,3.0,51571.0008,51571.0008,51571.0008,51571.0008,51571.0008,8630400.0,1478900.0,2752900.0,8591600.0,1467600.0,2731500.0,9804800.0,1386500.0,2816300.0,8478600.0,1465000.0,2629400.0,8626500.0,1478200.0,2751200.0,6.5408,1.9955,5.3801,6.4872,2.2102,5.3491,6.6949,2.7337,5.629,6.447,2.5056,5.3115,6.5588,2.0356,5.4037,100
RocketTile_182,6.0,0.0,256.0,32.0,2.0,4.0,8.0,1.0,32.0,2.0,4.0,2.0,33794.388,33794.388,33794.388,33794.388,33794.388,5305800.0,1001400.0,1787000.0,5275000.0,991460.0,1769700.0,6536100.0,929670.0,1894400.0,5247100.0,1001000.0,1709600.0,5303600.0,1000900.0,1786000.0,6.5176,1.9871,5.3542,6.4375,2.1611,5.2933,6.6983,2.7494,5.6333,6.4724,2.5689,5.3427,6.5319,2.019,5.3733,100
RocketTile_183,6.0,28.0,512.0,64.0,4.0,32.0,8.0,1.0,64.0,4.0,28.0,3.0,67120.0992,67120.0992,67120.0992,67120.0992,67120.0992,10968000.0,1813000.0,3394200.0,10927000.0,1798100.0,3369900.0,12348000.0,1706400.0,3481800.0,10835000.0,1796600.0,3264100.0,10962000.0,1811900.0,3391700.0,6.5953,2.1489,5.452,6.5435,2.3386,5.4189,6.7297,2.8249,5.6741,6.4611,2.5597,5.3326,6.6097,2.18,5.4705,100
RocketTile_184,9.0,0.0,1024.0,64.0,2.0,28.0,8.0,0.0,64.0,1.0,24.0,2.0,32559.4944,32559.4944,32559.4944,32559.4944,32559.4944,5066600.0,809600.0,1538100.0,5040000.0,800900.0,1523300.0,6180900.0,753450.0,1641100.0,5022400.0,803430.0,1476200.0,5064300.0,809180.0,1537100.0,6.6016,2.1297,5.4543,6.5413,2.3306,5.4171,6.6587,2.6739,5.5827,6.5112,2.586,5.3832,6.6192,2.1669,5.4778,100
RocketTile_185,6.0,14.0,512.0,32.0,2.0,8.0,8.0,0.0,32.0,2.0,8.0,2.0,32707.9771,32707.9771,32707.9771,32707.9771,32707.9771,5263600.0,1031000.0,1817500.0,5225000.0,1021700.0,1798300.0,6368200.0,961420.0,1897400.0,5167600.0,1013800.0,1726100.0,5261200.0,1030500.0,1816500.0,6.5073,2.0323,5.4013,6.4775,2.1957,5.338,6.7215,2.7932,5.6614,6.4472,2.5211,5.3152,6.5317,2.0697,5.4227,100
RocketTile_186,12.0,42.0,256.0,64.0,4.0,20.0,8.0,1.0,32.0,2.0,28.0,3.0,53962.128,53962.128,53962.128,53962.128,53962.128,8970100.0,1546800.0,2863000.0,8939000.0,1534300.0,2842500.0,10365000.0,1446800.0,2960300.0,8883200.0,1542900.0,2751400.0,8966100.0,1546000.0,2861200.0,6.6568,2.2227,5.5204,6.5985,2.4113,5.4805,6.7289,2.7935,5.6685,6.5343,2.6678,5.4168,6.6699,2.2528,5.5377,100
RocketTile_187,3.0,56.0,256.0,32.0,4.0,8.0,8.0,1.0,64.0,2.0,20.0,2.0,48076.0344,48076.0344,48076.0344,48076.0344,48076.0344,7766100.0,1412400.0,2548900.0,7723400.0,1399000.0,2525200.0,9105800.0,1317700.0,2645400.0,7690400.0,1408700.0,2445500.0,7762300.0,1411600.0,2547100.0,6.5239,1.9763,5.3603,6.4626,2.1687,5.3175,6.7287,2.8292,5.6763,6.45,2.5007,5.3126,6.5382,2.0096,5.3789,100
RocketTile_188,9.0,28.0,128.0,32.0,1.0,4.0,8.0,0.0,32.0,1.0,28.0,2.0,24483.6432,24483.6432,24483.6432,24483.6432,24483.6432,3777400.0,705610.0,1271000.0,3748700.0,696600.0,1254800.0,4893300.0,646030.0,1372100.0,3701900.0,705750.0,1200000.0,3777000.0,705480.0,1270600.0,6.53,2.0011,5.3642,6.4472,2.1649,5.3017,6.7073,2.7709,5.6435,6.4402,2.5195,5.3012,6.55,2.0436,5.3889,100
RocketTile_189,3.0,42.0,256.0,64.0,2.0,24.0,4.0,0.0,32.0,2.0,16.0,3.0,37956.5827,37956.5827,37956.5827,37956.5827,37956.5827,6158000.0,1114600.0,2021100.0,6125600.0,1104700.0,2004100.0,7379400.0,1044600.0,2130800.0,6103900.0,1109100.0,1948200.0,6155200.0,1114000.0,2019900.0,6.5997,2.107,5.4577,6.5205,2.2687,5.3931,6.5748,2.4938,5.4773,6.4512,2.5326,5.3174,6.6134,2.1399,5.4772,100
RocketTile_190,3.0,0.0,0.0,32.0,2.0,8.0,8.0,1.0,32.0,2.0,28.0,3.0,35382.1709,35382.1709,35382.1709,35382.1709,35382.1709,5749900.0,1133500.0,2011200.0,5715600.0,1123200.0,1992700.0,6977500.0,1061200.0,2111900.0,5695400.0,1137900.0,1929100.0,5747200.0,1132900.0,2009900.0,6.673,2.2712,5.5477,6.6296,2.4581,5.5194,6.6985,2.728,5.63,6.5567,2.6703,5.437,6.6897,2.3064,5.5679,100
RocketTile_191,3.0,42.0,512.0,64.0,1.0,8.0,8.0,0.0,32.0,1.0,8.0,2.0,26823.06,26823.06,26823.06,26823.06,26823.06,4218200.0,766180.0,1388700.0,4192400.0,756610.0,1373100.0,5434700.0,704310.0,1501300.0,4161600.0,757780.0,1315400.0,4216300.0,765660.0,1387700.0,6.5238,1.9918,5.3663,6.467,2.2134,5.3339,6.7194,2.7947,5.6621,6.4438,2.4996,5.3091,6.5426,2.0301,5.3893,100
RocketTile_192,6.0,0.0,256.0,32.0,4.0,28.0,4.0,0.0,64.0,2.0,12.0,3.0,44452.859,44452.859,44452.859,44452.859,44452.859,7327600.0,1391200.0,2473000.0,7299100.0,1383200.0,2458700.0,8381200.0,1321500.0,2554900.0,7268000.0,1375600.0,2397900.0,7324200.0,1390500.0,2471300.0,6.5372,1.9947,5.3733,6.4551,2.1732,5.3141,6.6785,2.712,5.608,6.4558,2.5269,5.3232,6.5547,2.0289,5.3949,100
RocketTile_193,9.0,0.0,0.0,32.0,4.0,4.0,8.0,0.0,32.0,1.0,28.0,3.0,37978.799,37978.799,37978.799,37978.799,37978.799,6375700.0,1274000.0,2234600.0,6354400.0,1266400.0,2222000.0,7515600.0,1215300.0,2339900.0,6328500.0,1265900.0,2168900.0,6372900.0,1273400.0,2233300.0,6.6037,2.1775,5.4689,6.5573,2.3693,5.4362,6.7096,2.8156,5.6579,6.4996,2.654,5.378,6.6193,2.2104,5.4873,100
RocketTile_194,9.0,28.0,1024.0,32.0,2.0,16.0,8.0,1.0,64.0,4.0,32.0,2.0,49624.9114,49624.9114,49624.9114,49624.9114,49624.9114,7864400.0,1419500.0,2560300.0,7824000.0,1405000.0,2536700.0,77088000.0,46830000.0,58779000.0,75610000.0,47685000.0,58567000.0,7860500.0,1418700.0,2558500.0,6.4895,2.0676,5.4038,6.5164,2.308,5.3901,-178.7396,-365.3569,-219.1615,6.4612,2.5321,5.3285,6.5087,2.1201,5.4311,100
RocketTile_195,9.0,0.0,512.0,64.0,1.0,20.0,8.0,1.0,32.0,2.0,20.0,1.0,29873.8368,29873.8368,29873.8368,29873.8368,29873.8368,4494800.0,733750.0,1379300.0,4455200.0,722640.0,1358400.0,5654000.0,662340.0,1471000.0,4401500.0,734160.0,1290200.0,4493300.0,733200.0,1378200.0,6.5639,2.0549,5.4124,6.4887,2.2369,5.353,6.7083,2.7838,5.651,6.457,2.4913,5.3203,6.5799,2.0902,5.4318,100
RocketTile_196,9.0,0.0,1024.0,32.0,2.0,32.0,8.0,1.0,64.0,1.0,24.0,3.0,33643.4429,33643.4429,33643.4429,33643.4429,33643.4429,5489400.0,1028600.0,1871900.0,5445300.0,1016900.0,1848500.0,6645300.0,947040.0,1947300.0,5352400.0,1031400.0,1763400.0,5486900.0,1028100.0,1870700.0,6.4849,1.9009,5.3103,6.4102,2.0897,5.2567,6.7119,2.7896,5.6648,6.3974,2.4232,5.2522,6.5011,1.932,5.3291,100
RocketTile_197,0.0,42.0,1024.0,64.0,2.0,20.0,4.0,0.0,32.0,2.0,12.0,3.0,36133.2576,36133.2576,36133.2576,36133.2576,36133.2576,5901100.0,1051300.0,1931400.0,5872700.0,1044000.0,1916300.0,6961200.0,989720.0,2012900.0,5809200.0,1042700.0,1847800.0,5898300.0,1050600.0,1930100.0,6.5438,2.0206,5.3858,6.4789,2.2148,5.3409,6.6907,2.749,5.6318,6.4601,2.5361,5.3303,6.5615,2.0584,5.4083,100
RocketTile_198,3.0,56.0,1024.0,64.0,1.0,24.0,4.0,1.0,32.0,4.0,16.0,3.0,43376.5987,43376.5987,43376.5987,43376.5987,43376.5987,7165900.0,1421300.0,2497300.0,7123200.0,1406400.0,2472300.0,76376000.0,46837000.0,58719000.0,74912000.0,47698000.0,58508000.0,7164100.0,1420400.0,2495700.0,6.5618,2.0347,5.4064,6.4965,2.2228,5.3591,-178.691,-364.9153,-219.0327,6.4431,2.4903,5.3064,6.5793,2.0719,5.4281,100
RocketTile_199,12.0,28.0,256.0,32.0,4.0,8.0,4.0,0.0,64.0,4.0,24.0,3.0,56434.5144,56434.5144,56434.5144,56434.5144,56434.5144,9165600.0,1678800.0,3020400.0,9137300.0,1668300.0,3002600.0,10444000.0,1600300.0,3122300.0,9064300.0,1666300.0,2923000.0,9160700.0,1677800.0,3018100.0,6.611,2.1401,5.4711,6.5263,2.291,5.4005,6.7431,2.8244,5.6865,6.473,2.5735,5.343,6.628,2.1763,5.4925,100
RocketTile_0,3.0,56.0,512.0,64.0,1.0,8.0,4.0,0.0,64.0,4.0,4.0,3.0,47233.8389,47233.8389,47233.8389,47233.8389,47233.8389,45982000.0,20392000.0,28888000.0,45734000.0,20214000.0,28634000.0,42281000.0,18793000.0,26753000.0,46016000.0,18940000.0,27623000.0,45968000.0,20386000.0,28878000.0,0.1395,-0.0626,0.0853,0.1172,-0.0612,0.0647,-0.465,-1.1291,-0.6662,0.155,-0.0503,0.0935,0.1401,-0.0608,0.0855,1600
RocketTile_1,12.0,14.0,0.0,32.0,1.0,20.0,4.0,1.0,64.0,1.0,12.0,2.0,29031.5592,29031.5592,29031.5592,29031.5592,29031.5592,29409000.0,12118000.0,17724000.0,29377000.0,11952000.0,17528000.0,26326000.0,10696000.0,15897000.0,29665000.0,10805000.0,16690000.0,29397000.0,12113000.0,17716000.0,0.1197,-0.0897,0.0611,0.1301,-0.0787,0.0656,-0.416,-1.1212,-0.6505,0.1621,-0.0286,0.1036,0.1203,-0.0896,0.0618,1600
RocketTile_2,6.0,42.0,0.0,64.0,2.0,4.0,8.0,1.0,32.0,4.0,32.0,3.0,48076.0344,48076.0344,48076.0344,48076.0344,48076.0344,49610000.0,22526000.0,31819000.0,49341000.0,22324000.0,31526000.0,45039000.0,20573000.0,29133000.0,49008000.0,20844000.0,30171000.0,49598000.0,22520000.0,31811000.0,0.0977,-0.1084,0.0352,0.0917,-0.1047,0.0221,-0.6262,-1.3385,-0.855,0.1432,-0.0492,0.0899,0.0984,-0.1083,0.0359,1600
RocketTile_3,3.0,0.0,512.0,32.0,1.0,16.0,4.0,0.0,32.0,2.0,12.0,2.0,28358.7221,28358.7221,28358.7221,28358.7221,28358.7221,29755000.0,12883000.0,18401000.0,29886000.0,12769000.0,18288000.0,26491000.0,11725000.0,16770000.0,29694000.0,11874000.0,17546000.0,29750000.0,12882000.0,18398000.0,0.1216,-0.0726,0.0598,0.1216,-0.0714,0.058,-0.4577,-1.1326,-0.6866,0.1505,-0.0388,0.0974,0.1225,-0.0713,0.0609,1600
RocketTile_4,6.0,0.0,1024.0,64.0,4.0,32.0,8.0,0.0,32.0,1.0,4.0,1.0,43987.3013,43987.3013,43987.3013,43987.3013,43987.3013,39488000.0,16897000.0,23978000.0,39513000.0,16763000.0,23833000.0,36375000.0,15679000.0,22310000.0,39529000.0,15780000.0,23022000.0,39477000.0,16892000.0,23970000.0,0.1281,-0.0431,0.0761,0.1354,-0.0377,0.0823,-0.2934,-0.9324,-0.4892,0.151,-0.0356,0.0984,0.1288,-0.0426,0.0764,1600
RocketTile_5,3.0,14.0,1024.0,32.0,1.0,20.0,4.0,0.0,32.0,4.0,28.0,1.0,36289.6747,36289.6747,36289.6747,36289.6747,36289.6747,39591000.0,17902000.0,24869000.0,39488000.0,17752000.0,24686000.0,1121600000.0,744640000.0,920890000.0,1125200000.0,744670000.0,921710000.0,39575000.0,17895000.0,24859000.0,0.0679,-0.1135,0.0075,0.0781,-0.1183,0.0108,-187.648,-373.4598,-227.9361,0.1324,-0.0358,0.0773,0.0691,-0.1121,0.0086,1600
RocketTile_6,0.0,56.0,512.0,64.0,4.0,4.0,4.0,1.0,64.0,2.0,12.0,1.0,52906.6613,52906.6613,52906.6613,52906.6613,52906.6613,46288000.0,19825000.0,28094000.0,46190000.0,19616000.0,27840000.0,42322000.0,18149000.0,25845000.0,45906000.0,18299000.0,26702000.0,46270000.0,19817000.0,28082000.0,0.1288,-0.0481,0.0762,0.1256,-0.0518,0.0683,-0.4398,-1.1481,-0.6464,0.1583,-0.0296,0.0992,0.129,-0.0481,0.0765,1600
RocketTile_7,3.0,14.0,512.0,64.0,4.0,16.0,4.0,0.0,64.0,2.0,28.0,2.0,53338.1285,53338.1285,53338.1285,53338.1285,53338.1285,51449000.0,22208000.0,31551000.0,51412000.0,22008000.0,31320000.0,46682000.0,20493000.0,29067000.0,50760000.0,20639000.0,30024000.0,51431000.0,22200000.0,31539000.0,0.1162,-0.068,0.0694,0.1343,-0.0531,0.0786,-0.7007,-1.3611,-0.8973,0.146,-0.0333,0.094,0.1169,-0.068,0.0715,1600
RocketTile_8,6.0,28.0,0.0,32.0,1.0,24.0,4.0,0.0,64.0,1.0,16.0,3.0,27420.876,27420.876,27420.876,27420.876,27420.876,30290000.0,12868000.0,18760000.0,30460000.0,12770000.0,18668000.0,26969000.0,11713000.0,17117000.0,30049000.0,11852000.0,17850000.0,30283000.0,12865000.0,18757000.0,0.1499,-0.0565,0.0881,0.1516,-0.0439,0.091,-0.667,-1.3894,-0.9069,0.1657,-0.0247,0.1035,0.1521,-0.0545,0.0905,1600
RocketTile_9,3.0,0.0,128.0,32.0,4.0,28.0,8.0,0.0,64.0,1.0,32.0,2.0,39683.628,39683.628,39683.628,39683.628,39683.628,41598000.0,18634000.0,26307000.0,41642000.0,18517000.0,26180000.0,38469000.0,17546000.0,24762000.0,41540000.0,17617000.0,25416000.0,41584000.0,18627000.0,26298000.0,0.1127,-0.0855,0.0555,0.1333,-0.0552,0.0715,-0.4231,-1.0357,-0.6171,0.1653,-0.0201,0.1096,0.1137,-0.0848,0.056,1600
RocketTile_10,12.0,56.0,128.0,32.0,1.0,16.0,8.0,0.0,32.0,2.0,16.0,1.0,29390.4677,29390.4677,29390.4677,29390.4677,29390.4677,29238000.0,12125000.0,17378000.0,29160000.0,11967000.0,17181000.0,25854000.0,10770000.0,15580000.0,29259000.0,10925000.0,16395000.0,29229000.0,12121000.0,17372000.0,0.114,-0.0732,0.0627,0.1249,-0.0657,0.0644,-0.415,-1.0708,-0.6295,0.1526,-0.0368,0.0902,0.115,-0.0713,0.0648,1600
RocketTile_11,0.0,14.0,1024.0,32.0,2.0,24.0,4.0,0.0,64.0,1.0,16.0,1.0,29171.7792,29171.7792,29171.7792,29171.7792,29171.7792,27326000.0,11381000.0,16328000.0,27346000.0,11277000.0,16204000.0,24581000.0,10399000.0,14944000.0,27341000.0,10437000.0,15510000.0,27320000.0,11379000.0,16323000.0,0.143,-0.0543,0.0955,0.1543,-0.0333,0.0969,-0.3697,-0.9925,-0.565,0.1625,-0.0304,0.1043,0.1439,-0.0528,0.0968,1600
RocketTile_12,3.0,0.0,512.0,64.0,1.0,12.0,8.0,1.0,32.0,2.0,32.0,1.0,31408.1582,31408.1582,31408.1582,31408.1582,31408.1582,29389000.0,12006000.0,17346000.0,29394000.0,11849000.0,17164000.0,25956000.0,10642000.0,15475000.0,29413000.0,10730000.0,16254000.0,29369000.0,11998000.0,17333000.0,0.1443,-0.0587,0.0843,0.1335,-0.0629,0.068,-0.522,-1.2117,-0.7403,0.1517,-0.0414,0.0914,0.1454,-0.0569,0.0862,1600
RocketTile_13,9.0,42.0,128.0,64.0,2.0,24.0,8.0,0.0,32.0,4.0,12.0,1.0,44404.8149,44404.8149,44404.8149,44404.8149,44404.8149,41145000.0,18010000.0,25310000.0,41134000.0,17849000.0,25121000.0,37266000.0,16637000.0,23329000.0,41046000.0,16747000.0,24179000.0,41134000.0,18006000.0,25303000.0,0.132,-0.0569,0.0758,0.121,-0.0566,0.0618,-0.4711,-1.1345,-0.6647,0.1366,-0.043,0.0811,0.1332,-0.0545,0.0769,1600
RocketTile_14,0.0,28.0,512.0,32.0,2.0,8.0,8.0,1.0,64.0,2.0,32.0,1.0,37006.3973,37006.3973,37006.3973,37006.3973,37006.3973,34168000.0,14238000.0,20370000.0,34196000.0,14078000.0,20190000.0,30387000.0,12890000.0,18477000.0,34077000.0,12963000.0,19286000.0,34160000.0,14235000.0,20365000.0,0.1266,-0.0681,0.0707,0.1275,-0.0723,0.0602,-0.4389,-1.0762,-0.6551,0.1523,-0.0344,0.0959,0.1278,-0.0641,0.0717,1600
RocketTile_15,3.0,0.0,1024.0,64.0,1.0,24.0,8.0,0.0,64.0,1.0,4.0,3.0,29230.2202,29230.2202,29230.2202,29230.2202,29230.2202,30377000.0,12783000.0,18695000.0,30383000.0,12680000.0,18581000.0,27460000.0,11667000.0,17149000.0,30549000.0,11813000.0,17886000.0,30371000.0,12780000.0,18691000.0,0.1389,-0.0594,0.0901,0.1389,-0.0413,0.0828,-0.5605,-1.2539,-0.7839,0.1622,-0.0235,0.1077,0.1401,-0.0587,0.0909,1600
RocketTile_16,12.0,42.0,128.0,32.0,4.0,32.0,8.0,0.0,64.0,1.0,8.0,3.0,43181.8776,43181.8776,43181.8776,43181.8776,43181.8776,47988000.0,21635000.0,30655000.0,47633000.0,21430000.0,30350000.0,44258000.0,20079000.0,28611000.0,47964000.0,20217000.0,29460000.0,47976000.0,21630000.0,30647000.0,0.1136,-0.0705,0.0515,0.1017,-0.0855,0.0385,-0.7981,-1.4081,-1.0065,0.1508,-0.0493,0.0907,0.114,-0.0692,0.0517,1600
RocketTile_17,9.0,0.0,0.0,64.0,1.0,8.0,8.0,0.0,64.0,1.0,24.0,1.0,26480.2392,26480.2392,26480.2392,26480.2392,26480.2392,23249000.0,9098100.0,13297000.0,23263000.0,8996200.0,13197000.0,20433000.0,8047700.0,11862000.0,23460000.0,8143100.0,12553000.0,23244000.0,9097100.0,13295000.0,0.1391,-0.0579,0.0823,0.1359,-0.0534,0.0751,-0.3729,-0.9391,-0.5586,0.1558,-0.028,0.1031,0.1402,-0.0555,0.0848,1600
RocketTile_18,3.0,42.0,512.0,64.0,2.0,20.0,4.0,1.0,32.0,1.0,32.0,2.0,38023.2317,38023.2317,38023.2317,38023.2317,38023.2317,39157000.0,16239000.0,23557000.0,39012000.0,16033000.0,23288000.0,35561000.0,14510000.0,21345000.0,39031000.0,14565000.0,22101000.0,39146000.0,16234000.0,23550000.0,0.1238,-0.0607,0.0713,0.1208,-0.0612,0.0595,-0.5611,-1.2335,-0.7857,0.1495,-0.0391,0.0898,0.1247,-0.0583,0.0717,1600
RocketTile_19,12.0,42.0,512.0,64.0,2.0,16.0,4.0,0.0,32.0,1.0,24.0,1.0,33752.4725,33752.4725,33752.4725,33752.4725,33752.4725,32254000.0,13084000.0,18918000.0,32128000.0,12936000.0,18723000.0,29240000.0,11928000.0,17312000.0,32429000.0,11934000.0,17966000.0,32245000.0,13080000.0,18912000.0,0.0981,-0.1003,0.0431,0.1047,-0.099,0.0442,-0.5076,-1.2175,-0.7465,0.1449,-0.0293,0.0924,0.0986,-0.0994,0.0437,1600
RocketTile_20,12.0,56.0,1024.0,32.0,1.0,32.0,4.0,0.0,64.0,4.0,12.0,2.0,44800.1669,44800.1669,44800.1669,44800.1669,44800.1669,45138000.0,19927000.0,28105000.0,45117000.0,19746000.0,27895000.0,1126800000.0,746440000.0,923860000.0,1130300000.0,746570000.0,924730000.0,45129000.0,19924000.0,28099000.0,0.0953,-0.1005,0.0379,0.1058,-0.093,0.0415,-187.6179,-373.631,-227.9857,0.1448,-0.0619,0.0858,0.0963,-0.0992,0.0389,1600
RocketTile_21,12.0,14.0,0.0,64.0,4.0,24.0,8.0,1.0,64.0,4.0,8.0,2.0,65404.2168,65404.2168,65404.2168,65404.2168,65404.2168,58351000.0,25604000.0,36162000.0,58235000.0,25394000.0,35888000.0,53416000.0,23647000.0,33452000.0,57842000.0,23940000.0,34609000.0,58334000.0,25597000.0,36151000.0,0.0891,-0.1082,0.0292,0.0933,-0.1165,0.0279,-0.7839,-1.4938,-1.0167,0.1466,-0.0458,0.0942,0.0907,-0.1079,0.0311,1600
RocketTile_22,12.0,42.0,512.0,64.0,2.0,12.0,8.0,0.0,64.0,4.0,20.0,2.0,52158.5568,52158.5568,52158.5568,52158.5568,52158.5568,48492000.0,20538000.0,29276000.0,48411000.0,20365000.0,29062000.0,43616000.0,19079000.0,27057000.0,47767000.0,19173000.0,27956000.0,48474000.0,20532000.0,29265000.0,0.0963,-0.1175,0.0301,0.0948,-0.1073,0.0304,-0.6126,-1.2653,-0.8431,0.1485,-0.0357,0.0927,0.0978,-0.1159,0.0311,1600
RocketTile_23,9.0,42.0,512.0,64.0,4.0,12.0,4.0,1.0,64.0,1.0,16.0,2.0,51996.996,51996.996,51996.996,51996.996,51996.996,51236000.0,21622000.0,31087000.0,51110000.0,21397000.0,30804000.0,46882000.0,19780000.0,28623000.0,51087000.0,19873000.0,29559000.0,51220000.0,21616000.0,31077000.0,0.1232,-0.0693,0.0676,0.1179,-0.07,0.0586,-0.5919,-1.2782,-0.8261,0.1425,-0.0396,0.0873,0.1235,-0.0676,0.068,1600
RocketTile_24,3.0,28.0,0.0,32.0,4.0,12.0,4.0,0.0,64.0,1.0,20.0,1.0,38205.9691,38205.9691,38205.9691,38205.9691,38205.9691,38073000.0,17018000.0,23874000.0,38158000.0,16905000.0,23757000.0,35017000.0,15805000.0,22202000.0,38092000.0,15893000.0,22891000.0,38062000.0,17013000.0,23867000.0,0.1465,-0.0425,0.0962,0.1456,-0.0269,0.0931,-0.5068,-1.1537,-0.7296,0.1537,-0.0432,0.0902,0.147,-0.0403,0.0968,1600
RocketTile_25,0.0,28.0,256.0,64.0,4.0,32.0,8.0,1.0,64.0,1.0,16.0,1.0,48693.6864,48693.6864,48693.6864,48693.6864,48693.6864,43546000.0,18188000.0,26036000.0,43625000.0,18031000.0,25871000.0,39645000.0,16505000.0,23833000.0,43262000.0,16599000.0,24656000.0,43535000.0,18183000.0,26029000.0,0.1458,-0.0538,0.0886,0.1227,-0.0503,0.07,-0.3936,-1.0282,-0.6033,0.1557,-0.0281,0.0967,0.1465,-0.0535,0.0892,1600
RocketTile_26,0.0,56.0,1024.0,64.0,2.0,8.0,4.0,1.0,64.0,4.0,24.0,1.0,50672.9362,50672.9362,50672.9362,50672.9362,50672.9362,42320000.0,18186000.0,25643000.0,42315000.0,18008000.0,25437000.0,38279000.0,16521000.0,23399000.0,42058000.0,16607000.0,24223000.0,42305000.0,18179000.0,25633000.0,0.1235,-0.0513,0.0715,0.138,-0.0438,0.0811,-0.4767,-1.1179,-0.6951,0.1463,-0.0512,0.0858,0.1239,-0.0499,0.0726,1600
RocketTile_27,12.0,42.0,256.0,64.0,2.0,8.0,4.0,0.0,32.0,1.0,4.0,1.0,33451.1294,33451.1294,33451.1294,33451.1294,33451.1294,31525000.0,12601000.0,18287000.0,31411000.0,12460000.0,18098000.0,27995000.0,11319000.0,16513000.0,31366000.0,11353000.0,17215000.0,31517000.0,12598000.0,18282000.0,0.0875,-0.0926,0.0355,0.098,-0.0922,0.0402,-0.4119,-1.0816,-0.6321,0.154,-0.036,0.0927,0.089,-0.0903,0.0375,1600
RocketTile_28,12.0,42.0,256.0,32.0,2.0,16.0,4.0,1.0,32.0,2.0,24.0,1.0,36489.9773,36489.9773,36489.9773,36489.9773,36489.9773,37259000.0,15646000.0,22336000.0,37101000.0,15441000.0,22069000.0,33114000.0,14019000.0,20172000.0,37046000.0,14091000.0,21031000.0,37249000.0,15642000.0,22330000.0,0.1099,-0.0775,0.046,0.1055,-0.0832,0.0393,-0.4382,-1.0711,-0.6377,0.142,-0.0559,0.0869,0.1108,-0.0769,0.0471,1600
RocketTile_29,3.0,42.0,256.0,64.0,2.0,8.0,4.0,0.0,32.0,2.0,32.0,2.0,38366.8186,38366.8186,38366.8186,38366.8186,38366.8186,37844000.0,16238000.0,23174000.0,37925000.0,16094000.0,23028000.0,34661000.0,14922000.0,21442000.0,38101000.0,14994000.0,22188000.0,37834000.0,16233000.0,23167000.0,0.13,-0.0668,0.0753,0.1204,-0.0631,0.065,-0.3757,-1.0013,-0.5565,0.1573,-0.0424,0.1004,0.1296,-0.0668,0.0759,1600
RocketTile_30,3.0,42.0,256.0,64.0,4.0,16.0,8.0,0.0,32.0,1.0,4.0,1.0,46021.189,46021.189,46021.189,46021.189,46021.189,42740000.0,18111000.0,25775000.0,42735000.0,17961000.0,25605000.0,39359000.0,16672000.0,23877000.0,42817000.0,16798000.0,24668000.0,42726000.0,18104000.0,25765000.0,0.1211,-0.0674,0.0635,0.1113,-0.0797,0.0483,-0.3479,-0.9353,-0.5142,0.1566,-0.0374,0.0958,0.1217,-0.0666,0.0642,1600
RocketTile_31,0.0,42.0,0.0,32.0,4.0,4.0,8.0,1.0,32.0,4.0,24.0,3.0,53501.7686,53501.7686,53501.7686,53501.7686,53501.7686,59639000.0,28054000.0,39077000.0,59471000.0,27876000.0,38850000.0,54708000.0,26097000.0,36388000.0,58780000.0,26359000.0,37425000.0,59619000.0,28045000.0,39064000.0,0.1126,-0.0951,0.0503,0.0907,-0.1045,0.0275,-0.487,-1.1716,-0.7031,0.1336,-0.0481,0.079,0.1131,-0.0944,0.0515,1600
RocketTile_32,9.0,56.0,128.0,32.0,4.0,28.0,8.0,1.0,32.0,4.0,12.0,3.0,56515.7736,56515.7736,56515.7736,56515.7736,56515.7736,63092000.0,29100000.0,40795000.0,62791000.0,28848000.0,40444000.0,57755000.0,26857000.0,37791000.0,62368000.0,27144000.0,38977000.0,63077000.0,29093000.0,40785000.0,0.098,-0.1065,0.0337,0.0874,-0.1107,0.0209,-0.4669,-1.0751,-0.6718,0.1463,-0.0615,0.0812,0.0987,-0.1045,0.0348,1600
RocketTile_33,12.0,28.0,512.0,64.0,1.0,32.0,8.0,0.0,32.0,4.0,16.0,1.0,38161.427,38161.427,38161.427,38161.427,38161.427,37673000.0,16697000.0,23369000.0,37651000.0,16542000.0,23185000.0,34267000.0,15362000.0,21508000.0,37636000.0,15468000.0,22291000.0,37658000.0,16690000.0,23360000.0,0.0897,-0.1101,0.026,0.0798,-0.1077,0.0146,-0.67,-1.3581,-0.8995,0.1455,-0.0433,0.0933,0.0902,-0.109,0.0269,1600
RocketTile_34,12.0,0.0,128.0,64.0,4.0,20.0,8.0,1.0,32.0,1.0,24.0,3.0,49859.0856,49859.0856,49859.0856,49859.0856,49859.0856,50187000.0,21914000.0,31394000.0,50072000.0,21727000.0,31159000.0,46327000.0,20262000.0,29218000.0,50213000.0,20389000.0,30124000.0,50176000.0,21909000.0,31387000.0,0.0559,-0.1213,-0.0041,0.0982,-0.0901,0.0379,-0.5057,-1.1638,-0.7212,0.1454,-0.0462,0.0863,0.0563,-0.1212,-0.0055,1600
RocketTile_35,9.0,42.0,0.0,32.0,1.0,20.0,4.0,0.0,32.0,1.0,8.0,3.0,25970.112,25970.112,25970.112,25970.112,25970.112,29572000.0,12753000.0,18547000.0,29590000.0,12651000.0,18414000.0,26735000.0,11715000.0,17076000.0,29551000.0,11782000.0,17691000.0,29568000.0,12752000.0,18545000.0,0.1532,-0.0518,0.0862,0.1516,-0.0382,0.0926,-0.5309,-1.2194,-0.759,0.1557,-0.023,0.1051,0.1547,-0.0495,0.088,1600
RocketTile_36,9.0,0.0,0.0,64.0,1.0,28.0,8.0,1.0,32.0,4.0,12.0,2.0,40810.2581,40810.2581,40810.2581,40810.2581,40810.2581,40437000.0,18138000.0,25558000.0,40316000.0,17963000.0,25331000.0,36784000.0,16439000.0,23362000.0,40348000.0,16606000.0,24240000.0,40432000.0,18136000.0,25555000.0,0.118,-0.0935,0.0568,0.1078,-0.0886,0.0387,-0.5589,-1.244,-0.7869,0.1403,-0.0441,0.0863,0.1192,-0.0929,0.0583,1600
RocketTile_37,12.0,56.0,1024.0,64.0,2.0,4.0,8.0,0.0,32.0,4.0,4.0,2.0,47283.4152,47283.4152,47283.4152,47283.4152,47283.4152,49569000.0,22089000.0,31062000.0,49304000.0,21917000.0,30818000.0,1131200000.0,748670000.0,926870000.0,1134900000.0,748740000.0,927750000.0,49553000.0,22083000.0,31051000.0,0.0833,-0.1132,0.0229,0.0887,-0.0973,0.0282,-187.6736,-373.3746,-227.7933,0.1465,-0.0439,0.0933,0.0844,-0.1121,0.0244,1600
RocketTile_38,0.0,28.0,0.0,32.0,1.0,24.0,8.0,0.0,64.0,2.0,12.0,3.0,32600.6438,32600.6438,32600.6438,32600.6438,32600.6438,33459000.0,14620000.0,20989000.0,33520000.0,14495000.0,20859000.0,30415000.0,13438000.0,19363000.0,33674000.0,13583000.0,20143000.0,33450000.0,14618000.0,20984000.0,0.1416,-0.0528,0.0808,0.1426,-0.0415,0.0851,-0.4753,-1.1182,-0.6798,0.1611,-0.0281,0.1016,0.1431,-0.0518,0.0827,1600
RocketTile_39,3.0,56.0,0.0,64.0,1.0,32.0,8.0,0.0,32.0,2.0,32.0,2.0,30198.2717,30198.2717,30198.2717,30198.2717,30198.2717,29881000.0,12823000.0,18373000.0,29921000.0,12717000.0,18252000.0,26922000.0,11692000.0,16803000.0,29876000.0,11808000.0,17483000.0,29877000.0,12822000.0,18370000.0,0.1286,-0.0502,0.0732,0.132,-0.0523,0.0736,-0.4726,-1.1629,-0.693,0.1607,-0.0271,0.1064,0.1294,-0.0497,0.0741,1600
RocketTile_40,9.0,42.0,256.0,64.0,2.0,32.0,4.0,1.0,64.0,4.0,16.0,2.0,55054.7496,55054.7496,55054.7496,55054.7496,55054.7496,50479000.0,21295000.0,30499000.0,49979000.0,21017000.0,30086000.0,45308000.0,19367000.0,27796000.0,49540000.0,19472000.0,28755000.0,50465000.0,21289000.0,30490000.0,0.1143,-0.0982,0.0597,0.1045,-0.0941,0.0403,-0.7777,-1.594,-1.0534,0.149,-0.0471,0.0902,0.1156,-0.0958,0.0619,1600
RocketTile_41,3.0,0.0,256.0,32.0,2.0,4.0,8.0,0.0,64.0,2.0,12.0,3.0,37230.6672,37230.6672,37230.6672,37230.6672,37230.6672,38083000.0,16968000.0,24146000.0,38152000.0,16843000.0,24013000.0,35049000.0,15763000.0,22497000.0,38022000.0,15835000.0,23139000.0,38072000.0,16963000.0,24138000.0,0.1422,-0.0542,0.0894,0.1483,-0.0457,0.0884,-0.4254,-1.0259,-0.6243,0.1534,-0.0514,0.0948,0.1428,-0.0532,0.0901,1600
RocketTile_42,9.0,0.0,1024.0,64.0,4.0,24.0,8.0,1.0,64.0,4.0,4.0,1.0,63768.1162,63768.1162,63768.1162,63768.1162,63768.1162,55586000.0,23956000.0,33807000.0,55428000.0,23764000.0,33569000.0,50023000.0,21981000.0,30961000.0,54565000.0,22213000.0,32084000.0,55562000.0,23945000.0,33790000.0,0.0557,-0.1139,-0.0028,0.0364,-0.1711,-0.0334,-0.6059,-1.3733,-0.8521,0.1425,-0.0462,0.0845,0.0557,-0.1133,-0.0031,1600
RocketTile_43,3.0,56.0,1024.0,32.0,2.0,16.0,8.0,0.0,64.0,2.0,16.0,1.0,37570.6426,37570.6426,37570.6426,37570.6426,37570.6426,37980000.0,16469000.0,23223000.0,37882000.0,16300000.0,23009000.0,1120500000.0,743120000.0,919300000.0,1124000000.0,743130000.0,920040000.0,37967000.0,16464000.0,23216000.0,0.1287,-0.0584,0.074,0.1201,-0.061,0.065,-187.62,-373.3484,-227.8719,0.1518,-0.0436,0.0958,0.1294,-0.0573,0.075,1600
RocketTile_44,0.0,56.0,1024.0,64.0,4.0,20.0,8.0,0.0,64.0,1.0,16.0,1.0,45445.0694,45445.0694,45445.0694,45445.0694,45445.0694,40319000.0,16999000.0,24232000.0,40382000.0,16860000.0,24090000.0,36738000.0,15721000.0,22409000.0,40291000.0,15783000.0,23156000.0,40307000.0,16993000.0,24223000.0,0.1341,-0.0531,0.0796,0.1332,-0.0432,0.0786,-0.3556,-0.9192,-0.5155,0.153,-0.0338,0.0943,0.1382,-0.0514,0.084,1600
RocketTile_45,12.0,42.0,128.0,64.0,2.0,12.0,4.0,0.0,64.0,4.0,20.0,3.0,53043.3792,53043.3792,53043.3792,53043.3792,53043.3792,49651000.0,21589000.0,30733000.0,49300000.0,21404000.0,30453000.0,44943000.0,19919000.0,28346000.0,48798000.0,20021000.0,29202000.0,49635000.0,21582000.0,30723000.0,0.0517,-0.1262,0.0071,0.1075,-0.0929,0.0431,-0.6815,-1.412,-0.9235,0.1528,-0.0512,0.0913,0.0554,-0.1306,0.0107,1600
RocketTile_46,6.0,28.0,1024.0,32.0,1.0,4.0,8.0,0.0,64.0,1.0,8.0,1.0,27130.5317,27130.5317,27130.5317,27130.5317,27130.5317,28630000.0,12032000.0,17209000.0,28518000.0,11877000.0,17015000.0,1112100000.0,738990000.0,913730000.0,1115000000.0,738970000.0,914360000.0,28630000.0,12033000.0,17210000.0,0.1257,-0.0624,0.0688,0.1244,-0.0688,0.0596,-187.6303,-373.5194,-227.8532,0.1679,-0.0288,0.1073,0.1269,-0.0604,0.0697,1600
RocketTile_47,3.0,28.0,128.0,32.0,4.0,12.0,8.0,0.0,32.0,2.0,28.0,3.0,44848.4299,44848.4299,44848.4299,44848.4299,44848.4299,50810000.0,23290000.0,32750000.0,50653000.0,23130000.0,32541000.0,46951000.0,21810000.0,30727000.0,50766000.0,21946000.0,31588000.0,50796000.0,23284000.0,32741000.0,0.104,-0.0972,0.0458,0.1062,-0.1007,0.0399,-0.4942,-1.1551,-0.6941,0.1438,-0.0525,0.0859,0.105,-0.0968,0.0468,1600
RocketTile_48,0.0,56.0,256.0,32.0,2.0,32.0,4.0,1.0,64.0,1.0,4.0,1.0,32390.82,32390.82,32390.82,32390.82,32390.82,30792000.0,12550000.0,18171000.0,30690000.0,12384000.0,17958000.0,27414000.0,11177000.0,16341000.0,30936000.0,11225000.0,17091000.0,30784000.0,12546000.0,18166000.0,0.1367,-0.0646,0.0798,0.1232,-0.076,0.0594,-0.4219,-1.0845,-0.624,0.1495,-0.0247,0.1026,0.1374,-0.0617,0.0811,1600
RocketTile_49,0.0,0.0,0.0,64.0,1.0,12.0,8.0,1.0,64.0,1.0,8.0,1.0,29191.2595,29191.2595,29191.2595,29191.2595,29191.2595,25987000.0,10065000.0,14813000.0,25980000.0,9908200.0,14630000.0,22894000.0,8700200.0,13051000.0,26490000.0,8822900.0,13892000.0,25975000.0,10060000.0,14805000.0,0.1437,-0.0678,0.0828,0.1481,-0.0506,0.0822,-0.3743,-0.9791,-0.5735,0.1619,-0.0327,0.0993,0.1454,-0.0655,0.0848,1600
RocketTile_50,0.0,14.0,0.0,32.0,1.0,16.0,4.0,1.0,64.0,4.0,4.0,3.0,45845.0179,45845.0179,45845.0179,45845.0179,45845.0179,45242000.0,20086000.0,28544000.0,45048000.0,19897000.0,28296000.0,40939000.0,18369000.0,26228000.0,44947000.0,18579000.0,27241000.0,45233000.0,20082000.0,28538000.0,0.1022,-0.1131,0.0391,0.0941,-0.1289,0.025,-0.648,-1.4232,-0.9003,0.151,-0.0602,0.0835,0.1036,-0.1127,0.0407,1600
RocketTile_51,9.0,0.0,1024.0,64.0,1.0,12.0,8.0,0.0,32.0,1.0,12.0,2.0,26443.139,26443.139,26443.139,26443.139,26443.139,26542000.0,10821000.0,15839000.0,26685000.0,10713000.0,15742000.0,23575000.0,9784600.0,14367000.0,26633000.0,9908300.0,15073000.0,26538000.0,10820000.0,15837000.0,0.1541,-0.0434,0.0984,0.1411,-0.0504,0.0773,-0.4839,-1.1284,-0.7,0.1625,-0.0291,0.1025,0.1545,-0.0431,0.0985,1600
RocketTile_52,9.0,14.0,256.0,64.0,1.0,12.0,8.0,0.0,64.0,2.0,4.0,2.0,34354.8029,34354.8029,34354.8029,34354.8029,34354.8029,32768000.0,13638000.0,19676000.0,32724000.0,13505000.0,19513000.0,29673000.0,12491000.0,18095000.0,32880000.0,12552000.0,18811000.0,32754000.0,13632000.0,19667000.0,0.1392,-0.0567,0.0831,0.1433,-0.0486,0.0829,-0.4114,-1.0284,-0.6119,0.162,-0.0275,0.0977,0.14,-0.0532,0.0836,1600
RocketTile_53,6.0,14.0,128.0,32.0,1.0,12.0,4.0,1.0,32.0,4.0,20.0,3.0,41379.4829,41379.4829,41379.4829,41379.4829,41379.4829,45865000.0,20805000.0,29414000.0,45640000.0,20611000.0,29135000.0,41707000.0,19082000.0,27093000.0,45558000.0,19275000.0,28067000.0,45845000.0,20796000.0,29400000.0,0.1175,-0.0717,0.0571,0.1094,-0.0799,0.0471,-0.5141,-1.2006,-0.737,0.1332,-0.0562,0.0777,0.1179,-0.0698,0.0582,1600
RocketTile_54,9.0,28.0,0.0,64.0,2.0,24.0,4.0,1.0,32.0,2.0,24.0,2.0,39520.0426,39520.0426,39520.0426,39520.0426,39520.0426,38209000.0,16279000.0,23405000.0,38030000.0,16099000.0,23155000.0,34833000.0,14852000.0,21484000.0,38307000.0,14940000.0,22279000.0,38200000.0,16274000.0,23399000.0,0.1334,-0.0716,0.0743,0.1249,-0.0773,0.0643,-0.3856,-1.0664,-0.6063,0.1461,-0.0453,0.0845,0.1341,-0.0694,0.0746,1600
RocketTile_55,3.0,56.0,512.0,32.0,1.0,8.0,4.0,1.0,32.0,1.0,8.0,3.0,31513.5216,31513.5216,31513.5216,31513.5216,31513.5216,37903000.0,16082000.0,23517000.0,37695000.0,15861000.0,23208000.0,34220000.0,14413000.0,21268000.0,37487000.0,14491000.0,22045000.0,37886000.0,16075000.0,23506000.0,0.1298,-0.0519,0.0741,0.1254,-0.0547,0.0662,-0.3475,-0.9506,-0.5396,0.1571,-0.0401,0.0936,0.1301,-0.0521,0.0745,1600
RocketTile_56,0.0,28.0,256.0,64.0,1.0,16.0,8.0,0.0,64.0,1.0,8.0,3.0,29331.8626,29331.8626,29331.8626,29331.8626,29331.8626,30379000.0,12846000.0,18735000.0,30432000.0,12725000.0,18603000.0,27463000.0,11697000.0,17180000.0,30655000.0,11821000.0,17911000.0,30372000.0,12844000.0,18731000.0,0.1305,-0.0415,0.0817,0.1333,-0.0478,0.0815,-0.3873,-0.9874,-0.586,0.1624,-0.024,0.1029,0.1295,-0.0391,0.0812,1600
RocketTile_57,12.0,28.0,256.0,32.0,4.0,8.0,4.0,1.0,64.0,1.0,4.0,2.0,44356.7707,44356.7707,44356.7707,44356.7707,44356.7707,47931000.0,21037000.0,29903000.0,47923000.0,20831000.0,29670000.0,44007000.0,19314000.0,27671000.0,47824000.0,19360000.0,28484000.0,47920000.0,21033000.0,29896000.0,0.135,-0.0715,0.0769,0.1329,-0.0647,0.0714,-0.6143,-1.3728,-0.8565,0.1409,-0.0531,0.0818,0.1362,-0.072,0.077,1600
RocketTile_58,3.0,28.0,0.0,32.0,2.0,4.0,4.0,1.0,32.0,4.0,12.0,3.0,44404.8149,44404.8149,44404.8149,44404.8149,44404.8149,48391000.0,22352000.0,31357000.0,48383000.0,22177000.0,31155000.0,44170000.0,20638000.0,29045000.0,48105000.0,20901000.0,30074000.0,48381000.0,22348000.0,31350000.0,0.1203,-0.0661,0.0622,0.1136,-0.0765,0.0523,-0.6704,-1.3509,-0.9014,0.1451,-0.0479,0.0822,0.1211,-0.0654,0.0632,1600
RocketTile_59,3.0,42.0,512.0,64.0,2.0,16.0,4.0,0.0,64.0,4.0,4.0,3.0,53148.4416,53148.4416,53148.4416,53148.4416,53148.4416,51392000.0,22304000.0,31736000.0,51260000.0,22107000.0,31490000.0,46771000.0,20812000.0,29531000.0,50741000.0,20897000.0,30386000.0,51374000.0,22297000.0,31725000.0,0.1097,-0.1124,0.0431,0.0786,-0.109,0.019,-0.5774,-1.3006,-0.8059,0.1526,-0.048,0.0913,0.1112,-0.1112,0.0438,1600
RocketTile_60,12.0,0.0,0.0,64.0,2.0,28.0,4.0,0.0,32.0,1.0,8.0,3.0,34008.6989,34008.6989,34008.6989,34008.6989,34008.6989,35256000.0,15199000.0,21973000.0,35029000.0,15054000.0,21764000.0,31961000.0,13920000.0,20179000.0,34901000.0,13964000.0,20799000.0,35247000.0,15195000.0,21967000.0,0.1344,-0.0592,0.0784,0.1301,-0.0408,0.0712,-0.5094,-1.2471,-0.7469,0.1515,-0.0494,0.089,0.1345,-0.0591,0.0784,1600
RocketTile_61,9.0,28.0,128.0,64.0,2.0,28.0,4.0,1.0,32.0,1.0,24.0,2.0,37592.7494,37592.7494,37592.7494,37592.7494,37592.7494,36747000.0,15265000.0,22180000.0,36572000.0,15047000.0,21885000.0,33446000.0,13569000.0,20059000.0,37031000.0,13663000.0,20884000.0,36734000.0,15260000.0,22172000.0,0.1263,-0.0508,0.0684,0.126,-0.0423,0.0674,-0.4144,-1.0339,-0.6122,0.1517,-0.0394,0.0956,0.1269,-0.0493,0.0688,1600
RocketTile_62,3.0,56.0,128.0,64.0,4.0,20.0,4.0,0.0,64.0,2.0,8.0,3.0,55381.8384,55381.8384,55381.8384,55381.8384,55381.8384,53709000.0,23428000.0,33340000.0,53605000.0,23225000.0,33098000.0,49180000.0,21663000.0,30964000.0,53644000.0,21872000.0,32059000.0,53691000.0,23419000.0,33327000.0,0.1133,-0.0616,0.0679,0.1201,-0.0656,0.0637,-0.6175,-1.3914,-0.8577,0.1465,-0.0385,0.0917,0.1136,-0.0603,0.069,1600
RocketTile_63,9.0,28.0,1024.0,64.0,1.0,12.0,4.0,0.0,32.0,2.0,28.0,3.0,33987.6864,33987.6864,33987.6864,33987.6864,33987.6864,40249000.0,17694000.0,25301000.0,40126000.0,17513000.0,25082000.0,1122600000.0,744430000.0,921370000.0,1125900000.0,744470000.0,922160000.0,40241000.0,17691000.0,25295000.0,0.1083,-0.0814,0.0559,0.117,-0.0789,0.0577,-187.8411,-372.9779,-227.852,0.1488,-0.0329,0.096,0.1086,-0.0796,0.0567,1600
RocketTile_64,3.0,56.0,0.0,64.0,1.0,16.0,8.0,1.0,32.0,4.0,24.0,2.0,40455.8914,40455.8914,40455.8914,40455.8914,40455.8914,40525000.0,18062000.0,25479000.0,40521000.0,17903000.0,25294000.0,36657000.0,16415000.0,23293000.0,40529000.0,16606000.0,24246000.0,40517000.0,18058000.0,25474000.0,0.124,-0.086,0.0671,0.1215,-0.079,0.0584,-0.5877,-1.2922,-0.8197,0.1451,-0.0371,0.0914,0.1245,-0.0859,0.0679,1600
RocketTile_65,9.0,28.0,128.0,32.0,1.0,32.0,8.0,1.0,32.0,4.0,8.0,2.0,40810.2581,40810.2581,40810.2581,40810.2581,40810.2581,42699000.0,18997000.0,26898000.0,42548000.0,18774000.0,26613000.0,38731000.0,17215000.0,24540000.0,42501000.0,17346000.0,25434000.0,42687000.0,18992000.0,26890000.0,0.1154,-0.0659,0.0589,0.0842,-0.0995,0.0207,-0.5529,-1.2356,-0.7749,0.1374,-0.0377,0.084,0.1159,-0.0648,0.0594,1600
RocketTile_66,6.0,42.0,0.0,64.0,4.0,20.0,8.0,0.0,64.0,1.0,20.0,2.0,46852.5499,46852.5499,46852.5499,46852.5499,46852.5499,43421000.0,18672000.0,26676000.0,43461000.0,18536000.0,26529000.0,39961000.0,17343000.0,24803000.0,43006000.0,17419000.0,25484000.0,43408000.0,18666000.0,26668000.0,0.1328,-0.0548,0.081,0.13,-0.0453,0.082,-0.5327,-1.1817,-0.7477,0.1541,-0.0139,0.1111,0.1354,-0.054,0.0821,1600
RocketTile_67,6.0,42.0,1024.0,64.0,2.0,4.0,8.0,0.0,32.0,4.0,28.0,2.0,46674.792,46674.792,46674.792,46674.792,46674.792,49208000.0,22064000.0,30960000.0,49102000.0,21898000.0,30758000.0,1130800000.0,748580000.0,926700000.0,1135000000.0,748640000.0,927640000.0,49197000.0,22059000.0,30953000.0,0.111,-0.1148,0.0396,0.1125,-0.0685,0.0494,-187.6815,-373.3883,-227.853,0.1391,-0.0463,0.0834,0.1116,-0.1122,0.0409,1600
RocketTile_68,6.0,14.0,0.0,32.0,4.0,4.0,4.0,1.0,64.0,4.0,12.0,2.0,57606.48,57606.48,57606.48,57606.48,57606.48,56253000.0,25509000.0,35758000.0,56186000.0,25321000.0,35520000.0,51525000.0,23804000.0,33285000.0,55362000.0,23924000.0,34144000.0,56240000.0,25503000.0,35749000.0,0.0911,-0.096,0.0381,0.0293,-0.159,-0.0343,-0.5003,-1.1625,-0.7131,0.1481,-0.0559,0.0879,0.0922,-0.0939,0.0388,1600
RocketTile_69,9.0,28.0,128.0,32.0,1.0,8.0,4.0,1.0,64.0,2.0,20.0,2.0,35601.4613,35601.4613,35601.4613,35601.4613,35601.4613,35319000.0,14854000.0,21454000.0,35038000.0,14641000.0,21153000.0,31723000.0,13177000.0,19297000.0,35349000.0,13292000.0,20148000.0,35305000.0,14847000.0,21444000.0,0.1307,-0.1073,0.0584,0.1308,-0.0859,0.0659,-0.4656,-1.1535,-0.6804,0.1409,-0.056,0.0807,0.1306,-0.1073,0.0583,1600
RocketTile_70,0.0,42.0,0.0,64.0,1.0,16.0,4.0,0.0,64.0,2.0,4.0,3.0,34312.559,34312.559,34312.559,34312.559,34312.559,33826000.0,14537000.0,20963000.0,33966000.0,14421000.0,20853000.0,30761000.0,13412000.0,19394000.0,34026000.0,13559000.0,20160000.0,33818000.0,14534000.0,20959000.0,0.151,-0.0425,0.0968,0.1343,-0.0463,0.0757,-0.5968,-1.3056,-0.8373,0.1628,-0.0209,0.1107,0.1519,-0.0419,0.0977,1600
RocketTile_71,3.0,56.0,128.0,32.0,1.0,16.0,8.0,1.0,64.0,2.0,20.0,2.0,36468.1987,36468.1987,36468.1987,36468.1987,36468.1987,35823000.0,14998000.0,21689000.0,35776000.0,14774000.0,21413000.0,32325000.0,13292000.0,19538000.0,35864000.0,13397000.0,20363000.0,35815000.0,14993000.0,21682000.0,0.1243,-0.0896,0.0656,0.1247,-0.0745,0.0609,-0.441,-1.1155,-0.6508,0.1559,-0.0373,0.0941,0.1251,-0.089,0.0665,1600
RocketTile_72,6.0,28.0,0.0,32.0,4.0,32.0,4.0,1.0,64.0,2.0,4.0,1.0,46497.3624,46497.3624,46497.3624,46497.3624,46497.3624,45322000.0,19913000.0,28036000.0,45375000.0,19731000.0,27833000.0,41177000.0,18330000.0,25876000.0,45143000.0,18421000.0,26757000.0,45311000.0,19908000.0,28028000.0,0.1223,-0.0638,0.0649,0.1414,-0.0543,0.081,-0.4901,-1.166,-0.7151,0.1515,-0.0479,0.09,0.1232,-0.0612,0.0668,1600
RocketTile_73,9.0,42.0,0.0,32.0,1.0,24.0,4.0,1.0,64.0,1.0,24.0,1.0,27576.0893,27576.0893,27576.0893,27576.0893,27576.0893,25786000.0,10146000.0,14890000.0,25756000.0,9990400.0,14703000.0,22434000.0,8734100.0,13018000.0,25974000.0,8827700.0,13817000.0,25791000.0,10149000.0,14894000.0,0.1354,-0.048,0.0822,0.1529,-0.043,0.0937,-0.3233,-0.9432,-0.5153,0.1672,-0.0197,0.1064,0.1358,-0.0469,0.0828,1600
RocketTile_74,0.0,14.0,512.0,64.0,4.0,16.0,8.0,1.0,32.0,4.0,4.0,1.0,57831.3518,57831.3518,57831.3518,57831.3518,57831.3518,53547000.0,23918000.0,33391000.0,53570000.0,23733000.0,33188000.0,49024000.0,22129000.0,30956000.0,53178000.0,22305000.0,31960000.0,53530000.0,23910000.0,33379000.0,0.1058,-0.0866,0.0468,0.1084,-0.0914,0.0424,-0.5767,-1.278,-0.8006,0.1345,-0.0394,0.0812,0.1068,-0.0858,0.0478,1600
RocketTile_75,3.0,0.0,0.0,64.0,2.0,32.0,8.0,1.0,32.0,2.0,20.0,1.0,38322.167,38322.167,38322.167,38322.167,38322.167,35114000.0,14480000.0,20844000.0,34999000.0,14303000.0,20611000.0,31366000.0,13037000.0,18842000.0,35056000.0,13101000.0,19650000.0,35104000.0,14475000.0,20837000.0,0.131,-0.0473,0.0823,0.1022,-0.0709,0.0452,-0.4499,-1.1148,-0.6683,0.1534,-0.0479,0.0931,0.1318,-0.0455,0.0833,1600
RocketTile_76,9.0,28.0,256.0,32.0,1.0,32.0,8.0,1.0,64.0,2.0,32.0,3.0,37956.5827,37956.5827,37956.5827,37956.5827,37956.5827,40110000.0,17283000.0,24971000.0,40043000.0,17084000.0,24731000.0,36663000.0,15572000.0,22796000.0,40040000.0,15667000.0,23586000.0,40102000.0,17281000.0,24967000.0,0.1239,-0.0712,0.0666,0.1268,-0.0763,0.0636,-0.438,-1.0823,-0.6495,0.1637,-0.0238,0.1068,0.125,-0.0693,0.0677,1600
RocketTile_77,6.0,0.0,128.0,64.0,2.0,12.0,4.0,0.0,64.0,2.0,8.0,1.0,37956.5827,37956.5827,37956.5827,37956.5827,37956.5827,32305000.0,13196000.0,18920000.0,32383000.0,13085000.0,18806000.0,28902000.0,12120000.0,17351000.0,32123000.0,12188000.0,18025000.0,32298000.0,13193000.0,18915000.0,0.1421,-0.0659,0.079,0.131,-0.0727,0.0644,-0.499,-1.194,-0.7254,0.1569,-0.0364,0.0958,0.143,-0.064,0.0803,1600
RocketTile_78,0.0,56.0,0.0,64.0,1.0,20.0,8.0,0.0,32.0,1.0,8.0,3.0,27769.716,27769.716,27769.716,27769.716,27769.716,30129000.0,12775000.0,18627000.0,30216000.0,12658000.0,18503000.0,27006000.0,11622000.0,17019000.0,30271000.0,11777000.0,17809000.0,30125000.0,12774000.0,18625000.0,0.1336,-0.0731,0.0779,0.1288,-0.0753,0.0685,-0.4165,-1.066,-0.6217,0.1604,-0.0319,0.1004,0.1337,-0.0725,0.0787,1600
RocketTile_79,12.0,28.0,512.0,64.0,1.0,32.0,4.0,1.0,64.0,1.0,8.0,3.0,34834.6699,34834.6699,34834.6699,34834.6699,34834.6699,39139000.0,16168000.0,23789000.0,39053000.0,15940000.0,23508000.0,35102000.0,14425000.0,21455000.0,38647000.0,14498000.0,22241000.0,39122000.0,16160000.0,23777000.0,0.1319,-0.0633,0.0712,0.1427,-0.053,0.0842,-0.3281,-0.8904,-0.5163,0.1564,-0.0364,0.0964,0.1325,-0.0633,0.0723,1600
RocketTile_80,0.0,42.0,128.0,32.0,1.0,12.0,8.0,1.0,64.0,2.0,24.0,3.0,35601.4613,35601.4613,35601.4613,35601.4613,35601.4613,37556000.0,15953000.0,23204000.0,37544000.0,15786000.0,23003000.0,33574000.0,14527000.0,21152000.0,37104000.0,14664000.0,21977000.0,37549000.0,15951000.0,23200000.0,0.1361,-0.0607,0.0808,0.1298,-0.0641,0.0689,-0.4225,-1.0794,-0.6192,0.1588,-0.0301,0.0977,0.1371,-0.058,0.0814,1600
RocketTile_81,9.0,14.0,0.0,32.0,2.0,4.0,4.0,0.0,32.0,4.0,4.0,1.0,38896.3166,38896.3166,38896.3166,38896.3166,38896.3166,37919000.0,17302000.0,23958000.0,37849000.0,17188000.0,23816000.0,34407000.0,16073000.0,22224000.0,37708000.0,16164000.0,22935000.0,37909000.0,17298000.0,23951000.0,0.1073,-0.0955,0.0475,0.0952,-0.0962,0.0285,-0.5933,-1.2838,-0.822,0.1529,-0.0426,0.0998,0.1078,-0.0941,0.048,1600
RocketTile_82,9.0,28.0,512.0,32.0,1.0,28.0,8.0,0.0,32.0,2.0,12.0,1.0,28992.708,28992.708,28992.708,28992.708,28992.708,29960000.0,12794000.0,18156000.0,29906000.0,12644000.0,17979000.0,27052000.0,11503000.0,16463000.0,30253000.0,11560000.0,17159000.0,29962000.0,12796000.0,18158000.0,0.1109,-0.0785,0.0514,0.1123,-0.0855,0.0467,-0.4937,-1.1858,-0.7145,0.1444,-0.0516,0.0857,0.1109,-0.0767,0.0517,1600
RocketTile_83,12.0,0.0,1024.0,32.0,1.0,20.0,8.0,0.0,64.0,2.0,24.0,3.0,32600.6438,32600.6438,32600.6438,32600.6438,32600.6438,33663000.0,14629000.0,21036000.0,33719000.0,14513000.0,20905000.0,30434000.0,13444000.0,19373000.0,33650000.0,13576000.0,20127000.0,33655000.0,14626000.0,21031000.0,0.1473,-0.062,0.0861,0.142,-0.0554,0.0821,-0.431,-1.059,-0.6349,0.1552,-0.0328,0.0954,0.1477,-0.0598,0.0871,1600
RocketTile_84,3.0,28.0,128.0,64.0,4.0,4.0,8.0,0.0,32.0,2.0,32.0,1.0,49158.2045,49158.2045,49158.2045,49158.2045,49158.2045,45304000.0,19605000.0,27657000.0,45264000.0,19449000.0,27476000.0,41633000.0,18173000.0,25724000.0,45500000.0,18289000.0,26608000.0,45292000.0,19599000.0,27649000.0,0.1166,-0.0791,0.0611,0.1031,-0.078,0.0425,-0.504,-1.2347,-0.7281,0.1395,-0.0472,0.0859,0.1176,-0.0778,0.0609,1600
RocketTile_85,9.0,14.0,1024.0,64.0,4.0,16.0,8.0,0.0,32.0,4.0,4.0,2.0,58591.3306,58591.3306,58591.3306,58591.3306,58591.3306,60371000.0,27355000.0,38196000.0,59952000.0,27168000.0,37901000.0,1141300000.0,753750000.0,933710000.0,1145400000.0,753840000.0,934660000.0,60353000.0,27348000.0,38184000.0,0.0621,-0.1113,0.0102,0.071,-0.1228,0.0077,-187.7513,-373.1945,-227.807,0.1293,-0.0515,0.0758,0.0638,-0.1098,0.0123,1600
RocketTile_86,3.0,0.0,0.0,64.0,2.0,24.0,4.0,1.0,64.0,4.0,12.0,2.0,52665.4282,52665.4282,52665.4282,52665.4282,52665.4282,46656000.0,20173000.0,28644000.0,46655000.0,19991000.0,28437000.0,42349000.0,18427000.0,26280000.0,46526000.0,18691000.0,27371000.0,46643000.0,20167000.0,28635000.0,0.1222,-0.072,0.0621,0.0864,-0.1203,0.0164,-0.6702,-1.383,-0.9017,0.1389,-0.0558,0.0758,0.1224,-0.0691,0.0635,1600
RocketTile_87,12.0,42.0,128.0,32.0,4.0,4.0,8.0,0.0,64.0,4.0,32.0,2.0,57158.0496,57158.0496,57158.0496,57158.0496,57158.0496,56138000.0,25405000.0,35509000.0,55772000.0,25205000.0,35213000.0,51196000.0,23585000.0,32959000.0,55266000.0,23763000.0,33938000.0,56118000.0,25396000.0,35495000.0,0.0873,-0.1107,0.025,0.0959,-0.1012,0.0324,-0.7495,-1.5737,-1.0103,0.1449,-0.0609,0.0845,0.0875,-0.11,0.0253,1600
RocketTile_88,9.0,28.0,256.0,64.0,4.0,32.0,8.0,1.0,32.0,4.0,8.0,1.0,60132.109,60132.109,60132.109,60132.109,60132.109,56900000.0,25141000.0,35230000.0,56586000.0,24894000.0,34893000.0,52009000.0,23085000.0,32503000.0,56574000.0,23213000.0,33549000.0,56880000.0,25132000.0,35216000.0,0.0585,-0.1192,0.0052,0.0855,-0.1019,0.0271,-0.5979,-1.3947,-0.8398,0.137,-0.0584,0.0841,0.0629,-0.1187,0.01,1600
RocketTile_89,3.0,14.0,128.0,32.0,1.0,4.0,8.0,1.0,32.0,4.0,8.0,3.0,41068.8374,41068.8374,41068.8374,41068.8374,41068.8374,45667000.0,20788000.0,29378000.0,45447000.0,20589000.0,29089000.0,41456000.0,19058000.0,27009000.0,45659000.0,19233000.0,28022000.0,45659000.0,20786000.0,29374000.0,0.1083,-0.0906,0.0466,0.0991,-0.1119,0.0356,-0.4504,-1.096,-0.6603,0.1322,-0.0527,0.0765,0.1092,-0.0885,0.0468,1600
RocketTile_90,9.0,0.0,256.0,64.0,4.0,16.0,8.0,1.0,64.0,1.0,32.0,2.0,49782.7512,49782.7512,49782.7512,49782.7512,49782.7512,47262000.0,19799000.0,28549000.0,47195000.0,19599000.0,28307000.0,42710000.0,18233000.0,26305000.0,46803000.0,18351000.0,27234000.0,47248000.0,19794000.0,28540000.0,0.1206,-0.0861,0.0604,0.1141,-0.0708,0.0533,-0.4228,-1.0256,-0.6164,0.1501,-0.0412,0.0886,0.1213,-0.0861,0.0607,1600
RocketTile_91,9.0,28.0,128.0,32.0,1.0,8.0,8.0,1.0,32.0,4.0,32.0,3.0,41807.7763,41807.7763,41807.7763,41807.7763,41807.7763,46297000.0,21039000.0,29703000.0,46120000.0,20843000.0,29443000.0,42149000.0,19131000.0,27242000.0,46021000.0,19349000.0,28251000.0,46281000.0,21032000.0,29693000.0,0.1232,-0.0806,0.0603,0.1152,-0.0791,0.0512,-0.5114,-1.1992,-0.7421,0.146,-0.0334,0.0924,0.1241,-0.0799,0.0615,1600
RocketTile_92,12.0,0.0,128.0,64.0,4.0,8.0,8.0,1.0,32.0,2.0,20.0,2.0,51809.7168,51809.7168,51809.7168,51809.7168,51809.7168,49354000.0,21666000.0,30696000.0,49282000.0,21482000.0,30470000.0,45694000.0,20056000.0,28587000.0,49353000.0,20152000.0,29411000.0,49341000.0,21660000.0,30687000.0,0.1267,-0.0571,0.0695,0.1142,-0.0614,0.058,-0.4943,-1.1694,-0.719,0.1471,-0.0474,0.0935,0.1276,-0.0555,0.0699,1600
RocketTile_93,0.0,56.0,128.0,32.0,4.0,32.0,8.0,0.0,64.0,2.0,4.0,2.0,44824.2984,44824.2984,44824.2984,44824.2984,44824.2984,45628000.0,20607000.0,28951000.0,45638000.0,20480000.0,28805000.0,41767000.0,19316000.0,27043000.0,45166000.0,19400000.0,27763000.0,45617000.0,20602000.0,28943000.0,0.1293,-0.0672,0.0838,0.1277,-0.0638,0.0703,-0.5539,-1.1822,-0.7686,0.1516,-0.0591,0.0959,0.13,-0.0669,0.0846,1600
RocketTile_94,3.0,14.0,512.0,32.0,1.0,8.0,8.0,1.0,64.0,2.0,16.0,2.0,35558.4514,35558.4514,35558.4514,35558.4514,35558.4514,36866000.0,15696000.0,22517000.0,36876000.0,15500000.0,22295000.0,33322000.0,14008000.0,20359000.0,36979000.0,14059000.0,21139000.0,36850000.0,15688000.0,22506000.0,0.1489,-0.0651,0.0936,0.15,-0.0338,0.0943,-0.4601,-1.1171,-0.6835,0.156,-0.0533,0.0901,0.1504,-0.0633,0.0937,1600
RocketTile_95,12.0,14.0,512.0,64.0,1.0,32.0,8.0,0.0,64.0,4.0,24.0,3.0,46399.0853,46399.0853,46399.0853,46399.0853,46399.0853,45576000.0,20216000.0,28617000.0,45389000.0,20028000.0,28373000.0,41547000.0,18609000.0,26389000.0,45648000.0,18753000.0,27347000.0,45572000.0,20215000.0,28614000.0,0.1049,-0.0904,0.0475,0.1205,-0.0898,0.0563,-0.5716,-1.3071,-0.8069,0.1482,-0.0641,0.0819,0.1057,-0.0904,0.0484,1600
RocketTile_96,9.0,42.0,512.0,64.0,1.0,32.0,8.0,1.0,64.0,1.0,12.0,3.0,35184.9326,35184.9326,35184.9326,35184.9326,35184.9326,38912000.0,16210000.0,23719000.0,38830000.0,15998000.0,23456000.0,35055000.0,14460000.0,21472000.0,38970000.0,14584000.0,22385000.0,38898000.0,16206000.0,23711000.0,0.1337,-0.0578,0.0738,0.1429,-0.0667,0.0757,-0.4365,-1.0343,-0.6317,0.1572,-0.0374,0.0957,0.1343,-0.0561,0.0745,1600
RocketTile_97,0.0,56.0,1024.0,64.0,1.0,12.0,8.0,0.0,64.0,1.0,24.0,2.0,27887.8291,27887.8291,27887.8291,27887.8291,27887.8291,26713000.0,10859000.0,15902000.0,26804000.0,10745000.0,15783000.0,23823000.0,9761700.0,14385000.0,26950000.0,9881400.0,15101000.0,26704000.0,10855000.0,15896000.0,0.1593,-0.0547,0.0996,0.162,-0.0298,0.1043,-0.4469,-1.0721,-0.6508,0.1533,-0.0325,0.095,0.1599,-0.0501,0.1019,1600
RocketTile_98,9.0,0.0,512.0,64.0,4.0,12.0,8.0,0.0,32.0,4.0,24.0,1.0,55108.2658,55108.2658,55108.2658,55108.2658,55108.2658,50110000.0,22656000.0,31496000.0,50144000.0,22514000.0,31344000.0,46518000.0,21318000.0,29602000.0,49880000.0,21430000.0,30350000.0,50096000.0,22649000.0,31487000.0,0.1117,-0.0808,0.0482,0.1047,-0.0819,0.04,-0.7551,-1.5264,-1.0115,0.1437,-0.0373,0.0895,0.112,-0.0804,0.0488,1600
RocketTile_99,3.0,42.0,0.0,64.0,2.0,20.0,4.0,0.0,64.0,4.0,24.0,1.0,48151.0555,48151.0555,48151.0555,48151.0555,48151.0555,39497000.0,16955000.0,23859000.0,39387000.0,16811000.0,23681000.0,35948000.0,15741000.0,22120000.0,39424000.0,15834000.0,22865000.0,39482000.0,16949000.0,23850000.0,0.1047,-0.0761,0.0478,0.1096,-0.0653,0.0501,-0.634,-1.359,-0.8798,0.1466,-0.0427,0.0889,0.1053,-0.0758,0.0487,1600
RocketTile_100,6.0,42.0,128.0,32.0,1.0,8.0,8.0,0.0,32.0,1.0,12.0,1.0,25109.0928,25109.0928,25109.0928,25109.0928,25109.0928,24969000.0,10004000.0,14537000.0,24993000.0,9860100.0,14377000.0,21784000.0,8743900.0,12871000.0,25310000.0,8865500.0,13664000.0,24961000.0,10001000.0,14532000.0,0.1478,-0.0573,0.091,0.1518,-0.0409,0.0898,-0.4489,-1.2257,-0.7003,0.1675,-0.0239,0.1098,0.1491,-0.0567,0.0923,1600
RocketTile_101,6.0,0.0,128.0,32.0,1.0,20.0,8.0,1.0,64.0,1.0,32.0,1.0,27576.0893,27576.0893,27576.0893,27576.0893,27576.0893,25474000.0,9996200.0,14680000.0,25484000.0,9850100.0,14500000.0,22534000.0,8724200.0,13025000.0,25816000.0,8817100.0,13772000.0,25478000.0,9998200.0,14682000.0,0.1275,-0.0786,0.0637,0.1176,-0.0868,0.0501,-0.3358,-0.9359,-0.5337,0.1463,-0.0522,0.084,0.1281,-0.0748,0.0652,1600
RocketTile_102,9.0,56.0,256.0,64.0,2.0,4.0,4.0,1.0,64.0,2.0,28.0,1.0,42963.9552,42963.9552,42963.9552,42963.9552,42963.9552,37868000.0,15455000.0,22219000.0,37798000.0,15252000.0,21967000.0,34207000.0,13842000.0,20157000.0,38160000.0,13947000.0,21059000.0,37858000.0,15451000.0,22212000.0,0.1277,-0.0682,0.0729,0.1136,-0.0785,0.0505,-0.5881,-1.2788,-0.7938,0.1605,-0.0352,0.0982,0.1283,-0.0663,0.0736,1600
RocketTile_103,0.0,28.0,1024.0,64.0,1.0,12.0,8.0,1.0,32.0,1.0,16.0,2.0,29230.2202,29230.2202,29230.2202,29230.2202,29230.2202,29620000.0,12104000.0,17713000.0,29719000.0,11954000.0,17560000.0,26339000.0,10648000.0,15833000.0,29710000.0,10733000.0,16592000.0,29614000.0,12101000.0,17709000.0,0.1394,-0.0556,0.0818,0.1316,-0.0571,0.0678,-0.5281,-1.2491,-0.7638,0.1455,-0.0303,0.092,0.1411,-0.0538,0.083,1600
RocketTile_104,3.0,0.0,512.0,64.0,4.0,4.0,8.0,0.0,64.0,4.0,8.0,2.0,62272.4544,62272.4544,62272.4544,62272.4544,62272.4544,54440000.0,24161000.0,33917000.0,54492000.0,24021000.0,33774000.0,50521000.0,22762000.0,31933000.0,53957000.0,22881000.0,32726000.0,54425000.0,24154000.0,33907000.0,0.1119,-0.1006,0.0201,0.1102,-0.0962,0.0469,-0.6283,-1.3869,-0.8663,0.1346,-0.0373,0.0899,0.1172,-0.092,0.0256,1600
RocketTile_105,12.0,14.0,128.0,32.0,2.0,4.0,8.0,1.0,64.0,1.0,20.0,2.0,34660.1952,34660.1952,34660.1952,34660.1952,34660.1952,36174000.0,15034000.0,21905000.0,36136000.0,14843000.0,21649000.0,32261000.0,13515000.0,19758000.0,36043000.0,13593000.0,20591000.0,36164000.0,15030000.0,21899000.0,0.1234,-0.0492,0.0741,0.1306,-0.0509,0.0746,-0.5692,-1.2682,-0.7999,0.1605,-0.0489,0.0981,0.1238,-0.0483,0.0748,1600
RocketTile_106,6.0,28.0,1024.0,64.0,1.0,12.0,8.0,0.0,64.0,4.0,8.0,2.0,45820.6128,45820.6128,45820.6128,45820.6128,45820.6128,44346000.0,19597000.0,27579000.0,44462000.0,19458000.0,27445000.0,1126700000.0,746260000.0,923630000.0,1130300000.0,746330000.0,924450000.0,44337000.0,19594000.0,27573000.0,0.0779,-0.0895,0.0348,0.149,-0.0515,0.0887,-187.8043,-372.9757,-227.8192,0.1491,-0.0322,0.0933,0.0787,-0.0881,0.0324,1600
RocketTile_107,0.0,42.0,128.0,64.0,2.0,28.0,8.0,0.0,32.0,1.0,32.0,2.0,32749.236,32749.236,32749.236,32749.236,32749.236,31149000.0,13073000.0,18868000.0,31157000.0,12956000.0,18728000.0,28460000.0,12036000.0,17460000.0,31323000.0,12077000.0,18048000.0,31144000.0,13071000.0,18864000.0,0.1464,-0.0456,0.0877,0.1284,-0.0526,0.0661,-0.4574,-1.1328,-0.6741,0.1615,-0.0341,0.1008,0.1465,-0.0441,0.0882,1600
RocketTile_108,12.0,14.0,0.0,64.0,4.0,8.0,8.0,0.0,32.0,2.0,4.0,3.0,50488.0646,50488.0646,50488.0646,50488.0646,50488.0646,50005000.0,22357000.0,31675000.0,49889000.0,22212000.0,31492000.0,46572000.0,21079000.0,29864000.0,49672000.0,21164000.0,30561000.0,49995000.0,22352000.0,31668000.0,0.1092,-0.0722,0.0578,0.1169,-0.0691,0.0555,-0.5566,-1.2575,-0.7894,0.1482,-0.0379,0.0954,0.1099,-0.0703,0.0589,1600
RocketTile_109,0.0,56.0,128.0,32.0,2.0,24.0,4.0,1.0,32.0,2.0,32.0,3.0,37455.5938,37455.5938,37455.5938,37455.5938,37455.5938,41732000.0,18569000.0,26532000.0,41621000.0,18383000.0,26295000.0,37972000.0,16997000.0,24435000.0,41610000.0,17089000.0,25252000.0,41722000.0,18564000.0,26525000.0,0.0994,-0.0904,0.0237,0.1329,-0.071,0.0669,-0.5898,-1.3038,-0.8247,0.1553,-0.0483,0.0985,0.0969,-0.0869,0.0214,1600
RocketTile_110,3.0,42.0,1024.0,32.0,1.0,20.0,8.0,0.0,64.0,1.0,8.0,1.0,27420.876,27420.876,27420.876,27420.876,27420.876,29639000.0,12269000.0,17629000.0,29640000.0,12119000.0,17468000.0,1112200000.0,739050000.0,913830000.0,1115700000.0,739070000.0,914580000.0,29627000.0,12264000.0,17622000.0,0.1048,-0.0917,0.0452,0.0989,-0.0967,0.0328,-187.6698,-373.3888,-227.8139,0.1586,-0.0389,0.0957,0.1052,-0.0897,0.0463,1600
RocketTile_111,3.0,28.0,0.0,32.0,2.0,32.0,4.0,1.0,32.0,2.0,20.0,3.0,37636.9632,37636.9632,37636.9632,37636.9632,37636.9632,41657000.0,18509000.0,26504000.0,41543000.0,18325000.0,26256000.0,38166000.0,17029000.0,24511000.0,41775000.0,17115000.0,25317000.0,41650000.0,18506000.0,26500000.0,0.098,-0.0975,0.038,0.1096,-0.0995,0.043,-0.4444,-1.0541,-0.6455,0.1574,-0.0471,0.0981,0.1013,-0.0972,0.042,1600
RocketTile_112,0.0,56.0,128.0,32.0,2.0,20.0,8.0,1.0,64.0,4.0,8.0,1.0,47487.1651,47487.1651,47487.1651,47487.1651,47487.1651,42102000.0,18167000.0,25614000.0,41910000.0,17982000.0,25367000.0,37643000.0,16609000.0,23398000.0,41775000.0,16703000.0,24299000.0,42090000.0,18161000.0,25606000.0,0.1161,-0.0737,0.0591,0.1182,-0.0651,0.0561,-0.7246,-1.5222,-0.9874,0.1503,-0.0505,0.0889,0.1173,-0.0731,0.0595,1600
RocketTile_113,6.0,14.0,0.0,64.0,2.0,16.0,4.0,0.0,64.0,2.0,4.0,2.0,39311.5867,39311.5867,39311.5867,39311.5867,39311.5867,35265000.0,14882000.0,21366000.0,35337000.0,14757000.0,21234000.0,32215000.0,13820000.0,19842000.0,35241000.0,13858000.0,20466000.0,35256000.0,14878000.0,21360000.0,0.1415,-0.0674,0.087,0.1438,-0.0622,0.0805,-0.4545,-1.1165,-0.6731,0.1567,-0.0476,0.0975,0.142,-0.0673,0.0877,1600
RocketTile_114,3.0,28.0,0.0,64.0,2.0,24.0,4.0,1.0,64.0,4.0,32.0,1.0,51120.9835,51120.9835,51120.9835,51120.9835,51120.9835,43256000.0,18267000.0,25936000.0,43220000.0,18072000.0,25703000.0,38803000.0,16592000.0,23580000.0,42885000.0,16698000.0,24491000.0,43247000.0,18263000.0,25930000.0,0.1035,-0.0707,0.0511,0.1212,-0.07,0.066,-0.4241,-1.1208,-0.652,0.1502,-0.0317,0.0924,0.1057,-0.0684,0.0532,1600
RocketTile_115,0.0,28.0,256.0,32.0,4.0,32.0,4.0,0.0,64.0,2.0,32.0,1.0,43376.5987,43376.5987,43376.5987,43376.5987,43376.5987,41896000.0,18669000.0,26181000.0,41894000.0,18522000.0,26003000.0,38392000.0,17526000.0,24459000.0,41541000.0,17610000.0,25143000.0,41883000.0,18663000.0,26173000.0,0.1164,-0.0498,0.066,0.1149,-0.0669,0.0621,-0.5798,-1.3188,-0.8231,0.1455,-0.0332,0.0999,0.1178,-0.0486,0.0676,1600
RocketTile_116,12.0,56.0,128.0,32.0,4.0,12.0,8.0,0.0,32.0,4.0,24.0,1.0,50411.2378,50411.2378,50411.2378,50411.2378,50411.2378,51649000.0,23770000.0,32919000.0,51403000.0,23611000.0,32688000.0,47400000.0,22150000.0,30707000.0,51197000.0,22251000.0,31526000.0,51635000.0,23764000.0,32909000.0,0.1144,-0.075,0.0563,0.1124,-0.0734,0.0496,-0.5641,-1.4017,-0.8326,0.1382,-0.0548,0.0855,0.1152,-0.0727,0.0575,1600
RocketTile_117,12.0,0.0,128.0,32.0,1.0,8.0,8.0,1.0,64.0,1.0,24.0,1.0,27284.9242,27284.9242,27284.9242,27284.9242,27284.9242,25459000.0,10102000.0,14740000.0,25481000.0,9948800.0,14564000.0,22307000.0,8693000.0,12941000.0,25703000.0,8802400.0,13713000.0,25455000.0,10100000.0,14736000.0,0.1569,-0.0428,0.0934,0.1548,-0.0409,0.0934,-0.5203,-1.1569,-0.7448,0.1667,-0.0281,0.1051,0.1575,-0.0395,0.0949,1600
RocketTile_118,6.0,0.0,512.0,32.0,2.0,32.0,4.0,1.0,64.0,4.0,12.0,2.0,49340.6136,49340.6136,49340.6136,49340.6136,49340.6136,46108000.0,20203000.0,28590000.0,45833000.0,19982000.0,28292000.0,41681000.0,18504000.0,26259000.0,45470000.0,18607000.0,27110000.0,46096000.0,20198000.0,28583000.0,0.1091,-0.0787,0.0517,0.1103,-0.0642,0.0532,-0.5957,-1.3063,-0.8182,0.1515,-0.054,0.0897,0.1102,-0.0744,0.0531,1600
RocketTile_119,0.0,42.0,128.0,64.0,1.0,20.0,4.0,0.0,32.0,2.0,20.0,3.0,31513.5216,31513.5216,31513.5216,31513.5216,31513.5216,33341000.0,14724000.0,21064000.0,33319000.0,14608000.0,20922000.0,30327000.0,13496000.0,19418000.0,33467000.0,13666000.0,20194000.0,33334000.0,14722000.0,21060000.0,0.1332,-0.0537,0.0767,0.1285,-0.0407,0.0702,-0.4694,-1.151,-0.686,0.1593,-0.0262,0.1052,0.1347,-0.0523,0.0774,1600
RocketTile_120,9.0,0.0,128.0,64.0,1.0,24.0,4.0,0.0,64.0,1.0,20.0,2.0,27769.716,27769.716,27769.716,27769.716,27769.716,26678000.0,10845000.0,15876000.0,26836000.0,10737000.0,15777000.0,23837000.0,9791700.0,14417000.0,26808000.0,9891200.0,15097000.0,26673000.0,10843000.0,15873000.0,0.1441,-0.043,0.1033,0.152,-0.0217,0.0983,-0.53,-1.2201,-0.751,0.1655,-0.0139,0.1134,0.1452,-0.0399,0.104,1600
RocketTile_121,0.0,28.0,0.0,32.0,2.0,4.0,4.0,1.0,64.0,2.0,16.0,2.0,38344.4928,38344.4928,38344.4928,38344.4928,38344.4928,37487000.0,16161000.0,23077000.0,37608000.0,16000000.0,22909000.0,34073000.0,14751000.0,21214000.0,37487000.0,14823000.0,21957000.0,37478000.0,16157000.0,23071000.0,0.1427,-0.066,0.0832,0.1378,-0.0655,0.0709,-0.5113,-1.1934,-0.7366,0.1557,-0.0397,0.0937,0.1455,-0.0639,0.0841,1600
RocketTile_122,0.0,56.0,512.0,64.0,1.0,28.0,4.0,1.0,32.0,2.0,8.0,3.0,34723.8893,34723.8893,34723.8893,34723.8893,34723.8893,37305000.0,16224000.0,23414000.0,37195000.0,16051000.0,23187000.0,33892000.0,14698000.0,21431000.0,37555000.0,14853000.0,22297000.0,37289000.0,16217000.0,23404000.0,0.1237,-0.0842,0.0644,0.119,-0.0735,0.0551,-0.4348,-1.0972,-0.6487,0.1492,-0.0549,0.0871,0.124,-0.0839,0.0651,1600
RocketTile_123,6.0,56.0,1024.0,32.0,4.0,16.0,8.0,0.0,32.0,4.0,20.0,2.0,52639.272,52639.272,52639.272,52639.272,52639.272,59662000.0,27906000.0,38631000.0,59317000.0,27697000.0,38342000.0,1140900000.0,754170000.0,934130000.0,1144600000.0,754250000.0,934960000.0,59641000.0,27896000.0,38616000.0,0.1123,-0.096,0.0521,0.097,-0.1018,0.0317,-187.7093,-373.3691,-227.8892,0.1459,-0.0634,0.0811,0.1131,-0.0949,0.0532,1600
RocketTile_124,0.0,42.0,0.0,64.0,1.0,24.0,4.0,1.0,64.0,2.0,4.0,1.0,34528.5115,34528.5115,34528.5115,34528.5115,34528.5115,30050000.0,11982000.0,17412000.0,30090000.0,11821000.0,17225000.0,26525000.0,10530000.0,15465000.0,30013000.0,10666000.0,16308000.0,30051000.0,11982000.0,17412000.0,0.1419,-0.043,0.0867,0.1446,-0.0437,0.0883,-0.3963,-1.021,-0.608,0.1388,-0.0472,0.0807,0.1432,-0.0414,0.088,1600
RocketTile_125,6.0,14.0,0.0,64.0,4.0,8.0,4.0,1.0,64.0,2.0,20.0,1.0,53095.9104,53095.9104,53095.9104,53095.9104,53095.9104,46518000.0,19915000.0,28209000.0,46583000.0,19730000.0,28016000.0,42536000.0,18191000.0,25932000.0,46429000.0,18300000.0,26809000.0,46504000.0,19909000.0,28200000.0,0.121,-0.0606,0.0748,0.1271,-0.0463,0.0762,-0.4744,-1.1675,-0.6742,0.1573,-0.0312,0.1013,0.1216,-0.0581,0.0756,1600
RocketTile_126,6.0,0.0,512.0,32.0,2.0,32.0,4.0,0.0,64.0,1.0,28.0,3.0,31907.7792,31907.7792,31907.7792,31907.7792,31907.7792,34691000.0,15133000.0,21769000.0,34693000.0,15009000.0,21620000.0,31572000.0,14050000.0,20254000.0,34546000.0,14123000.0,20904000.0,34683000.0,15129000.0,21764000.0,0.1232,-0.0675,0.0732,0.142,-0.0595,0.0803,-0.4731,-1.0925,-0.6876,0.1563,-0.0411,0.0966,0.1253,-0.0662,0.0741,1600
RocketTile_127,3.0,28.0,256.0,32.0,2.0,8.0,4.0,0.0,64.0,2.0,16.0,2.0,37274.6621,37274.6621,37274.6621,37274.6621,37274.6621,37134000.0,16039000.0,22826000.0,37099000.0,15897000.0,22662000.0,33746000.0,14769000.0,21105000.0,37295000.0,14822000.0,21839000.0,37125000.0,16035000.0,22820000.0,0.1148,-0.092,0.0484,0.104,-0.1079,0.0353,-0.3914,-1.0385,-0.5984,0.1568,-0.0579,0.0921,0.1152,-0.0906,0.0492,1600
RocketTile_128,6.0,14.0,512.0,64.0,2.0,32.0,8.0,0.0,32.0,4.0,16.0,2.0,45420.7738,45420.7738,45420.7738,45420.7738,45420.7738,45594000.0,20491000.0,28719000.0,45483000.0,20340000.0,28530000.0,42081000.0,19139000.0,26837000.0,45699000.0,19185000.0,27595000.0,45584000.0,20487000.0,28713000.0,0.1031,-0.0867,0.0378,0.087,-0.1061,0.0197,-0.6697,-1.3735,-0.8969,0.1359,-0.0588,0.0802,0.1038,-0.0857,0.0386,1600
RocketTile_129,12.0,56.0,1024.0,32.0,1.0,8.0,8.0,0.0,64.0,1.0,12.0,2.0,29531.5632,29531.5632,29531.5632,29531.5632,29531.5632,33484000.0,14254000.0,20488000.0,33503000.0,14082000.0,20297000.0,1116200000.0,740870000.0,916560000.0,1119400000.0,740930000.0,917320000.0,33468000.0,14248000.0,20478000.0,0.1356,-0.0578,0.0871,0.1455,-0.0485,0.0874,-187.7181,-373.547,-227.8871,0.1615,-0.0363,0.1022,0.1363,-0.0562,0.0877,1600
RocketTile_130,0.0,42.0,1024.0,32.0,4.0,8.0,8.0,1.0,32.0,2.0,8.0,2.0,44650.4256,44650.4256,44650.4256,44650.4256,44650.4256,47968000.0,21786000.0,30598000.0,47928000.0,21606000.0,30380000.0,44136000.0,20259000.0,28536000.0,47735000.0,20354000.0,29335000.0,47957000.0,21781000.0,30590000.0,0.1333,-0.0692,0.0732,0.1425,-0.0645,0.0784,-0.4422,-1.0966,-0.6736,0.1602,-0.0459,0.0959,0.1349,-0.0665,0.0748,1600
RocketTile_131,6.0,14.0,256.0,32.0,2.0,24.0,4.0,1.0,64.0,1.0,4.0,3.0,36533.5344,36533.5344,36533.5344,36533.5344,36533.5344,40766000.0,17626000.0,25478000.0,40717000.0,17431000.0,25243000.0,37193000.0,15971000.0,23337000.0,40890000.0,16021000.0,24130000.0,40757000.0,17622000.0,25473000.0,0.1262,-0.0634,0.0718,0.1253,-0.0677,0.064,-0.3897,-0.9857,-0.5807,0.1572,-0.0585,0.0956,0.1268,-0.0634,0.0725,1600
RocketTile_132,12.0,56.0,512.0,64.0,2.0,16.0,8.0,1.0,64.0,2.0,16.0,3.0,46699.416,46699.416,46699.416,46699.416,46699.416,47764000.0,20257000.0,29253000.0,47713000.0,20031000.0,28974000.0,43234000.0,18305000.0,26654000.0,47581000.0,18418000.0,27644000.0,47752000.0,20252000.0,29246000.0,0.141,-0.0641,0.0763,0.1337,-0.0597,0.0717,-0.5612,-1.2638,-0.7877,0.1416,-0.0478,0.081,0.1418,-0.0629,0.0772,1600
RocketTile_133,3.0,56.0,0.0,64.0,1.0,16.0,8.0,0.0,64.0,4.0,20.0,3.0,44776.0354,44776.0354,44776.0354,44776.0354,44776.0354,41520000.0,18381000.0,26071000.0,41588000.0,18257000.0,25934000.0,38008000.0,17140000.0,24302000.0,41336000.0,17280000.0,25076000.0,41508000.0,18377000.0,26064000.0,0.1206,-0.0929,0.0589,0.1222,-0.0713,0.0594,-0.528,-1.1427,-0.7283,0.1402,-0.058,0.0753,0.1223,-0.0926,0.0591,1600
RocketTile_134,3.0,28.0,256.0,32.0,4.0,28.0,8.0,0.0,64.0,4.0,24.0,1.0,55301.4,55301.4,55301.4,55301.4,55301.4,51959000.0,23488000.0,32635000.0,51938000.0,23324000.0,32450000.0,48012000.0,22053000.0,30621000.0,51710000.0,22129000.0,31409000.0,51942000.0,23480000.0,32623000.0,0.0902,-0.1146,0.0278,0.0654,-0.1298,-0.0013,-0.6698,-1.4348,-0.9205,0.1386,-0.0672,0.0801,0.0911,-0.1145,0.0279,1600
RocketTile_135,12.0,42.0,512.0,32.0,4.0,16.0,8.0,1.0,64.0,1.0,28.0,3.0,46674.792,46674.792,46674.792,46674.792,46674.792,53748000.0,23987000.0,34148000.0,53513000.0,23752000.0,33834000.0,49334000.0,22056000.0,31598000.0,53544000.0,22129000.0,32499000.0,53736000.0,23982000.0,34141000.0,0.1133,-0.0946,0.0473,0.108,-0.0817,0.045,-0.6912,-1.2325,-0.8803,0.1438,-0.0503,0.0873,0.1145,-0.0931,0.0488,1600
RocketTile_136,9.0,28.0,512.0,32.0,2.0,20.0,8.0,0.0,64.0,1.0,28.0,1.0,31242.4934,31242.4934,31242.4934,31242.4934,31242.4934,31781000.0,13170000.0,18895000.0,31850000.0,13023000.0,18735000.0,28609000.0,11901000.0,17178000.0,31928000.0,11892000.0,17806000.0,31773000.0,13167000.0,18889000.0,0.1329,-0.0655,0.0751,0.1233,-0.0726,0.0608,-0.4272,-1.0773,-0.639,0.1474,-0.0514,0.0929,0.1338,-0.0642,0.0759,1600
RocketTile_137,9.0,42.0,512.0,64.0,4.0,20.0,4.0,1.0,32.0,2.0,24.0,3.0,56017.6574,56017.6574,56017.6574,56017.6574,56017.6574,59264000.0,25893000.0,37016000.0,58857000.0,25623000.0,36633000.0,54134000.0,23763000.0,34081000.0,58702000.0,23959000.0,35187000.0,59247000.0,25885000.0,37004000.0,0.0966,-0.0794,0.0387,0.1121,-0.079,0.0539,-0.6218,-1.2399,-0.7979,0.1233,-0.0546,0.0668,0.097,-0.0786,0.039,1600
RocketTile_138,9.0,0.0,0.0,32.0,1.0,32.0,4.0,1.0,64.0,4.0,4.0,2.0,44776.0354,44776.0354,44776.0354,44776.0354,44776.0354,41398000.0,18058000.0,25674000.0,41327000.0,17868000.0,25435000.0,37337000.0,16320000.0,23318000.0,40913000.0,16422000.0,24124000.0,41372000.0,18046000.0,25657000.0,0.0951,-0.1167,0.0297,0.0855,-0.1214,0.0163,-0.6803,-1.4183,-0.9157,0.1546,-0.055,0.0873,0.0959,-0.1132,0.0312,1600
RocketTile_139,6.0,14.0,512.0,64.0,1.0,16.0,4.0,1.0,64.0,4.0,12.0,3.0,49365.949,49365.949,49365.949,49365.949,49365.949,49521000.0,21656000.0,30898000.0,49294000.0,21416000.0,30579000.0,45072000.0,19835000.0,28409000.0,48963000.0,19976000.0,29346000.0,49501000.0,21647000.0,30884000.0,0.129,-0.0784,0.0715,0.1193,-0.0852,0.0561,-0.4974,-1.2037,-0.7306,0.1489,-0.0358,0.0933,0.1296,-0.0776,0.072,1600
RocketTile_140,3.0,28.0,1024.0,32.0,2.0,32.0,8.0,0.0,32.0,1.0,20.0,2.0,31679.8978,31679.8978,31679.8978,31679.8978,31679.8978,37471000.0,16152000.0,23061000.0,37378000.0,15992000.0,22865000.0,1119600000.0,742970000.0,919230000.0,1123000000.0,742960000.0,919930000.0,37463000.0,16149000.0,23056000.0,0.1208,-0.0877,0.0564,0.1101,-0.0967,0.043,-187.6612,-373.5821,-227.88,0.157,-0.0448,0.093,0.122,-0.0863,0.0576,1600
RocketTile_141,0.0,0.0,1024.0,32.0,2.0,8.0,4.0,1.0,64.0,4.0,28.0,2.0,48744.0288,48744.0288,48744.0288,48744.0288,48744.0288,45554000.0,20219000.0,28508000.0,45321000.0,20047000.0,28272000.0,41257000.0,18452000.0,26103000.0,45024000.0,18708000.0,27081000.0,45539000.0,20212000.0,28498000.0,0.098,-0.0928,0.0417,0.1066,-0.1041,0.0446,-0.4065,-1.0196,-0.5965,0.1517,-0.0546,0.0903,0.1018,-0.0919,0.0461,1600
RocketTile_142,3.0,0.0,128.0,32.0,4.0,24.0,4.0,0.0,64.0,4.0,4.0,1.0,53692.0574,53692.0574,53692.0574,53692.0574,53692.0574,49590000.0,22679000.0,31347000.0,49539000.0,22524000.0,31171000.0,45566000.0,21235000.0,29332000.0,49039000.0,21334000.0,30085000.0,49575000.0,22671000.0,31336000.0,0.1069,-0.059,0.0574,0.1064,-0.0762,0.0521,-0.5665,-1.3103,-0.8085,0.1574,-0.0498,0.0969,0.1074,-0.0568,0.0573,1600
RocketTile_143,6.0,42.0,0.0,64.0,1.0,8.0,8.0,1.0,32.0,2.0,20.0,2.0,32898.1565,32898.1565,32898.1565,32898.1565,32898.1565,32690000.0,13899000.0,19991000.0,32784000.0,13743000.0,19825000.0,29646000.0,12563000.0,18276000.0,32896000.0,12660000.0,19018000.0,32678000.0,13894000.0,19982000.0,0.1283,-0.064,0.0694,0.1334,-0.0592,0.0735,-0.3899,-1.0538,-0.5926,0.1545,-0.0325,0.0958,0.1289,-0.0623,0.0701,1600
RocketTile_144,9.0,42.0,512.0,32.0,4.0,16.0,8.0,0.0,64.0,1.0,8.0,2.0,42046.1093,42046.1093,42046.1093,42046.1093,42046.1093,46673000.0,20630000.0,29174000.0,46487000.0,20435000.0,28916000.0,42645000.0,19095000.0,27097000.0,46421000.0,19154000.0,27869000.0,46661000.0,20625000.0,29166000.0,0.1105,-0.0854,0.0564,0.1119,-0.0929,0.0478,-0.5261,-1.187,-0.746,0.1335,-0.0919,0.0655,0.1111,-0.0852,0.0579,1600
RocketTile_145,3.0,42.0,1024.0,32.0,2.0,28.0,8.0,0.0,32.0,2.0,16.0,2.0,35756.7293,35756.7293,35756.7293,35756.7293,35756.7293,40411000.0,18134000.0,25503000.0,40426000.0,17971000.0,25318000.0,1123300000.0,744990000.0,921860000.0,1126700000.0,744950000.0,922530000.0,40401000.0,18129000.0,25496000.0,0.1151,-0.0826,0.0563,0.1057,-0.093,0.0414,-187.62,-373.4005,-227.9122,0.1526,-0.0504,0.0971,0.1175,-0.0801,0.0588,1600
RocketTile_146,0.0,56.0,1024.0,32.0,1.0,28.0,8.0,1.0,32.0,2.0,32.0,2.0,31574.2608,31574.2608,31574.2608,31574.2608,31574.2608,32791000.0,14091000.0,20246000.0,32728000.0,13925000.0,20036000.0,29604000.0,12633000.0,18361000.0,32805000.0,12771000.0,19151000.0,32787000.0,14089000.0,20243000.0,0.1396,-0.071,0.0793,0.1354,-0.0563,0.0772,-0.5769,-1.2792,-0.8046,0.1563,-0.0376,0.0942,0.141,-0.069,0.0804,1600
RocketTile_147,3.0,28.0,0.0,64.0,4.0,8.0,4.0,0.0,64.0,4.0,28.0,3.0,63560.7,63560.7,63560.7,63560.7,63560.7,58382000.0,26163000.0,36824000.0,57996000.0,25963000.0,36539000.0,54102000.0,24605000.0,34607000.0,57539000.0,24760000.0,35431000.0,58363000.0,26154000.0,36811000.0,0.1023,-0.1036,0.056,0.1015,-0.0971,0.0472,-0.5508,-1.1866,-0.7638,0.1437,-0.0459,0.0898,0.1037,-0.1027,0.0577,1600
RocketTile_148,9.0,56.0,128.0,64.0,4.0,32.0,4.0,0.0,32.0,2.0,8.0,2.0,51307.0042,51307.0042,51307.0042,51307.0042,51307.0042,49201000.0,21556000.0,30536000.0,49019000.0,21362000.0,30281000.0,45390000.0,19933000.0,28394000.0,49344000.0,20084000.0,29301000.0,49186000.0,21549000.0,30526000.0,0.1229,-0.0635,0.0678,0.1165,-0.0614,0.0557,-0.5014,-1.2542,-0.7451,0.1488,-0.0425,0.0882,0.1235,-0.0637,0.0683,1600
RocketTile_149,9.0,56.0,256.0,32.0,2.0,4.0,8.0,0.0,32.0,4.0,8.0,2.0,42793.7486,42793.7486,42793.7486,42793.7486,42793.7486,44592000.0,20209000.0,28286000.0,44471000.0,20041000.0,28067000.0,40979000.0,18825000.0,26405000.0,44613000.0,18919000.0,27206000.0,44582000.0,20204000.0,28279000.0,0.086,-0.1002,0.0223,0.0899,-0.1011,0.0241,-0.518,-1.1667,-0.7367,0.1462,-0.043,0.0935,0.0876,-0.098,0.0246,1600
RocketTile_150,12.0,56.0,0.0,64.0,1.0,24.0,8.0,0.0,64.0,1.0,28.0,3.0,29230.2202,29230.2202,29230.2202,29230.2202,29230.2202,30313000.0,12792000.0,18690000.0,30338000.0,12684000.0,18572000.0,27460000.0,11667000.0,17149000.0,30549000.0,11813000.0,17886000.0,30307000.0,12789000.0,18686000.0,0.1212,-0.0583,0.0653,0.1406,-0.0449,0.0839,-0.5605,-1.2539,-0.7839,0.1622,-0.0235,0.1077,0.1219,-0.0582,0.0664,1600
RocketTile_151,9.0,42.0,1024.0,32.0,4.0,16.0,8.0,1.0,32.0,2.0,20.0,3.0,49416.6197,49416.6197,49416.6197,49416.6197,49416.6197,59228000.0,27138000.0,38172000.0,59172000.0,26910000.0,37907000.0,1140600000.0,753300000.0,933620000.0,1144800000.0,753330000.0,934530000.0,59214000.0,27132000.0,38162000.0,0.0795,-0.1021,0.0291,0.075,-0.1089,0.0123,-187.8292,-373.2548,-228.1802,0.138,-0.0513,0.0771,0.0808,-0.1009,0.0306,1600
RocketTile_152,0.0,56.0,1024.0,64.0,4.0,4.0,8.0,1.0,64.0,4.0,12.0,1.0,63296.2656,63296.2656,63296.2656,63296.2656,63296.2656,54842000.0,23803000.0,33471000.0,54704000.0,23623000.0,33250000.0,49725000.0,21911000.0,30811000.0,54181000.0,22113000.0,31890000.0,54822000.0,23794000.0,33458000.0,0.1032,-0.0727,0.0438,0.122,-0.0612,0.0618,-0.6912,-1.4757,-0.9412,0.15,-0.0388,0.0936,0.1066,-0.071,0.0494,1600
RocketTile_153,3.0,28.0,1024.0,64.0,1.0,28.0,4.0,0.0,32.0,2.0,32.0,3.0,33815.3458,33815.3458,33815.3458,33815.3458,33815.3458,39674000.0,17673000.0,25119000.0,39585000.0,17510000.0,24922000.0,1122300000.0,744410000.0,921310000.0,1125700000.0,744490000.0,922120000.0,39660000.0,17667000.0,25110000.0,0.1418,-0.0607,0.0827,0.1384,-0.0576,0.0761,-187.7604,-373.2921,-227.8422,0.1596,-0.0315,0.0987,0.1424,-0.0587,0.0846,1600
RocketTile_154,0.0,56.0,0.0,32.0,2.0,28.0,8.0,1.0,32.0,1.0,28.0,2.0,32390.82,32390.82,32390.82,32390.82,32390.82,33984000.0,14367000.0,20740000.0,33993000.0,14207000.0,20552000.0,30673000.0,13044000.0,19009000.0,34373000.0,13097000.0,19790000.0,33977000.0,14364000.0,20735000.0,0.137,-0.0552,0.08,0.132,-0.0581,0.0746,-0.6005,-1.2797,-0.8444,0.144,-0.045,0.084,0.1377,-0.0539,0.0824,1600
RocketTile_155,0.0,14.0,1024.0,64.0,4.0,20.0,4.0,0.0,64.0,4.0,16.0,2.0,62095.9003,62095.9003,62095.9003,62095.9003,62095.9003,54445000.0,24327000.0,34055000.0,54447000.0,24190000.0,33904000.0,50466000.0,22758000.0,31918000.0,53931000.0,22914000.0,32745000.0,54425000.0,24318000.0,34041000.0,0.129,-0.0811,0.0716,0.1142,-0.0854,0.0502,-0.5561,-1.2698,-0.794,0.1522,-0.0654,0.0856,0.1297,-0.0813,0.0718,1600
RocketTile_156,6.0,0.0,128.0,64.0,1.0,8.0,4.0,1.0,32.0,1.0,24.0,2.0,29031.5592,29031.5592,29031.5592,29031.5592,29031.5592,29890000.0,12112000.0,17796000.0,29894000.0,11948000.0,17601000.0,26025000.0,10620000.0,15746000.0,29791000.0,10766000.0,16626000.0,29879000.0,12107000.0,17789000.0,0.1308,-0.0532,0.0698,0.1284,-0.0582,0.0654,-0.5095,-1.1552,-0.7282,0.1605,-0.044,0.1019,0.1313,-0.0508,0.0711,1600
RocketTile_157,3.0,0.0,0.0,32.0,1.0,24.0,4.0,1.0,64.0,1.0,16.0,2.0,29191.2595,29191.2595,29191.2595,29191.2595,29191.2595,29315000.0,12156000.0,17733000.0,29377000.0,11996000.0,17559000.0,26085000.0,10714000.0,15875000.0,29687000.0,10836000.0,16727000.0,29314000.0,12156000.0,17732000.0,0.1376,-0.0625,0.0866,0.1425,-0.0375,0.0861,-0.4708,-1.1217,-0.6938,0.1645,-0.0378,0.1003,0.1381,-0.0593,0.088,1600
RocketTile_158,3.0,42.0,512.0,64.0,1.0,16.0,4.0,0.0,32.0,1.0,28.0,3.0,30016.0814,30016.0814,30016.0814,30016.0814,30016.0814,34555000.0,14682000.0,21361000.0,34538000.0,14535000.0,21179000.0,31286000.0,13257000.0,19439000.0,34451000.0,13389000.0,20194000.0,34552000.0,14682000.0,21361000.0,0.1243,-0.073,0.0629,0.1217,-0.0749,0.0546,-0.5162,-1.147,-0.7318,0.1458,-0.0452,0.0858,0.1251,-0.0704,0.0636,1600
RocketTile_159,6.0,28.0,1024.0,32.0,2.0,8.0,4.0,0.0,64.0,1.0,20.0,1.0,31574.2608,31574.2608,31574.2608,31574.2608,31574.2608,33901000.0,14264000.0,20374000.0,33827000.0,14121000.0,20201000.0,1116400000.0,741240000.0,916740000.0,1119700000.0,741190000.0,917370000.0,33893000.0,14260000.0,20369000.0,0.11,-0.0973,0.0491,0.1032,-0.1044,0.0365,-187.5541,-373.306,-227.9137,0.1487,-0.0585,0.0846,0.1108,-0.0961,0.0503,1600
RocketTile_160,6.0,14.0,256.0,32.0,1.0,20.0,8.0,1.0,32.0,4.0,4.0,2.0,40222.1002,40222.1002,40222.1002,40222.1002,40222.1002,42649000.0,19078000.0,26897000.0,42548000.0,18889000.0,26655000.0,38781000.0,17379000.0,24663000.0,42389000.0,17553000.0,25559000.0,42641000.0,19076000.0,26893000.0,0.116,-0.0777,0.0534,0.1031,-0.0914,0.0393,-0.5324,-1.2414,-0.7662,0.1485,-0.034,0.0948,0.1166,-0.0763,0.0542,1600
RocketTile_161,9.0,28.0,1024.0,32.0,4.0,4.0,4.0,1.0,64.0,1.0,32.0,1.0,43376.5987,43376.5987,43376.5987,43376.5987,43376.5987,47267000.0,20932000.0,29453000.0,47288000.0,20730000.0,29225000.0,1129300000.0,747310000.0,925180000.0,1133000000.0,747310000.0,926000000.0,47254000.0,20926000.0,29444000.0,0.0981,-0.1066,0.0389,0.1001,-0.1032,0.0349,-187.7258,-372.9804,-227.9613,0.1512,-0.0572,0.0863,0.1003,-0.1061,0.0397,1600
RocketTile_162,6.0,14.0,1024.0,32.0,2.0,28.0,4.0,1.0,64.0,2.0,12.0,2.0,41068.8374,41068.8374,41068.8374,41068.8374,41068.8374,44134000.0,19212000.0,27298000.0,44017000.0,19006000.0,27038000.0,1126100000.0,745610000.0,923070000.0,1130000000.0,745590000.0,923890000.0,44124000.0,19208000.0,27292000.0,0.1368,-0.0641,0.0838,0.1308,-0.0641,0.0758,-187.6162,-373.4782,-228.0102,0.1625,-0.0482,0.101,0.1368,-0.0624,0.0848,1600
RocketTile_163,3.0,0.0,0.0,32.0,4.0,28.0,8.0,0.0,32.0,2.0,20.0,3.0,43447.8442,43447.8442,43447.8442,43447.8442,43447.8442,48892000.0,22618000.0,31752000.0,48704000.0,22463000.0,31532000.0,44899000.0,21231000.0,29730000.0,48526000.0,21338000.0,30526000.0,48877000.0,22611000.0,31742000.0,0.1131,-0.0765,0.0527,0.1135,-0.0772,0.0465,-0.8127,-1.5103,-1.0462,0.1388,-0.064,0.0794,0.114,-0.0751,0.0537,1600
RocketTile_164,12.0,28.0,256.0,32.0,2.0,12.0,4.0,1.0,32.0,1.0,16.0,3.0,35403.6211,35403.6211,35403.6211,35403.6211,35403.6211,40691000.0,17648000.0,25510000.0,40502000.0,17434000.0,25224000.0,37091000.0,15983000.0,23337000.0,40730000.0,16053000.0,24148000.0,40680000.0,17643000.0,25502000.0,0.1206,-0.0994,0.0504,0.118,-0.0731,0.0543,-0.4691,-1.1564,-0.6977,0.1491,-0.0561,0.0865,0.1215,-0.0989,0.0509,1600
RocketTile_165,12.0,14.0,0.0,32.0,1.0,16.0,4.0,1.0,64.0,1.0,8.0,3.0,30400.8725,30400.8725,30400.8725,30400.8725,30400.8725,33507000.0,14249000.0,20795000.0,33408000.0,14073000.0,20576000.0,30033000.0,12788000.0,18872000.0,33575000.0,12893000.0,19693000.0,33494000.0,14243000.0,20786000.0,0.1136,-0.0942,0.0524,0.1135,-0.0864,0.0477,-0.4582,-1.1383,-0.6815,0.1582,-0.0385,0.0949,0.114,-0.0877,0.0528,1600
RocketTile_166,3.0,42.0,128.0,64.0,2.0,20.0,8.0,0.0,32.0,1.0,4.0,2.0,34660.1952,34660.1952,34660.1952,34660.1952,34660.1952,33953000.0,13911000.0,20245000.0,33894000.0,13770000.0,20062000.0,30621000.0,12695000.0,18556000.0,34012000.0,12781000.0,19320000.0,33947000.0,13909000.0,20240000.0,0.1297,-0.0618,0.0816,0.1403,-0.0495,0.0824,-0.3804,-0.9918,-0.579,0.1636,-0.0314,0.1036,0.131,-0.0593,0.0831,1600
RocketTile_167,3.0,14.0,0.0,64.0,1.0,8.0,8.0,1.0,32.0,2.0,16.0,2.0,32898.1565,32898.1565,32898.1565,32898.1565,32898.1565,32753000.0,13923000.0,20029000.0,32868000.0,13766000.0,19866000.0,29646000.0,12563000.0,18276000.0,32896000.0,12660000.0,19018000.0,32741000.0,13918000.0,20021000.0,0.1434,-0.0596,0.0888,0.1438,-0.0517,0.0817,-0.3899,-1.0538,-0.5926,0.1545,-0.0325,0.0958,0.1449,-0.0556,0.0896,1600
RocketTile_168,12.0,56.0,0.0,64.0,4.0,24.0,4.0,1.0,32.0,2.0,12.0,2.0,52184.6035,52184.6035,52184.6035,52184.6035,52184.6035,50195000.0,21804000.0,31005000.0,50048000.0,21604000.0,30750000.0,45967000.0,20128000.0,28735000.0,49743000.0,20202000.0,29566000.0,50181000.0,21798000.0,30995000.0,0.1104,-0.0838,0.048,0.0962,-0.104,0.0287,-0.5703,-1.3567,-0.8117,0.1414,-0.0489,0.089,0.1118,-0.0817,0.0486,1600
RocketTile_169,12.0,14.0,512.0,32.0,4.0,28.0,8.0,1.0,32.0,1.0,28.0,2.0,43229.2651,43229.2651,43229.2651,43229.2651,43229.2651,49367000.0,21759000.0,30901000.0,49236000.0,21529000.0,30613000.0,44656000.0,19847000.0,28287000.0,48836000.0,19919000.0,29195000.0,49357000.0,21755000.0,30895000.0,0.1109,-0.1054,0.046,0.0772,-0.1136,0.0157,-0.4506,-1.1024,-0.6623,0.1354,-0.0498,0.0744,0.1115,-0.1044,0.0464,1600
RocketTile_170,3.0,28.0,1024.0,32.0,4.0,12.0,8.0,0.0,32.0,1.0,4.0,2.0,40690.3392,40690.3392,40690.3392,40690.3392,40690.3392,47884000.0,21672000.0,30422000.0,47880000.0,21504000.0,30230000.0,1130000000.0,748380000.0,926490000.0,1133700000.0,748390000.0,927270000.0,47874000.0,21667000.0,30416000.0,0.1217,-0.0783,0.0629,0.1024,-0.0921,0.0386,-187.6687,-373.5143,-227.9484,0.1586,-0.0534,0.1006,0.1225,-0.0771,0.0634,1600
RocketTile_171,6.0,14.0,0.0,32.0,4.0,4.0,8.0,0.0,64.0,1.0,32.0,3.0,41045.7456,41045.7456,41045.7456,41045.7456,41045.7456,45464000.0,20779000.0,29375000.0,45442000.0,20648000.0,29218000.0,41869000.0,19407000.0,27442000.0,45287000.0,19517000.0,28202000.0,45455000.0,20775000.0,29369000.0,0.1447,-0.0444,0.089,0.1455,-0.0331,0.0887,-0.3616,-0.982,-0.5599,0.1623,-0.0288,0.1088,0.1457,-0.0435,0.0899,1600
RocketTile_172,12.0,56.0,256.0,32.0,4.0,20.0,4.0,0.0,32.0,4.0,20.0,3.0,53259.1675,53259.1675,53259.1675,53259.1675,53259.1675,59560000.0,27596000.0,38573000.0,59314000.0,27411000.0,38322000.0,54825000.0,25987000.0,36241000.0,58779000.0,26140000.0,37159000.0,59543000.0,27588000.0,38561000.0,0.0907,-0.1128,0.0246,0.0866,-0.1134,0.0163,-0.7943,-1.3083,-0.9789,0.1414,-0.0504,0.0914,0.0909,-0.111,0.0253,1600
RocketTile_173,9.0,42.0,256.0,32.0,1.0,24.0,8.0,1.0,32.0,1.0,32.0,2.0,29996.3275,29996.3275,29996.3275,29996.3275,29996.3275,33731000.0,13496000.0,19963000.0,33494000.0,13289000.0,19668000.0,29253000.0,11820000.0,17594000.0,32892000.0,11884000.0,18406000.0,33718000.0,13490000.0,19955000.0,0.1361,-0.0563,0.0819,0.1305,-0.056,0.0707,-0.469,-1.0618,-0.666,0.1494,-0.0399,0.0882,0.1364,-0.0541,0.0826,1600
RocketTile_174,0.0,42.0,0.0,64.0,2.0,24.0,4.0,0.0,64.0,4.0,16.0,1.0,48151.0555,48151.0555,48151.0555,48151.0555,48151.0555,39575000.0,16911000.0,23818000.0,39636000.0,16781000.0,23676000.0,35997000.0,15762000.0,22144000.0,39744000.0,15894000.0,22980000.0,39565000.0,16906000.0,23811000.0,0.0958,-0.0985,0.0382,0.1116,-0.0893,0.0486,-0.6189,-1.332,-0.8518,0.157,-0.0328,0.0999,0.0973,-0.0984,0.0374,1600
RocketTile_175,3.0,56.0,512.0,64.0,4.0,20.0,8.0,0.0,32.0,4.0,32.0,2.0,59162.0328,59162.0328,59162.0328,59162.0328,59162.0328,59033000.0,26431000.0,37045000.0,58749000.0,26219000.0,36752000.0,54085000.0,24608000.0,34475000.0,58647000.0,24798000.0,35555000.0,59014000.0,26424000.0,37033000.0,0.0835,-0.1321,0.0218,0.0783,-0.115,0.019,-0.5241,-1.1828,-0.7375,0.1385,-0.0471,0.0825,0.0875,-0.1296,0.0258,1600
RocketTile_176,9.0,0.0,512.0,32.0,1.0,20.0,8.0,0.0,64.0,4.0,16.0,1.0,40080.2386,40080.2386,40080.2386,40080.2386,40080.2386,34048000.0,14642000.0,20576000.0,34134000.0,14522000.0,20457000.0,30593000.0,13539000.0,18987000.0,33816000.0,13650000.0,19698000.0,34040000.0,14640000.0,20572000.0,0.1339,-0.069,0.075,0.1192,-0.0706,0.0557,-0.5947,-1.3281,-0.8339,0.1387,-0.0518,0.0778,0.135,-0.0668,0.0767,1600
RocketTile_177,12.0,56.0,512.0,32.0,1.0,8.0,8.0,0.0,64.0,2.0,4.0,3.0,35425.0714,35425.0714,35425.0714,35425.0714,35425.0714,38832000.0,16670000.0,24083000.0,38769000.0,16498000.0,23858000.0,34848000.0,15115000.0,21865000.0,38187000.0,15268000.0,22689000.0,38820000.0,16665000.0,24075000.0,0.1342,-0.0658,0.0758,0.1279,-0.0568,0.0684,-0.3183,-0.9452,-0.511,0.162,-0.0306,0.1007,0.134,-0.0626,0.0757,1600
RocketTile_178,0.0,42.0,1024.0,64.0,1.0,16.0,8.0,0.0,32.0,2.0,24.0,1.0,28732.788,28732.788,28732.788,28732.788,28732.788,26857000.0,11142000.0,15938000.0,26911000.0,11034000.0,15821000.0,23579000.0,9977200.0,14296000.0,26818000.0,10089000.0,15025000.0,26858000.0,11142000.0,15938000.0,0.148,-0.0477,0.0993,0.1594,-0.0247,0.0998,-0.4154,-1.1453,-0.6372,0.1481,-0.039,0.0957,0.1482,-0.0465,0.1002,1600
RocketTile_179,6.0,28.0,1024.0,64.0,2.0,8.0,4.0,0.0,32.0,1.0,8.0,1.0,33773.4302,33773.4302,33773.4302,33773.4302,33773.4302,34383000.0,14310000.0,20461000.0,34343000.0,14145000.0,20260000.0,1117000000.0,741180000.0,916770000.0,1120400000.0,741150000.0,917470000.0,34373000.0,14305000.0,20454000.0,0.1049,-0.0936,0.0453,0.0973,-0.0966,0.0379,-187.5417,-373.4272,-227.9404,0.1619,-0.0193,0.1081,0.1049,-0.0937,0.0451,1600
RocketTile_180,3.0,42.0,512.0,32.0,1.0,28.0,8.0,0.0,64.0,2.0,16.0,2.0,33471.9778,33471.9778,33471.9778,33471.9778,33471.9778,34524000.0,14567000.0,20934000.0,34581000.0,14404000.0,20755000.0,31057000.0,13245000.0,19103000.0,34229000.0,13309000.0,19781000.0,34513000.0,14563000.0,20927000.0,0.139,-0.0531,0.0839,0.1348,-0.0554,0.0721,-0.3583,-0.9954,-0.5595,0.1574,-0.0488,0.0961,0.1394,-0.0518,0.0847,1600
RocketTile_181,0.0,14.0,1024.0,64.0,4.0,12.0,8.0,1.0,32.0,2.0,12.0,3.0,53501.7686,53501.7686,53501.7686,53501.7686,53501.7686,54261000.0,24079000.0,34258000.0,54153000.0,23885000.0,34008000.0,49759000.0,22168000.0,31667000.0,53948000.0,22402000.0,32732000.0,54244000.0,24072000.0,34247000.0,0.1275,-0.0881,0.0694,0.1222,-0.0618,0.0616,-0.4578,-1.1179,-0.669,0.1461,-0.0395,0.0882,0.1287,-0.0862,0.0703,1600
RocketTile_182,6.0,0.0,256.0,32.0,2.0,4.0,8.0,1.0,32.0,2.0,4.0,2.0,35558.4514,35558.4514,35558.4514,35558.4514,35558.4514,37310000.0,16337000.0,23255000.0,37129000.0,16141000.0,22986000.0,33671000.0,14879000.0,21289000.0,37199000.0,14944000.0,22028000.0,37303000.0,16333000.0,23250000.0,0.1364,-0.0628,0.0754,0.1297,-0.0598,0.0684,-0.5261,-1.2061,-0.7457,0.149,-0.0469,0.0878,0.1371,-0.0611,0.0762,1600
RocketTile_183,6.0,28.0,512.0,64.0,4.0,32.0,8.0,1.0,64.0,4.0,28.0,3.0,69164.0006,69164.0006,69164.0006,69164.0006,69164.0006,67743000.0,29739000.0,42200000.0,67415000.0,29482000.0,41846000.0,61797000.0,27399000.0,38966000.0,66885000.0,27630000.0,40205000.0,67723000.0,29730000.0,42187000.0,0.0441,-0.1664,-0.0227,0.0667,-0.1433,-0.0023,-0.6044,-1.3352,-0.8495,0.1281,-0.0792,0.0641,0.0449,-0.1656,-0.0221,1600
RocketTile_184,9.0,0.0,1024.0,64.0,2.0,28.0,8.0,0.0,64.0,1.0,24.0,2.0,34181.532,34181.532,34181.532,34181.532,34181.532,31881000.0,13094000.0,19033000.0,31931000.0,12974000.0,18898000.0,28779000.0,12068000.0,17552000.0,32089000.0,12131000.0,18237000.0,31874000.0,13091000.0,19028000.0,0.1348,-0.0579,0.0841,0.1363,-0.056,0.0763,-0.5139,-1.1901,-0.7314,0.156,-0.0391,0.0926,0.1358,-0.0553,0.0851,1600
RocketTile_185,6.0,14.0,512.0,32.0,2.0,8.0,8.0,0.0,32.0,2.0,8.0,2.0,34486.1582,34486.1582,34486.1582,34486.1582,34486.1582,37780000.0,16753000.0,23728000.0,37687000.0,16606000.0,23534000.0,34410000.0,15422000.0,21851000.0,37800000.0,15464000.0,22550000.0,37771000.0,16749000.0,23721000.0,0.1215,-0.0596,0.0601,0.1161,-0.0691,0.0532,-0.5006,-1.1943,-0.7236,0.1576,-0.0414,0.0965,0.1219,-0.0593,0.061,1600
RocketTile_186,12.0,42.0,256.0,64.0,4.0,20.0,8.0,1.0,32.0,2.0,28.0,3.0,55963.7035,55963.7035,55963.7035,55963.7035,55963.7035,57977000.0,25332000.0,36153000.0,57696000.0,25085000.0,35819000.0,52821000.0,23160000.0,33266000.0,57694000.0,23387000.0,34443000.0,57960000.0,25324000.0,36142000.0,0.1072,-0.0948,0.0472,0.1111,-0.0845,0.0482,-0.544,-1.2748,-0.7707,0.1387,-0.0394,0.0842,0.1072,-0.0938,0.0479,1600
RocketTile_187,3.0,56.0,256.0,32.0,4.0,8.0,8.0,1.0,64.0,2.0,20.0,2.0,50042.808,50042.808,50042.808,50042.808,50042.808,52689000.0,23117000.0,32900000.0,52238000.0,22880000.0,32528000.0,47666000.0,21124000.0,30062000.0,51916000.0,21289000.0,31081000.0,52672000.0,23110000.0,32889000.0,0.1019,-0.1113,0.04,0.0973,-0.1054,0.0381,-0.4347,-0.9772,-0.603,0.1555,-0.0469,0.0971,0.1024,-0.1119,0.0405,1600
RocketTile_188,9.0,28.0,128.0,32.0,1.0,4.0,8.0,0.0,32.0,1.0,28.0,2.0,26194.9291,26194.9291,26194.9291,26194.9291,26194.9291,28778000.0,11852000.0,17295000.0,28646000.0,11697000.0,17085000.0,25038000.0,10458000.0,15354000.0,28711000.0,10550000.0,16163000.0,28769000.0,11848000.0,17289000.0,0.1295,-0.0613,0.0706,0.1373,-0.0466,0.0761,-0.4094,-1.0216,-0.6061,0.1532,-0.0401,0.0924,0.1299,-0.0599,0.0718,1600
RocketTile_189,3.0,42.0,256.0,64.0,2.0,24.0,4.0,0.0,32.0,2.0,16.0,3.0,39729.0456,39729.0456,39729.0456,39729.0456,39729.0456,41521000.0,18128000.0,25912000.0,41525000.0,17983000.0,25750000.0,38305000.0,16787000.0,24156000.0,41757000.0,16838000.0,24889000.0,41509000.0,18122000.0,25904000.0,0.1105,-0.0894,0.0497,0.0956,-0.1056,0.0282,-0.4715,-1.1547,-0.6837,0.1454,-0.0362,0.0917,0.1112,-0.0879,0.0512,1600
RocketTile_190,3.0,0.0,0.0,32.0,2.0,8.0,8.0,1.0,32.0,2.0,28.0,3.0,37094.1682,37094.1682,37094.1682,37094.1682,37094.1682,41370000.0,18529000.0,26419000.0,41309000.0,18362000.0,26211000.0,37545000.0,16939000.0,24282000.0,41291000.0,17130000.0,25202000.0,41362000.0,18525000.0,26413000.0,0.1314,-0.061,0.0733,0.1255,-0.0622,0.0655,-0.4754,-1.1328,-0.6939,0.1594,-0.0455,0.0982,0.1323,-0.0601,0.0739,1600
RocketTile_191,3.0,42.0,512.0,64.0,1.0,8.0,8.0,0.0,32.0,1.0,8.0,2.0,28713.4718,28713.4718,28713.4718,28713.4718,28713.4718,30698000.0,12651000.0,18372000.0,30651000.0,12508000.0,18201000.0,27668000.0,11390000.0,16710000.0,31219000.0,11502000.0,17509000.0,30689000.0,12647000.0,18366000.0,0.1311,-0.0582,0.0739,0.1222,-0.0634,0.059,-0.32,-0.9142,-0.5106,0.1599,-0.0344,0.1083,0.132,-0.0559,0.075,1600
RocketTile_192,6.0,0.0,256.0,32.0,4.0,28.0,4.0,0.0,64.0,2.0,12.0,3.0,46222.2029,46222.2029,46222.2029,46222.2029,46222.2029,49163000.0,22628000.0,31747000.0,49212000.0,22493000.0,31607000.0,45380000.0,21130000.0,29699000.0,48432000.0,21257000.0,30426000.0,49146000.0,22619000.0,31735000.0,0.1275,-0.0623,0.0726,0.1251,-0.0567,0.0746,-0.6705,-1.4583,-0.9286,0.1534,-0.0588,0.0987,0.1279,-0.0615,0.0736,1600
RocketTile_193,9.0,0.0,0.0,32.0,4.0,4.0,8.0,0.0,32.0,1.0,28.0,3.0,39683.628,39683.628,39683.628,39683.628,39683.628,44795000.0,20733000.0,29166000.0,44852000.0,20619000.0,29045000.0,41698000.0,19400000.0,27394000.0,44737000.0,19485000.0,28073000.0,44786000.0,20729000.0,29160000.0,0.1446,-0.0726,0.0787,0.1384,-0.0614,0.0792,-0.4735,-1.1369,-0.6985,0.1453,-0.0503,0.0915,0.1448,-0.0698,0.0797,1600
RocketTile_194,9.0,28.0,1024.0,32.0,2.0,16.0,8.0,1.0,64.0,4.0,32.0,2.0,51571.0008,51571.0008,51571.0008,51571.0008,51571.0008,52035000.0,23131000.0,32506000.0,52028000.0,22902000.0,32246000.0,1133400000.0,749310000.0,927960000.0,1137500000.0,749330000.0,928860000.0,52022000.0,23125000.0,32498000.0,0.1386,-0.0706,0.0774,0.1334,-0.066,0.0681,-187.7204,-372.9531,-227.8893,0.1552,-0.0493,0.0913,0.1394,-0.0703,0.0781,1600
RocketTile_195,9.0,0.0,512.0,64.0,1.0,20.0,8.0,1.0,32.0,2.0,20.0,1.0,31679.8978,31679.8978,31679.8978,31679.8978,31679.8978,29089000.0,12026000.0,17285000.0,29141000.0,11866000.0,17103000.0,26094000.0,10637000.0,15504000.0,29485000.0,10751000.0,16294000.0,29074000.0,12019000.0,17275000.0,0.15,-0.0455,0.095,0.1486,-0.033,0.0889,-0.3641,-1.0225,-0.5635,0.1602,-0.0262,0.1081,0.1503,-0.0443,0.0956,1600
RocketTile_196,9.0,0.0,1024.0,32.0,2.0,32.0,8.0,1.0,64.0,1.0,24.0,3.0,35558.4514,35558.4514,35558.4514,35558.4514,35558.4514,39177000.0,16817000.0,24408000.0,39073000.0,16633000.0,24168000.0,35088000.0,15158000.0,22139000.0,38600000.0,15233000.0,22924000.0,39168000.0,16813000.0,24403000.0,0.1366,-0.0732,0.0791,0.1403,-0.0523,0.0826,-0.4581,-1.124,-0.6755,0.1585,-0.0474,0.0938,0.1384,-0.0723,0.0818,1600
RocketTile_197,0.0,42.0,1024.0,64.0,2.0,20.0,4.0,0.0,32.0,2.0,12.0,3.0,37774.4472,37774.4472,37774.4472,37774.4472,37774.4472,38512000.0,16960000.0,24234000.0,38570000.0,16836000.0,24108000.0,35310000.0,15806000.0,22594000.0,38429000.0,15865000.0,23251000.0,38501000.0,16955000.0,24227000.0,0.119,-0.0727,0.0608,0.1056,-0.0789,0.0433,-0.5013,-1.1235,-0.707,0.1542,-0.0285,0.1026,0.1193,-0.0725,0.0613,1600
RocketTile_198,3.0,56.0,1024.0,64.0,1.0,24.0,4.0,1.0,32.0,4.0,16.0,3.0,45396.4781,45396.4781,45396.4781,45396.4781,45396.4781,51414000.0,23404000.0,32987000.0,51198000.0,23162000.0,32674000.0,1133200000.0,749520000.0,928430000.0,1137300000.0,749670000.0,929460000.0,51402000.0,23400000.0,32981000.0,0.1092,-0.1011,0.0501,0.0994,-0.0808,0.0379,-187.7686,-373.4002,-228.1595,0.1453,-0.0421,0.0929,0.1097,-0.0989,0.0512,1600
RocketTile_199,12.0,28.0,256.0,32.0,4.0,8.0,4.0,0.0,64.0,4.0,24.0,3.0,58254.8846,58254.8846,58254.8846,58254.8846,58254.8846,59306000.0,27377000.0,38280000.0,59031000.0,27184000.0,38004000.0,54963000.0,25599000.0,35817000.0,58794000.0,25748000.0,36714000.0,59288000.0,27370000.0,38269000.0,0.113,-0.1162,0.0596,0.117,-0.0599,0.0594,-0.7471,-1.5922,-1.0295,0.1594,-0.0467,0.092,0.1138,-0.1168,0.0602,1600
RocketTile_0,3.0,56.0,512.0,64.0,1.0,8.0,4.0,0.0,64.0,4.0,4.0,3.0,47871.0259,47871.0259,47871.0259,47871.0259,47871.0259,136200000.0,57140000.0,83080000.0,132360000.0,56443000.0,81716000.0,96551000.0,47114000.0,66110000.0,131810000.0,50664000.0,77459000.0,136170000.0,57123000.0,83055000.0,-0.2805,-0.5076,-0.348,-0.3034,-0.5191,-0.3736,-0.8741,-1.4828,-1.0741,-0.2595,-0.4245,-0.3141,-0.2802,-0.5047,-0.3474,4000
RocketTile_1,12.0,14.0,0.0,32.0,1.0,20.0,4.0,1.0,64.0,1.0,12.0,2.0,29551.153,29551.153,29551.153,29551.153,29551.153,94080000.0,34995000.0,52931000.0,90845000.0,34469000.0,51814000.0,59396000.0,26906000.0,39278000.0,91862000.0,30087000.0,49001000.0,94050000.0,34981000.0,52911000.0,-0.2302,-0.4453,-0.2863,-0.2373,-0.4554,-0.3028,-0.7639,-1.4415,-0.9866,-0.2336,-0.4163,-0.291,-0.2297,-0.4451,-0.2857,4000
RocketTile_2,6.0,42.0,0.0,64.0,2.0,4.0,8.0,1.0,32.0,4.0,32.0,3.0,48562.7141,48562.7141,48562.7141,48562.7141,48562.7141,139970000.0,60102000.0,86471000.0,136150000.0,59500000.0,85182000.0,103570000.0,51596000.0,72232000.0,136800000.0,54638000.0,81875000.0,139940000.0,60090000.0,86451000.0,-0.2556,-0.4661,-0.3215,-0.2628,-0.4761,-0.3328,-0.9549,-1.6194,-1.1837,-0.2429,-0.4218,-0.2992,-0.2552,-0.466,-0.3199,4000
RocketTile_3,3.0,0.0,512.0,32.0,1.0,16.0,4.0,0.0,32.0,2.0,12.0,2.0,28833.5549,28833.5549,28833.5549,28833.5549,28833.5549,93224000.0,36296000.0,53634000.0,90039000.0,35881000.0,52665000.0,60611000.0,29533000.0,41620000.0,88698000.0,31877000.0,49455000.0,93246000.0,36306000.0,53648000.0,-0.2426,-0.4286,-0.2989,-0.2438,-0.4347,-0.3079,-0.7016,-1.3081,-0.884,-0.2321,-0.4188,-0.2885,-0.2423,-0.4282,-0.2985,4000
RocketTile_4,6.0,0.0,1024.0,64.0,4.0,32.0,8.0,0.0,32.0,1.0,4.0,1.0,44554.1184,44554.1184,44554.1184,44554.1184,44554.1184,114430000.0,45673000.0,66851000.0,111200000.0,45229000.0,65867000.0,83361000.0,39419000.0,55608000.0,109840000.0,41382000.0,62581000.0,114400000.0,45662000.0,66833000.0,-0.2344,-0.4279,-0.2928,-0.2187,-0.4116,-0.2846,-0.7111,-1.2762,-0.8981,-0.2261,-0.3949,-0.2844,-0.2337,-0.427,-0.2921,4000
RocketTile_5,3.0,14.0,1024.0,32.0,1.0,20.0,4.0,0.0,32.0,4.0,28.0,1.0,36870.336,36870.336,36870.336,36870.336,36870.336,125450000.0,50198000.0,74439000.0,121780000.0,49658000.0,73235000.0,2796700000.0,1861700000.0,2301700000.0,2834800000.0,1865600000.0,2314100000.0,125410000.0,50186000.0,74415000.0,-0.3041,-0.5064,-0.3661,-0.2873,-0.4987,-0.3573,-188.2262,-373.8091,-228.3231,-0.2506,-0.426,-0.3026,-0.3036,-0.5061,-0.3654,4000
RocketTile_6,0.0,56.0,512.0,64.0,4.0,4.0,4.0,1.0,64.0,2.0,12.0,1.0,53528.1437,53528.1437,53528.1437,53528.1437,53528.1437,134450000.0,55432000.0,80084000.0,130600000.0,54815000.0,78814000.0,95300000.0,45538000.0,63763000.0,129440000.0,49347000.0,74442000.0,134410000.0,55417000.0,80062000.0,-0.2542,-0.4384,-0.3063,-0.2519,-0.4278,-0.3138,-0.7408,-1.3295,-0.9375,-0.2317,-0.425,-0.292,-0.2531,-0.4381,-0.3055,4000
RocketTile_7,3.0,14.0,512.0,64.0,4.0,16.0,4.0,0.0,64.0,2.0,28.0,2.0,53962.128,53962.128,53962.128,53962.128,53962.128,146290000.0,60465000.0,88368000.0,142250000.0,59877000.0,87109000.0,106220000.0,51428000.0,71857000.0,141760000.0,54454000.0,83105000.0,146220000.0,60439000.0,88323000.0,-0.296,-0.4951,-0.3651,-0.3155,-0.5102,-0.3832,-0.8768,-1.5391,-1.0852,-0.2557,-0.4203,-0.3076,-0.2952,-0.4934,-0.3635,4000
RocketTile_8,6.0,28.0,0.0,32.0,1.0,24.0,4.0,0.0,64.0,1.0,16.0,3.0,28044.3557,28044.3557,28044.3557,28044.3557,28044.3557,91516000.0,35142000.0,52968000.0,88194000.0,34745000.0,51973000.0,61870000.0,29388000.0,42368000.0,89074000.0,31755000.0,50137000.0,91518000.0,35141000.0,52966000.0,-0.2562,-0.4295,-0.3081,-0.2458,-0.4321,-0.3121,-0.8169,-1.458,-1.0303,-0.2381,-0.4243,-0.2978,-0.2556,-0.4282,-0.3074,4000
RocketTile_9,3.0,0.0,128.0,32.0,4.0,28.0,8.0,0.0,64.0,1.0,32.0,2.0,40244.9731,40244.9731,40244.9731,40244.9731,40244.9731,122140000.0,51205000.0,74253000.0,118530000.0,50730000.0,73144000.0,89975000.0,44084000.0,61995000.0,116390000.0,46469000.0,69279000.0,122120000.0,51195000.0,74237000.0,-0.2641,-0.4363,-0.317,-0.2451,-0.4355,-0.2986,-0.7948,-1.3676,-0.9805,-0.2261,-0.4064,-0.2814,-0.2633,-0.4348,-0.316,4000
RocketTile_10,12.0,56.0,128.0,32.0,1.0,16.0,8.0,0.0,32.0,2.0,16.0,1.0,30016.0814,30016.0814,30016.0814,30016.0814,30016.0814,93413000.0,35250000.0,52574000.0,90308000.0,34684000.0,51484000.0,58643000.0,27079000.0,38574000.0,90248000.0,30077000.0,48158000.0,93470000.0,35275000.0,52612000.0,-0.2962,-0.5001,-0.3564,-0.2808,-0.4859,-0.345,-0.6986,-1.2618,-0.8832,-0.2493,-0.4267,-0.3041,-0.2959,-0.5002,-0.3561,4000
RocketTile_11,0.0,14.0,1024.0,32.0,2.0,24.0,4.0,0.0,64.0,1.0,16.0,1.0,29712.276,29712.276,29712.276,29712.276,29712.276,86187000.0,32115000.0,47963000.0,83559000.0,31756000.0,47179000.0,56049000.0,26138000.0,37142000.0,82480000.0,27941000.0,44019000.0,86170000.0,32107000.0,47952000.0,-0.2351,-0.4179,-0.2918,-0.2232,-0.4095,-0.2855,-0.8826,-1.4765,-1.0854,-0.2208,-0.4042,-0.2773,-0.2348,-0.4168,-0.2915,4000
RocketTile_12,3.0,0.0,512.0,64.0,1.0,12.0,8.0,1.0,32.0,2.0,32.0,1.0,31928.135,31928.135,31928.135,31928.135,31928.135,96688000.0,35716000.0,53645000.0,93026000.0,35180000.0,52431000.0,58145000.0,26677000.0,38135000.0,91271000.0,30021000.0,48159000.0,96739000.0,35734000.0,53676000.0,-0.2571,-0.4836,-0.3366,-0.2478,-0.4572,-0.3109,-0.8817,-1.5662,-1.086,-0.2412,-0.4187,-0.2945,-0.257,-0.4835,-0.3367,4000
RocketTile_13,9.0,42.0,128.0,64.0,2.0,24.0,8.0,0.0,32.0,4.0,12.0,1.0,45046.872,45046.872,45046.872,45046.872,45046.872,121130000.0,49983000.0,72067000.0,117470000.0,49459000.0,70911000.0,84827000.0,41697000.0,57703000.0,116950000.0,44334000.0,66937000.0,121110000.0,49971000.0,72049000.0,-0.256,-0.4615,-0.3201,-0.2611,-0.4674,-0.331,-0.9392,-1.489,-1.1269,-0.2494,-0.4135,-0.3009,-0.2555,-0.4608,-0.3196,4000
RocketTile_14,0.0,28.0,512.0,32.0,2.0,8.0,8.0,1.0,64.0,2.0,32.0,1.0,37433.5416,37433.5416,37433.5416,37433.5416,37433.5416,103740000.0,40163000.0,59134000.0,100360000.0,39635000.0,58016000.0,69049000.0,32357000.0,45840000.0,100010000.0,34698000.0,54308000.0,103720000.0,40154000.0,59119000.0,-0.2573,-0.4558,-0.3204,-0.2632,-0.4659,-0.3265,-0.8673,-1.5491,-1.0807,-0.2348,-0.4158,-0.2942,-0.2575,-0.4553,-0.3211,4000
RocketTile_15,3.0,0.0,1024.0,64.0,1.0,24.0,8.0,0.0,64.0,1.0,4.0,3.0,29854.1376,29854.1376,29854.1376,29854.1376,29854.1376,94949000.0,36083000.0,54415000.0,91908000.0,35683000.0,53489000.0,62284000.0,29257000.0,42324000.0,90586000.0,31796000.0,50352000.0,95006000.0,36100000.0,54446000.0,-0.2305,-0.4429,-0.2862,-0.2299,-0.4413,-0.286,-0.8312,-1.4628,-1.0425,-0.2336,-0.4155,-0.2913,-0.2302,-0.4425,-0.2859,4000
RocketTile_16,12.0,42.0,128.0,32.0,4.0,32.0,8.0,0.0,64.0,1.0,8.0,3.0,43767.3542,43767.3542,43767.3542,43767.3542,43767.3542,138780000.0,58904000.0,85338000.0,134940000.0,58334000.0,84135000.0,102350000.0,50337000.0,70925000.0,135370000.0,53573000.0,80978000.0,138760000.0,58892000.0,85321000.0,-0.2734,-0.4863,-0.3384,-0.2905,-0.4969,-0.3602,-0.8978,-1.4278,-1.0668,-0.2623,-0.4247,-0.316,-0.2732,-0.4851,-0.3378,4000
RocketTile_17,9.0,0.0,0.0,64.0,1.0,8.0,8.0,0.0,64.0,1.0,24.0,1.0,26957.8627,26957.8627,26957.8627,26957.8627,26957.8627,76585000.0,26345000.0,40443000.0,73652000.0,25936000.0,39515000.0,45426000.0,20210000.0,29223000.0,72654000.0,22475000.0,36799000.0,76644000.0,26368000.0,40480000.0,-0.2139,-0.4,-0.2722,-0.2178,-0.4001,-0.2807,-0.7877,-1.4107,-0.9894,-0.217,-0.3935,-0.2742,-0.2137,-0.3993,-0.2715,4000
RocketTile_18,3.0,42.0,512.0,64.0,2.0,20.0,4.0,1.0,32.0,1.0,32.0,2.0,38689.5024,38689.5024,38689.5024,38689.5024,38689.5024,121910000.0,46608000.0,70345000.0,118260000.0,45949000.0,69006000.0,80387000.0,36395000.0,52641000.0,119080000.0,40077000.0,65233000.0,121890000.0,46599000.0,70332000.0,-0.2977,-0.476,-0.354,-0.277,-0.4717,-0.3395,-1.0539,-1.6953,-1.2754,-0.2475,-0.4282,-0.2988,-0.2981,-0.4758,-0.3539,4000
RocketTile_19,12.0,42.0,512.0,64.0,2.0,16.0,4.0,0.0,32.0,1.0,24.0,1.0,34181.532,34181.532,34181.532,34181.532,34181.532,99559000.0,37184000.0,55877000.0,96537000.0,36686000.0,54867000.0,66806000.0,29988000.0,43099000.0,98167000.0,32077000.0,52219000.0,99540000.0,37176000.0,55865000.0,-0.2607,-0.4468,-0.3119,-0.2675,-0.4656,-0.3272,-0.9278,-1.6495,-1.1695,-0.2403,-0.3997,-0.2922,-0.2597,-0.4449,-0.3108,4000
RocketTile_20,12.0,56.0,1024.0,32.0,1.0,32.0,4.0,0.0,64.0,4.0,12.0,2.0,45420.7738,45420.7738,45420.7738,45420.7738,45420.7738,135780000.0,55346000.0,81631000.0,131320000.0,54654000.0,80201000.0,2808300000.0,1866200000.0,2308900000.0,2848900000.0,1870900000.0,2322900000.0,135760000.0,55335000.0,81614000.0,-0.3604,-0.5661,-0.422,-0.3379,-0.5446,-0.4034,-188.0921,-373.7601,-228.241,-0.2699,-0.4389,-0.3222,-0.36,-0.5654,-0.4214,4000
RocketTile_21,12.0,14.0,0.0,64.0,4.0,24.0,8.0,1.0,64.0,4.0,8.0,2.0,65971.6632,65971.6632,65971.6632,65971.6632,65971.6632,161410000.0,69091000.0,99019000.0,157420000.0,68448000.0,97667000.0,122840000.0,59374000.0,83358000.0,155800000.0,62996000.0,93278000.0,161360000.0,69067000.0,98982000.0,-0.2702,-0.5159,-0.3428,-0.2805,-0.5138,-0.3462,-0.902,-1.5716,-1.1247,-0.2442,-0.436,-0.3031,-0.2697,-0.5154,-0.3428,4000
RocketTile_22,12.0,42.0,512.0,64.0,2.0,12.0,8.0,0.0,64.0,4.0,20.0,2.0,52828.0286,52828.0286,52828.0286,52828.0286,52828.0286,137800000.0,57562000.0,83236000.0,134130000.0,56940000.0,82006000.0,99312000.0,47827000.0,66952000.0,134290000.0,50764000.0,77898000.0,137770000.0,57547000.0,83213000.0,-0.2965,-0.5084,-0.3603,-0.3076,-0.5169,-0.3749,-0.9746,-1.6185,-1.1919,-0.2446,-0.4306,-0.2953,-0.2956,-0.5069,-0.3594,4000
RocketTile_23,9.0,42.0,512.0,64.0,4.0,12.0,4.0,1.0,64.0,1.0,16.0,2.0,52665.4282,52665.4282,52665.4282,52665.4282,52665.4282,153060000.0,60787000.0,90730000.0,148700000.0,60090000.0,89301000.0,108410000.0,49691000.0,71428000.0,147650000.0,53749000.0,84344000.0,153020000.0,60771000.0,90706000.0,-0.3124,-0.5063,-0.3799,-0.3101,-0.4946,-0.3722,-0.9586,-1.6015,-1.1848,-0.2614,-0.4208,-0.316,-0.3142,-0.5062,-0.3798,4000
RocketTile_24,3.0,28.0,0.0,32.0,4.0,12.0,4.0,0.0,64.0,1.0,20.0,1.0,38734.3728,38734.3728,38734.3728,38734.3728,38734.3728,111250000.0,45338000.0,65879000.0,108060000.0,44924000.0,64890000.0,81519000.0,39763000.0,55579000.0,107210000.0,41679000.0,62316000.0,111230000.0,45330000.0,65865000.0,-0.2817,-0.469,-0.341,-0.2507,-0.4431,-0.3128,-0.919,-1.5999,-1.1471,-0.2309,-0.4131,-0.2887,-0.2814,-0.4688,-0.3406,4000
RocketTile_25,0.0,28.0,256.0,64.0,4.0,32.0,8.0,1.0,64.0,1.0,16.0,1.0,49183.4851,49183.4851,49183.4851,49183.4851,49183.4851,125500000.0,49609000.0,72940000.0,121630000.0,49022000.0,71648000.0,90029000.0,41294000.0,59051000.0,121840000.0,44296000.0,68367000.0,125490000.0,49602000.0,72928000.0,-0.256,-0.4434,-0.3178,-0.2465,-0.4418,-0.3118,-0.7637,-1.4965,-0.9984,-0.2232,-0.4043,-0.2829,-0.2547,-0.4418,-0.3163,4000
RocketTile_26,0.0,56.0,1024.0,64.0,2.0,8.0,4.0,1.0,64.0,4.0,24.0,1.0,51307.0042,51307.0042,51307.0042,51307.0042,51307.0042,122730000.0,49994000.0,72222000.0,118670000.0,49372000.0,70868000.0,86006000.0,41416000.0,57709000.0,117350000.0,44185000.0,66709000.0,122700000.0,49979000.0,72200000.0,-0.333,-0.5225,-0.3924,-0.3142,-0.5301,-0.3862,-1.1603,-1.8746,-1.4025,-0.2369,-0.4483,-0.3031,-0.3322,-0.5225,-0.391,4000
RocketTile_27,12.0,42.0,256.0,64.0,2.0,8.0,4.0,0.0,32.0,1.0,4.0,1.0,34139.3976,34139.3976,34139.3976,34139.3976,34139.3976,96201000.0,35344000.0,53471000.0,93156000.0,34926000.0,52545000.0,63765000.0,28442000.0,41046000.0,92356000.0,30640000.0,49267000.0,96185000.0,35337000.0,53460000.0,-0.297,-0.4814,-0.3539,-0.2839,-0.4694,-0.3431,-0.9131,-1.535,-1.1378,-0.2552,-0.4115,-0.3099,-0.2969,-0.481,-0.3538,4000
RocketTile_28,12.0,42.0,256.0,32.0,2.0,16.0,4.0,1.0,32.0,2.0,24.0,1.0,37094.1682,37094.1682,37094.1682,37094.1682,37094.1682,120520000.0,45709000.0,68809000.0,116260000.0,45068000.0,67435000.0,75748000.0,35189000.0,50029000.0,112550000.0,38474000.0,61255000.0,120500000.0,45699000.0,68794000.0,-0.3208,-0.5284,-0.3862,-0.3067,-0.5277,-0.3786,-0.7466,-1.3249,-0.9211,-0.2685,-0.4395,-0.3246,-0.3205,-0.5274,-0.3853,4000
RocketTile_29,3.0,42.0,256.0,64.0,2.0,8.0,4.0,0.0,32.0,2.0,32.0,2.0,39058.5888,39058.5888,39058.5888,39058.5888,39058.5888,116840000.0,45322000.0,68026000.0,113240000.0,44781000.0,66868000.0,78839000.0,37404000.0,52958000.0,110520000.0,39784000.0,62153000.0,116820000.0,45313000.0,68013000.0,-0.2959,-0.4751,-0.3518,-0.2987,-0.4641,-0.3534,-0.9538,-1.6741,-1.19,-0.2443,-0.4236,-0.2938,-0.2959,-0.4749,-0.3516,4000
RocketTile_30,3.0,42.0,256.0,64.0,4.0,16.0,8.0,0.0,32.0,1.0,4.0,1.0,46625.544,46625.544,46625.544,46625.544,46625.544,124320000.0,50010000.0,73192000.0,121000000.0,49450000.0,72105000.0,88965000.0,41770000.0,58932000.0,121040000.0,44598000.0,68650000.0,124290000.0,50000000.0,73177000.0,-0.2841,-0.4852,-0.3416,-0.2798,-0.4796,-0.3399,-0.7803,-1.3065,-0.9517,-0.2413,-0.4037,-0.2948,-0.2843,-0.4844,-0.3406,4000
RocketTile_31,0.0,42.0,0.0,32.0,4.0,4.0,8.0,1.0,32.0,4.0,24.0,3.0,54153.2376,54153.2376,54153.2376,54153.2376,54153.2376,166210000.0,75180000.0,106360000.0,162350000.0,74539000.0,105070000.0,128470000.0,65368000.0,90776000.0,160800000.0,68762000.0,100420000.0,166170000.0,75159000.0,106330000.0,-0.306,-0.5309,-0.3805,-0.3057,-0.5311,-0.376,-1.0089,-1.6709,-1.2348,-0.2526,-0.4542,-0.3153,-0.3054,-0.5295,-0.3793,4000
RocketTile_32,9.0,56.0,128.0,32.0,4.0,28.0,8.0,1.0,32.0,4.0,12.0,3.0,57158.0496,57158.0496,57158.0496,57158.0496,57158.0496,178460000.0,79381000.0,113100000.0,174150000.0,78588000.0,111530000.0,133750000.0,67423000.0,93825000.0,173740000.0,71851000.0,106610000.0,178410000.0,79358000.0,113070000.0,-0.3358,-0.5453,-0.402,-0.3098,-0.5188,-0.3719,-1.0443,-1.835,-1.3101,-0.2668,-0.454,-0.3244,-0.3338,-0.5443,-0.4008,4000
RocketTile_33,12.0,28.0,512.0,64.0,1.0,32.0,8.0,0.0,32.0,4.0,16.0,1.0,38873.8267,38873.8267,38873.8267,38873.8267,38873.8267,117260000.0,46881000.0,68718000.0,113170000.0,46243000.0,67315000.0,78562000.0,38588000.0,53343000.0,111270000.0,41578000.0,63353000.0,117230000.0,46867000.0,68696000.0,-0.2959,-0.4931,-0.3586,-0.3,-0.5109,-0.3711,-1.1129,-1.902,-1.3676,-0.2473,-0.4283,-0.3031,-0.2954,-0.4931,-0.3583,4000
RocketTile_34,12.0,0.0,128.0,64.0,4.0,20.0,8.0,1.0,32.0,1.0,24.0,3.0,50488.0646,50488.0646,50488.0646,50488.0646,50488.0646,144500000.0,60634000.0,88514000.0,140900000.0,60041000.0,87269000.0,107830000.0,50840000.0,72976000.0,138900000.0,54333000.0,82421000.0,144450000.0,60617000.0,88487000.0,-0.2687,-0.4813,-0.3309,-0.2566,-0.4524,-0.3197,-0.9005,-1.585,-1.1285,-0.232,-0.4122,-0.2895,-0.268,-0.4814,-0.33,4000
RocketTile_35,9.0,42.0,0.0,32.0,1.0,20.0,4.0,0.0,32.0,1.0,8.0,3.0,,26480.2392,26480.2392,26480.2392,,,,,89354000.0,35320000.0,52643000.0,61290000.0,29317000.0,42197000.0,89320000.0,31736000.0,50125000.0,,,,,,,-0.2521,-0.4422,-0.3136,-1.0541,-1.7257,-1.285,-0.2304,-0.4136,-0.287,,,,4000
RocketTile_36,9.0,0.0,0.0,64.0,1.0,28.0,8.0,1.0,32.0,4.0,12.0,2.0,41379.4829,41379.4829,41379.4829,41379.4829,41379.4829,122980000.0,50981000.0,73919000.0,118730000.0,50298000.0,72504000.0,83563000.0,41323000.0,57733000.0,117570000.0,44816000.0,68049000.0,122920000.0,50954000.0,73880000.0,-0.3278,-0.5302,-0.3942,-0.3325,-0.5395,-0.4035,-1.0435,-1.8074,-1.2958,-0.2396,-0.4292,-0.294,-0.3272,-0.5301,-0.3939,4000
RocketTile_37,12.0,56.0,1024.0,64.0,2.0,4.0,8.0,0.0,32.0,4.0,4.0,2.0,47895.9782,47895.9782,47895.9782,47895.9782,47895.9782,147210000.0,61557000.0,89744000.0,143500000.0,60989000.0,88700000.0,2818600000.0,1871900000.0,2316500000.0,2858800000.0,1876200000.0,2330100000.0,147170000.0,61539000.0,89717000.0,-0.2772,-0.497,-0.3437,-0.2845,-0.4844,-0.3523,-188.0019,-373.9464,-228.3096,-0.2392,-0.4192,-0.2948,-0.2764,-0.4971,-0.3429,4000
RocketTile_38,0.0,28.0,0.0,32.0,1.0,24.0,8.0,0.0,64.0,2.0,12.0,3.0,33238.5696,33238.5696,33238.5696,33238.5696,33238.5696,99932000.0,40133000.0,59165000.0,96802000.0,39631000.0,58114000.0,69740000.0,33824000.0,48070000.0,97423000.0,36362000.0,56038000.0,99965000.0,40142000.0,59184000.0,-0.2403,-0.4483,-0.3056,-0.2462,-0.4538,-0.3043,-0.9069,-1.6402,-1.1417,-0.2228,-0.4229,-0.2756,-0.2395,-0.4482,-0.3047,4000
RocketTile_39,3.0,56.0,0.0,64.0,1.0,32.0,8.0,0.0,32.0,2.0,32.0,2.0,30668.2344,30668.2344,30668.2344,30668.2344,30668.2344,92760000.0,36068000.0,53380000.0,89991000.0,35650000.0,52483000.0,60989000.0,29394000.0,41552000.0,89952000.0,31886000.0,49655000.0,92745000.0,36065000.0,53375000.0,-0.2509,-0.4701,-0.3127,-0.2574,-0.4538,-0.3231,-0.7854,-1.4099,-0.9865,-0.2258,-0.4104,-0.2781,-0.2502,-0.4701,-0.3124,4000
RocketTile_40,9.0,42.0,256.0,64.0,2.0,32.0,4.0,1.0,64.0,4.0,16.0,2.0,55742.4979,55742.4979,55742.4979,55742.4979,55742.4979,144280000.0,59062000.0,86264000.0,140240000.0,58339000.0,84870000.0,102890000.0,48707000.0,68898000.0,140780000.0,52320000.0,80684000.0,144260000.0,59051000.0,86247000.0,-0.3119,-0.5438,-0.374,-0.3116,-0.5421,-0.3758,-1.2294,-2.0007,-1.4927,-0.273,-0.4432,-0.3278,-0.3119,-0.5433,-0.374,4000
RocketTile_41,3.0,0.0,256.0,32.0,2.0,4.0,8.0,0.0,64.0,2.0,12.0,3.0,37774.4472,37774.4472,37774.4472,37774.4472,37774.4472,112770000.0,46620000.0,67980000.0,109770000.0,46170000.0,67013000.0,80424000.0,39555000.0,55758000.0,107760000.0,41495000.0,63074000.0,112760000.0,46612000.0,67969000.0,-0.2474,-0.4837,-0.3144,-0.2443,-0.4479,-0.3071,-0.757,-1.3518,-0.947,-0.2421,-0.421,-0.2928,-0.247,-0.4835,-0.3143,4000
RocketTile_42,9.0,0.0,1024.0,64.0,4.0,24.0,8.0,1.0,64.0,4.0,4.0,1.0,64450.2283,64450.2283,64450.2283,64450.2283,64450.2283,153900000.0,64915000.0,92995000.0,149880000.0,64229000.0,91611000.0,114630000.0,55131000.0,77082000.0,147830000.0,58729000.0,87043000.0,153850000.0,64893000.0,92963000.0,-0.2861,-0.5024,-0.351,-0.2866,-0.4927,-0.3516,-0.9161,-1.5732,-1.1248,-0.2439,-0.4286,-0.3048,-0.2854,-0.5015,-0.3502,4000
RocketTile_43,3.0,56.0,1024.0,32.0,2.0,16.0,8.0,0.0,64.0,2.0,16.0,1.0,38139.156,38139.156,38139.156,38139.156,38139.156,116700000.0,45779000.0,68011000.0,113640000.0,45292000.0,67046000.0,2794200000.0,1858000000.0,2297900000.0,2830200000.0,1861700000.0,2309400000.0,116680000.0,45768000.0,67995000.0,-0.3736,-0.5602,-0.4298,-0.3437,-0.5413,-0.4102,-187.9659,-373.716,-228.2641,-0.2709,-0.4319,-0.3274,-0.3737,-0.5596,-0.4296,4000
RocketTile_44,0.0,56.0,1024.0,64.0,4.0,20.0,8.0,0.0,64.0,1.0,16.0,1.0,45996.7291,45996.7291,45996.7291,45996.7291,45996.7291,116650000.0,46663000.0,68240000.0,113660000.0,46141000.0,67222000.0,83910000.0,39398000.0,55715000.0,111350000.0,41744000.0,63298000.0,116630000.0,46650000.0,68222000.0,-0.2332,-0.4294,-0.2888,-0.2944,-0.4659,-0.3581,-0.8038,-1.4131,-1.0061,-0.221,-0.3965,-0.2719,-0.2325,-0.4261,-0.2888,4000
RocketTile_45,12.0,42.0,128.0,64.0,2.0,12.0,4.0,0.0,64.0,4.0,20.0,3.0,53554.5187,53554.5187,53554.5187,53554.5187,53554.5187,141130000.0,59075000.0,85813000.0,137750000.0,58497000.0,84749000.0,102660000.0,50106000.0,70338000.0,133890000.0,52934000.0,79623000.0,141100000.0,59060000.0,85788000.0,-0.2772,-0.4771,-0.3338,-0.2909,-0.4826,-0.3497,-1.0227,-1.7096,-1.2541,-0.2441,-0.4292,-0.296,-0.2767,-0.4754,-0.3329,4000
RocketTile_46,6.0,28.0,1024.0,32.0,1.0,4.0,8.0,0.0,64.0,1.0,8.0,1.0,27595.0224,27595.0224,27595.0224,27595.0224,27595.0224,99247000.0,35643000.0,55327000.0,95429000.0,35126000.0,54211000.0,2774300000.0,1847600000.0,2284000000.0,2810600000.0,1851400000.0,2295900000.0,99230000.0,35637000.0,55318000.0,-0.3062,-0.5169,-0.3798,-0.3012,-0.5137,-0.3693,-187.9418,-373.8075,-228.3053,-0.2644,-0.4292,-0.3197,-0.3056,-0.5153,-0.3793,4000
RocketTile_47,3.0,28.0,128.0,32.0,4.0,12.0,8.0,0.0,32.0,2.0,28.0,3.0,45420.7738,45420.7738,45420.7738,45420.7738,45420.7738,144790000.0,63219000.0,90620000.0,141410000.0,62656000.0,89494000.0,110690000.0,54858000.0,77070000.0,140040000.0,57580000.0,85601000.0,144750000.0,63203000.0,90597000.0,-0.2989,-0.5188,-0.3713,-0.3099,-0.5148,-0.3738,-0.853,-1.4986,-1.058,-0.2671,-0.4396,-0.3214,-0.2983,-0.5178,-0.3708,4000
RocketTile_48,0.0,56.0,256.0,32.0,2.0,32.0,4.0,1.0,64.0,1.0,4.0,1.0,32918.8406,32918.8406,32918.8406,32918.8406,32918.8406,98003000.0,36462000.0,54705000.0,94665000.0,35979000.0,53601000.0,62066000.0,28021000.0,40447000.0,93152000.0,30416000.0,49070000.0,97973000.0,36450000.0,54684000.0,-0.2182,-0.4032,-0.2727,-0.2214,-0.4169,-0.2866,-0.6946,-1.2699,-0.8894,-0.2232,-0.4025,-0.282,-0.2178,-0.4015,-0.2722,4000
RocketTile_49,0.0,0.0,0.0,64.0,1.0,12.0,8.0,1.0,64.0,1.0,8.0,1.0,29712.276,29712.276,29712.276,29712.276,29712.276,84408000.0,29716000.0,45400000.0,81301000.0,29225000.0,44353000.0,51105000.0,22000000.0,32348000.0,81911000.0,24994000.0,41522000.0,84449000.0,29731000.0,45425000.0,-0.2429,-0.4599,-0.3113,-0.2409,-0.438,-0.3039,-0.8059,-1.4446,-1.0193,-0.2277,-0.4095,-0.2867,-0.2425,-0.4586,-0.3102,4000
RocketTile_50,0.0,14.0,0.0,32.0,1.0,16.0,4.0,1.0,64.0,4.0,4.0,3.0,46448.2238,46448.2238,46448.2238,46448.2238,46448.2238,129050000.0,54162000.0,78577000.0,125300000.0,53470000.0,77193000.0,93363000.0,46059000.0,64813000.0,126080000.0,49108000.0,74388000.0,129000000.0,54137000.0,78541000.0,-0.292,-0.5154,-0.3589,-0.2911,-0.5152,-0.3634,-0.8705,-1.5029,-1.0795,-0.2333,-0.4228,-0.2899,-0.2916,-0.5145,-0.3583,4000
RocketTile_51,9.0,0.0,1024.0,64.0,1.0,12.0,8.0,0.0,32.0,1.0,12.0,2.0,27074.2248,27074.2248,27074.2248,27074.2248,27074.2248,83625000.0,30808000.0,46603000.0,80708000.0,30353000.0,45642000.0,53249000.0,24616000.0,35529000.0,80649000.0,27119000.0,43372000.0,83601000.0,30797000.0,46587000.0,-0.2343,-0.4354,-0.2926,-0.2231,-0.421,-0.2886,-0.8464,-1.5033,-1.0634,-0.2278,-0.4199,-0.2886,-0.2339,-0.4354,-0.2921,4000
RocketTile_52,9.0,14.0,256.0,64.0,1.0,12.0,8.0,0.0,64.0,2.0,4.0,2.0,35009.5824,35009.5824,35009.5824,35009.5824,35009.5824,100730000.0,38752000.0,57734000.0,97157000.0,38219000.0,56580000.0,67127000.0,31373000.0,44712000.0,97873000.0,34104000.0,54095000.0,100710000.0,38742000.0,57719000.0,-0.2754,-0.4455,-0.33,-0.2436,-0.4328,-0.2995,-0.7198,-1.3203,-0.9161,-0.2501,-0.3996,-0.3019,-0.2765,-0.4437,-0.3295,4000
RocketTile_53,6.0,14.0,128.0,32.0,1.0,12.0,4.0,1.0,32.0,4.0,20.0,3.0,41831.087,41831.087,41831.087,41831.087,41831.087,135850000.0,57563000.0,83622000.0,131810000.0,56857000.0,82194000.0,96293000.0,47960000.0,67287000.0,130870000.0,51219000.0,77724000.0,135800000.0,57541000.0,83590000.0,-0.3023,-0.5004,-0.3682,-0.2943,-0.4972,-0.3616,-0.8543,-1.543,-1.0776,-0.2656,-0.434,-0.3193,-0.302,-0.5003,-0.3679,4000
RocketTile_54,9.0,28.0,0.0,64.0,2.0,24.0,4.0,1.0,32.0,2.0,24.0,2.0,40057.4203,40057.4203,40057.4203,40057.4203,40057.4203,116740000.0,46363000.0,68183000.0,112800000.0,45798000.0,66902000.0,79104000.0,37302000.0,53178000.0,111370000.0,40186000.0,62515000.0,116720000.0,46355000.0,68170000.0,-0.2367,-0.4342,-0.2964,-0.2395,-0.423,-0.3005,-0.785,-1.3959,-0.9878,-0.2449,-0.4237,-0.3061,-0.2361,-0.4341,-0.2959,4000
RocketTile_55,3.0,56.0,512.0,32.0,1.0,8.0,4.0,1.0,32.0,1.0,8.0,3.0,32181.6528,32181.6528,32181.6528,32181.6528,32181.6528,118200000.0,46354000.0,69713000.0,114480000.0,45637000.0,68388000.0,79265000.0,36180000.0,52866000.0,117030000.0,39792000.0,65290000.0,118170000.0,46341000.0,69693000.0,-0.348,-0.5013,-0.4047,-0.2547,-0.446,-0.3179,-0.8456,-1.4872,-1.0624,-0.2392,-0.4109,-0.2898,-0.3481,-0.5013,-0.4048,4000
RocketTile_56,0.0,28.0,256.0,64.0,1.0,16.0,8.0,0.0,64.0,1.0,8.0,3.0,29731.9205,29731.9205,29731.9205,29731.9205,29731.9205,93344000.0,35480000.0,53562000.0,90697000.0,35087000.0,52705000.0,62353000.0,29313000.0,42381000.0,91322000.0,31875000.0,50616000.0,93390000.0,35496000.0,53590000.0,-0.2469,-0.4615,-0.315,-0.254,-0.441,-0.3149,-0.9085,-1.5775,-1.1496,-0.2287,-0.4075,-0.2857,-0.2467,-0.4612,-0.3147,4000
RocketTile_57,12.0,28.0,256.0,32.0,4.0,8.0,4.0,1.0,64.0,1.0,4.0,2.0,44824.2984,44824.2984,44824.2984,44824.2984,44824.2984,141470000.0,58591000.0,85523000.0,137360000.0,57923000.0,84158000.0,102310000.0,48429000.0,69064000.0,137460000.0,51810000.0,79910000.0,141440000.0,58580000.0,85505000.0,-0.3249,-0.5284,-0.3911,-0.3379,-0.5439,-0.4106,-0.7634,-1.3673,-0.9569,-0.2623,-0.432,-0.315,-0.3239,-0.5276,-0.3901,4000
RocketTile_58,3.0,28.0,0.0,32.0,2.0,4.0,4.0,1.0,32.0,4.0,12.0,3.0,44974.3133,44974.3133,44974.3133,44974.3133,44974.3133,138430000.0,60064000.0,86153000.0,134990000.0,59538000.0,85052000.0,102010000.0,51726000.0,71997000.0,134080000.0,54640000.0,81262000.0,138410000.0,60054000.0,86138000.0,-0.2851,-0.4992,-0.3522,-0.2917,-0.5072,-0.362,-0.8399,-1.5373,-1.0685,-0.2451,-0.4363,-0.3002,-0.2848,-0.4991,-0.3516,4000
RocketTile_59,3.0,42.0,512.0,64.0,2.0,16.0,4.0,0.0,64.0,4.0,4.0,3.0,53744.917,53744.917,53744.917,53744.917,53744.917,143000000.0,60717000.0,87885000.0,139400000.0,60131000.0,86695000.0,107270000.0,52258000.0,73282000.0,141710000.0,55215000.0,84112000.0,142960000.0,60701000.0,87861000.0,-0.3256,-0.5401,-0.3881,-0.3226,-0.5328,-0.3878,-1.0778,-1.7264,-1.298,-0.282,-0.4543,-0.3368,-0.3249,-0.5386,-0.3866,4000
RocketTile_60,12.0,0.0,0.0,64.0,2.0,28.0,4.0,0.0,32.0,1.0,8.0,3.0,34638.9638,34638.9638,34638.9638,34638.9638,34638.9638,104480000.0,41245000.0,61332000.0,101780000.0,40878000.0,60484000.0,73309000.0,34950000.0,50057000.0,101880000.0,37216000.0,57819000.0,104460000.0,41238000.0,61321000.0,-0.2344,-0.4574,-0.2961,-0.2383,-0.4426,-0.2959,-0.8204,-1.442,-1.0233,-0.2301,-0.4196,-0.2891,-0.2341,-0.4564,-0.2955,4000
RocketTile_61,9.0,28.0,128.0,64.0,2.0,28.0,4.0,1.0,32.0,1.0,24.0,2.0,38205.9691,38205.9691,38205.9691,38205.9691,38205.9691,113900000.0,43176000.0,65047000.0,110240000.0,42626000.0,63865000.0,76064000.0,34105000.0,49750000.0,110800000.0,37100000.0,60115000.0,113880000.0,43167000.0,65034000.0,-0.2461,-0.4587,-0.3018,-0.258,-0.459,-0.32,-0.9022,-1.5392,-1.1246,-0.2493,-0.4167,-0.3012,-0.2457,-0.4588,-0.3013,4000
RocketTile_62,3.0,56.0,128.0,64.0,4.0,20.0,4.0,0.0,64.0,2.0,8.0,3.0,55990.6805,55990.6805,55990.6805,55990.6805,55990.6805,149240000.0,63379000.0,91782000.0,145330000.0,62665000.0,90375000.0,112790000.0,54334000.0,76790000.0,145430000.0,57862000.0,87021000.0,149220000.0,63368000.0,91766000.0,-0.2631,-0.5078,-0.3428,-0.2782,-0.5104,-0.3474,-0.9924,-1.6924,-1.2312,-0.2499,-0.4252,-0.3009,-0.2624,-0.5079,-0.3429,4000
RocketTile_63,9.0,28.0,1024.0,64.0,1.0,12.0,4.0,0.0,32.0,2.0,28.0,3.0,34549.6882,34549.6882,34549.6882,34549.6882,34549.6882,122340000.0,49101000.0,73428000.0,118810000.0,48484000.0,72215000.0,2799000000.0,1861200000.0,2302900000.0,2837900000.0,1865400000.0,2316100000.0,122340000.0,49104000.0,73430000.0,-0.3286,-0.5221,-0.3845,-0.3006,-0.4971,-0.3635,-188.1981,-373.3818,-228.3793,-0.2508,-0.4112,-0.3009,-0.3284,-0.5218,-0.3843,4000
RocketTile_64,3.0,56.0,0.0,64.0,1.0,16.0,8.0,1.0,32.0,4.0,24.0,2.0,,,41022.6538,,,,,,,,,83057000.0,41243000.0,57533000.0,,,,,,,,,,,,,-1.0216,-1.7751,-1.2683,,,,,,,4000
RocketTile_65,9.0,28.0,128.0,32.0,1.0,32.0,8.0,1.0,32.0,4.0,8.0,2.0,41379.4829,41379.4829,41379.4829,41379.4829,41379.4829,130840000.0,54019000.0,78808000.0,126760000.0,53245000.0,77290000.0,88483000.0,43320000.0,60813000.0,124690000.0,46770000.0,71905000.0,130790000.0,53995000.0,78771000.0,-0.3006,-0.4945,-0.3627,-0.2878,-0.5054,-0.3582,-0.926,-1.6388,-1.1614,-0.2576,-0.4275,-0.3081,-0.2997,-0.4937,-0.3617,4000
RocketTile_66,6.0,42.0,0.0,64.0,4.0,20.0,8.0,0.0,64.0,1.0,20.0,2.0,47462.3222,47462.3222,47462.3222,47462.3222,47462.3222,124920000.0,51457000.0,74817000.0,121980000.0,51013000.0,73875000.0,92303000.0,43550000.0,61966000.0,119490000.0,46251000.0,69800000.0,124890000.0,51444000.0,74796000.0,-0.246,-0.4247,-0.2998,-0.2516,-0.4339,-0.3095,-1.0037,-1.5613,-1.2112,-0.2273,-0.4074,-0.2799,-0.245,-0.4245,-0.2996,4000
RocketTile_67,6.0,42.0,1024.0,64.0,2.0,4.0,8.0,0.0,32.0,4.0,28.0,2.0,47308.2034,47308.2034,47308.2034,47308.2034,47308.2034,145690000.0,59815000.0,88272000.0,141920000.0,59199000.0,87119000.0,2818000000.0,1871600000.0,2316100000.0,2857600000.0,1875600000.0,2329300000.0,145670000.0,59806000.0,88257000.0,-0.3013,-0.5377,-0.3661,-0.3075,-0.5219,-0.3777,-188.1412,-373.6705,-228.2047,-0.2492,-0.4222,-0.3011,-0.3008,-0.5373,-0.3656,4000
RocketTile_68,6.0,14.0,0.0,32.0,4.0,4.0,4.0,1.0,64.0,4.0,12.0,2.0,58282.4088,58282.4088,58282.4088,58282.4088,58282.4088,158380000.0,69272000.0,98648000.0,154850000.0,68647000.0,97415000.0,119570000.0,59647000.0,82850000.0,152120000.0,63038000.0,92534000.0,158340000.0,69256000.0,98624000.0,-0.2917,-0.495,-0.3535,-0.2892,-0.5014,-0.3556,-0.8878,-1.532,-1.093,-0.2332,-0.4243,-0.2917,-0.2913,-0.4947,-0.3533,4000
RocketTile_69,9.0,28.0,128.0,32.0,1.0,8.0,4.0,1.0,64.0,2.0,20.0,2.0,36154.9267,36154.9267,36154.9267,36154.9267,36154.9267,110290000.0,42435000.0,63497000.0,106250000.0,41772000.0,62115000.0,72243000.0,33221000.0,47905000.0,106420000.0,36601000.0,58501000.0,110280000.0,42437000.0,63497000.0,-0.2723,-0.4827,-0.3336,-0.2804,-0.4884,-0.348,-0.8549,-1.4643,-1.0622,-0.2447,-0.4306,-0.3044,-0.2719,-0.4809,-0.3334,4000
RocketTile_70,0.0,42.0,0.0,64.0,1.0,16.0,4.0,0.0,64.0,2.0,4.0,3.0,34898.5282,34898.5282,34898.5282,34898.5282,34898.5282,104170000.0,40945000.0,60850000.0,100980000.0,40463000.0,59805000.0,69890000.0,33622000.0,47880000.0,99726000.0,36338000.0,56480000.0,104200000.0,40952000.0,60865000.0,-0.2576,-0.4659,-0.3099,-0.2374,-0.4422,-0.2941,-0.812,-1.4017,-1.019,-0.2335,-0.4207,-0.2866,-0.2571,-0.4643,-0.3094,4000
RocketTile_71,3.0,56.0,128.0,32.0,1.0,16.0,8.0,1.0,64.0,2.0,20.0,2.0,37028.34,37028.34,37028.34,37028.34,37028.34,112980000.0,42696000.0,64656000.0,108730000.0,42015000.0,63155000.0,73114000.0,33385000.0,48280000.0,108800000.0,37176000.0,59577000.0,112940000.0,42675000.0,64627000.0,-0.2729,-0.4636,-0.3313,-0.2685,-0.4562,-0.3257,-1.0387,-1.8697,-1.307,-0.2302,-0.4087,-0.2893,-0.2725,-0.4629,-0.3311,4000
RocketTile_72,6.0,28.0,0.0,32.0,4.0,32.0,4.0,1.0,64.0,2.0,4.0,1.0,47080.103,47080.103,47080.103,47080.103,47080.103,134370000.0,56101000.0,80817000.0,130510000.0,55438000.0,79489000.0,96010000.0,46010000.0,64751000.0,126590000.0,48495000.0,73226000.0,134350000.0,56089000.0,80799000.0,-0.2769,-0.4998,-0.3524,-0.2654,-0.4657,-0.3311,-0.8681,-1.4332,-1.0639,-0.233,-0.4301,-0.2924,-0.2758,-0.4985,-0.3511,4000
RocketTile_73,9.0,42.0,0.0,32.0,1.0,24.0,4.0,1.0,64.0,1.0,24.0,1.0,28201.32,28201.32,28201.32,28201.32,28201.32,86286000.0,30044000.0,46190000.0,82954000.0,29526000.0,45042000.0,50496000.0,22033000.0,32265000.0,82939000.0,24996000.0,41900000.0,86276000.0,30040000.0,46184000.0,-0.234,-0.4196,-0.2903,-0.2402,-0.4431,-0.3007,-0.7893,-1.406,-0.9979,-0.2327,-0.416,-0.2921,-0.2344,-0.4187,-0.2897,4000
RocketTile_74,0.0,14.0,512.0,64.0,4.0,16.0,8.0,1.0,32.0,4.0,4.0,1.0,58508.5939,58508.5939,58508.5939,58508.5939,58508.5939,149990000.0,64539000.0,91943000.0,146220000.0,63925000.0,90678000.0,112920000.0,55490000.0,77054000.0,145370000.0,58405000.0,86321000.0,149950000.0,64522000.0,91919000.0,-0.2583,-0.4545,-0.3182,-0.2742,-0.4657,-0.3351,-0.9281,-1.6042,-1.149,-0.2447,-0.4164,-0.3025,-0.2575,-0.4531,-0.317,4000
RocketTile_75,3.0,0.0,0.0,64.0,2.0,32.0,8.0,1.0,32.0,2.0,20.0,1.0,38779.2432,38779.2432,38779.2432,38779.2432,38779.2432,105480000.0,40744000.0,60395000.0,101940000.0,40176000.0,59185000.0,70998000.0,32776000.0,46720000.0,102740000.0,35387000.0,55696000.0,105460000.0,40736000.0,60382000.0,-0.3139,-0.4888,-0.378,-0.2667,-0.4576,-0.3307,-0.9036,-1.5659,-1.1238,-0.2267,-0.4068,-0.2853,-0.3136,-0.4885,-0.3776,4000
RocketTile_76,9.0,28.0,256.0,32.0,1.0,32.0,8.0,1.0,64.0,2.0,32.0,3.0,38527.9963,38527.9963,38527.9963,38527.9963,38527.9963,125820000.0,50096000.0,74513000.0,121910000.0,49411000.0,73139000.0,84178000.0,39144000.0,56595000.0,121040000.0,42812000.0,68319000.0,125810000.0,50097000.0,74511000.0,-0.2771,-0.4549,-0.3318,-0.269,-0.4486,-0.3264,-0.9617,-1.6161,-1.1847,-0.2335,-0.4162,-0.2921,-0.2768,-0.4535,-0.3313,4000
RocketTile_77,6.0,0.0,128.0,64.0,2.0,12.0,4.0,0.0,64.0,2.0,8.0,1.0,38527.9963,38527.9963,38527.9963,38527.9963,38527.9963,96894000.0,36828000.0,54521000.0,93586000.0,36438000.0,53527000.0,65040000.0,30467000.0,42941000.0,91983000.0,32335000.0,49967000.0,96872000.0,36820000.0,54507000.0,-0.2628,-0.4644,-0.3273,-0.2769,-0.4685,-0.3423,-0.9323,-1.5832,-1.1494,-0.2331,-0.4142,-0.2918,-0.2625,-0.4627,-0.3264,4000
RocketTile_78,0.0,56.0,0.0,64.0,1.0,20.0,8.0,0.0,32.0,1.0,8.0,3.0,28397.1355,28397.1355,28397.1355,28397.1355,28397.1355,94068000.0,35759000.0,54062000.0,90986000.0,35319000.0,53071000.0,61931000.0,29208000.0,42213000.0,89944000.0,31619000.0,50091000.0,94045000.0,35748000.0,54046000.0,-0.2318,-0.4198,-0.2925,-0.2307,-0.4181,-0.2913,-0.8904,-1.595,-1.1158,-0.2238,-0.4041,-0.2778,-0.231,-0.4192,-0.2917,4000
RocketTile_79,12.0,28.0,512.0,64.0,1.0,32.0,4.0,1.0,64.0,1.0,8.0,3.0,35382.1709,35382.1709,35382.1709,35382.1709,35382.1709,124000000.0,48123000.0,72652000.0,120340000.0,47395000.0,71325000.0,80081000.0,36184000.0,53034000.0,118660000.0,39897000.0,65715000.0,123950000.0,48099000.0,72616000.0,-0.299,-0.4617,-0.3512,-0.265,-0.4493,-0.3233,-0.8039,-1.4455,-1.0067,-0.2395,-0.4276,-0.2948,-0.2989,-0.4619,-0.3508,4000
RocketTile_80,0.0,42.0,128.0,32.0,1.0,12.0,8.0,1.0,64.0,2.0,24.0,3.0,36154.9267,36154.9267,36154.9267,36154.9267,36154.9267,113070000.0,44870000.0,66791000.0,109430000.0,44279000.0,65533000.0,76416000.0,36406000.0,52210000.0,108690000.0,39552000.0,61921000.0,113020000.0,44849000.0,66761000.0,-0.2414,-0.4392,-0.2982,-0.2404,-0.4342,-0.3096,-0.8249,-1.4508,-1.0374,-0.2276,-0.4106,-0.2844,-0.2404,-0.4382,-0.2971,4000
RocketTile_81,9.0,14.0,0.0,32.0,2.0,4.0,4.0,0.0,32.0,4.0,4.0,1.0,39334.1861,39334.1861,39334.1861,39334.1861,39334.1861,111850000.0,46934000.0,67023000.0,108400000.0,46518000.0,66027000.0,78963000.0,40270000.0,55061000.0,106200000.0,42270000.0,62310000.0,111820000.0,46922000.0,67004000.0,-0.2695,-0.4753,-0.335,-0.2783,-0.4798,-0.3444,-0.7654,-1.4337,-0.9774,-0.225,-0.4152,-0.2856,-0.2693,-0.475,-0.3347,4000
RocketTile_82,9.0,28.0,512.0,32.0,1.0,28.0,8.0,0.0,32.0,2.0,12.0,1.0,29653.3426,29653.3426,29653.3426,29653.3426,29653.3426,95670000.0,36314000.0,54359000.0,92955000.0,35847000.0,53531000.0,61907000.0,28984000.0,40885000.0,94896000.0,31879000.0,51270000.0,95705000.0,36329000.0,54381000.0,-0.2746,-0.4911,-0.3425,-0.2952,-0.5018,-0.3627,-0.6517,-1.2113,-0.828,-0.2354,-0.4054,-0.288,-0.2742,-0.4905,-0.3418,4000
RocketTile_83,12.0,0.0,1024.0,32.0,1.0,20.0,8.0,0.0,64.0,2.0,24.0,3.0,33238.5696,33238.5696,33238.5696,33238.5696,33238.5696,101930000.0,40505000.0,60016000.0,98399000.0,40061000.0,58949000.0,69373000.0,33684000.0,47843000.0,98149000.0,36422000.0,56240000.0,101950000.0,40513000.0,60030000.0,-0.2956,-0.4998,-0.3546,-0.2547,-0.4725,-0.3186,-0.8591,-1.4757,-1.0649,-0.2294,-0.4236,-0.2881,-0.2955,-0.4991,-0.3541,4000
RocketTile_84,3.0,28.0,128.0,64.0,4.0,4.0,8.0,0.0,32.0,2.0,32.0,1.0,49808.196,49808.196,49808.196,49808.196,49808.196,132290000.0,54498000.0,78938000.0,128560000.0,53915000.0,77700000.0,96926000.0,45677000.0,64520000.0,125860000.0,48547000.0,72994000.0,132260000.0,54484000.0,78917000.0,-0.2581,-0.4714,-0.3196,-0.303,-0.5064,-0.3719,-0.8931,-1.5967,-1.125,-0.2566,-0.4095,-0.3097,-0.2568,-0.4704,-0.3191,4000
RocketTile_85,9.0,14.0,1024.0,64.0,4.0,16.0,8.0,0.0,32.0,4.0,4.0,2.0,59245.2619,59245.2619,59245.2619,59245.2619,59245.2619,172010000.0,75082000.0,107970000.0,168460000.0,74514000.0,106860000.0,2843700000.0,1884600000.0,2334000000.0,2882600000.0,1889100000.0,2347200000.0,171960000.0,75063000.0,107940000.0,-0.3356,-0.536,-0.3957,-0.3372,-0.5365,-0.4012,-188.054,-373.7423,-228.3628,-0.2559,-0.4309,-0.31,-0.3345,-0.5346,-0.3941,4000
RocketTile_86,3.0,0.0,0.0,64.0,2.0,24.0,4.0,1.0,64.0,4.0,12.0,2.0,53148.4416,53148.4416,53148.4416,53148.4416,53148.4416,134880000.0,55734000.0,80863000.0,131000000.0,55133000.0,79531000.0,95591000.0,46168000.0,64847000.0,128820000.0,49105000.0,74395000.0,134840000.0,55718000.0,80838000.0,-0.2694,-0.496,-0.3352,-0.2759,-0.501,-0.343,-0.8804,-1.5275,-1.1006,-0.2321,-0.4346,-0.2929,-0.2692,-0.4949,-0.335,4000
RocketTile_87,12.0,42.0,128.0,32.0,4.0,4.0,8.0,0.0,64.0,4.0,32.0,2.0,57776.5224,57776.5224,57776.5224,57776.5224,57776.5224,156760000.0,68445000.0,97348000.0,152390000.0,67728000.0,95859000.0,117690000.0,59285000.0,81813000.0,152360000.0,62848000.0,92478000.0,156720000.0,68425000.0,97320000.0,-0.3219,-0.524,-0.3871,-0.3785,-0.5865,-0.4517,-1.1098,-1.7635,-1.3323,-0.2664,-0.4415,-0.3204,-0.3212,-0.5227,-0.3861,4000
RocketTile_88,9.0,28.0,256.0,64.0,4.0,32.0,8.0,1.0,32.0,4.0,8.0,1.0,60676.2446,60676.2446,60676.2446,60676.2446,60676.2446,164210000.0,69399000.0,99836000.0,159620000.0,68636000.0,98233000.0,120950000.0,57969000.0,81344000.0,156300000.0,61037000.0,91779000.0,164170000.0,69380000.0,99808000.0,-0.3165,-0.5203,-0.3875,-0.3722,-0.5726,-0.4388,-1.0423,-1.7955,-1.2938,-0.2562,-0.4161,-0.3087,-0.3164,-0.5189,-0.3868,4000
RocketTile_89,3.0,14.0,128.0,32.0,1.0,4.0,8.0,1.0,32.0,4.0,8.0,3.0,41639.868,41639.868,41639.868,41639.868,41639.868,137940000.0,58626000.0,84897000.0,133820000.0,57941000.0,83501000.0,95368000.0,47787000.0,66861000.0,131110000.0,51419000.0,77955000.0,137920000.0,58616000.0,84882000.0,-0.2839,-0.4918,-0.3424,-0.2988,-0.4812,-0.3612,-1.1081,-1.8377,-1.3467,-0.2525,-0.4367,-0.3068,-0.2837,-0.4918,-0.3424,4000
RocketTile_90,9.0,0.0,256.0,64.0,4.0,16.0,8.0,1.0,64.0,1.0,32.0,2.0,50411.2378,50411.2378,50411.2378,50411.2378,50411.2378,134200000.0,54876000.0,80221000.0,130810000.0,54304000.0,79050000.0,98156000.0,45800000.0,65522000.0,130340000.0,49310000.0,75351000.0,134180000.0,54867000.0,80207000.0,-0.2605,-0.4215,-0.3152,-0.2427,-0.4176,-0.2951,-0.9417,-1.6053,-1.1745,-0.2294,-0.421,-0.2852,-0.2599,-0.4208,-0.3148,4000
RocketTile_91,9.0,28.0,128.0,32.0,1.0,8.0,8.0,1.0,32.0,4.0,32.0,3.0,42360.421,42360.421,42360.421,42360.421,42360.421,139190000.0,58601000.0,85182000.0,134770000.0,57907000.0,83702000.0,96641000.0,48097000.0,67494000.0,133550000.0,51919000.0,79143000.0,139180000.0,58602000.0,85181000.0,-0.2977,-0.5262,-0.3542,-0.2854,-0.5028,-0.3529,-0.8302,-1.5311,-1.0387,-0.2481,-0.4396,-0.3015,-0.2974,-0.5261,-0.3538,4000
RocketTile_92,12.0,0.0,128.0,64.0,4.0,8.0,8.0,1.0,32.0,2.0,20.0,2.0,52372.5394,52372.5394,52372.5394,52372.5394,52372.5394,141100000.0,59349000.0,85813000.0,137480000.0,58743000.0,84574000.0,104670000.0,50349000.0,71003000.0,137210000.0,53762000.0,80805000.0,141080000.0,59340000.0,85798000.0,-0.2483,-0.4482,-0.3104,-0.253,-0.4456,-0.3173,-0.7334,-1.3516,-0.9332,-0.2352,-0.4164,-0.2973,-0.2479,-0.4477,-0.3101,4000
RocketTile_93,0.0,56.0,128.0,32.0,4.0,32.0,8.0,0.0,64.0,2.0,4.0,2.0,45396.4781,45396.4781,45396.4781,45396.4781,45396.4781,131020000.0,56202000.0,80452000.0,127720000.0,55690000.0,79395000.0,98025000.0,48404000.0,67681000.0,124680000.0,50556000.0,74746000.0,130990000.0,56190000.0,80432000.0,-0.2849,-0.4722,-0.3441,-0.2809,-0.4763,-0.3451,-0.82,-1.4914,-1.033,-0.2277,-0.4197,-0.2862,-0.2838,-0.4707,-0.3428,4000
RocketTile_94,3.0,14.0,512.0,32.0,1.0,8.0,8.0,1.0,64.0,2.0,16.0,2.0,36111.5885,36111.5885,36111.5885,36111.5885,36111.5885,115250000.0,44149000.0,66555000.0,111150000.0,43521000.0,65253000.0,75650000.0,35142000.0,50247000.0,113610000.0,38677000.0,62615000.0,115230000.0,44139000.0,66540000.0,-0.283,-0.4613,-0.3444,-0.2763,-0.464,-0.3364,-0.8315,-1.4344,-1.0339,-0.2499,-0.4281,-0.3017,-0.2826,-0.4608,-0.344,4000
RocketTile_95,12.0,14.0,512.0,64.0,1.0,32.0,8.0,0.0,64.0,4.0,24.0,3.0,47030.6362,47030.6362,47030.6362,47030.6362,47030.6362,133080000.0,55559000.0,80982000.0,129440000.0,54910000.0,79755000.0,95012000.0,46757000.0,65370000.0,130170000.0,50009000.0,76695000.0,133070000.0,55552000.0,80973000.0,-0.3133,-0.5129,-0.3739,-0.3047,-0.512,-0.3741,-0.8669,-1.5124,-1.084,-0.2602,-0.4296,-0.3127,-0.3122,-0.5115,-0.3727,4000
RocketTile_96,9.0,42.0,512.0,64.0,1.0,32.0,8.0,1.0,64.0,1.0,12.0,3.0,35778.289,35778.289,35778.289,35778.289,35778.289,121550000.0,46842000.0,71022000.0,117720000.0,46138000.0,69646000.0,80982000.0,36410000.0,53471000.0,119280000.0,40213000.0,66189000.0,121510000.0,46829000.0,71001000.0,-0.2598,-0.4929,-0.3234,-0.2437,-0.4734,-0.305,-0.9436,-1.6532,-1.1774,-0.2433,-0.4309,-0.301,-0.2594,-0.4923,-0.3231,4000
RocketTile_97,0.0,56.0,1024.0,64.0,1.0,12.0,8.0,0.0,64.0,1.0,24.0,2.0,28397.1355,28397.1355,28397.1355,28397.1355,28397.1355,84394000.0,30914000.0,46831000.0,81493000.0,30461000.0,45877000.0,53770000.0,24625000.0,35657000.0,81917000.0,27216000.0,43692000.0,84427000.0,30928000.0,46852000.0,-0.2402,-0.4136,-0.2874,-0.2315,-0.4116,-0.2865,-0.7136,-1.3069,-0.9068,-0.2195,-0.4064,-0.2748,-0.241,-0.4135,-0.2869,4000
RocketTile_98,9.0,0.0,512.0,64.0,4.0,12.0,8.0,0.0,32.0,4.0,24.0,1.0,55602.3326,55602.3326,55602.3326,55602.3326,55602.3326,141020000.0,61024000.0,86547000.0,137980000.0,60585000.0,85606000.0,106990000.0,53433000.0,73601000.0,135240000.0,55768000.0,81181000.0,140980000.0,61003000.0,86518000.0,-0.2723,-0.4591,-0.3317,-0.2718,-0.4714,-0.3381,-0.9954,-1.6704,-1.2225,-0.2416,-0.441,-0.3021,-0.2718,-0.4584,-0.33,4000
RocketTile_99,3.0,42.0,0.0,64.0,2.0,20.0,4.0,0.0,64.0,4.0,24.0,1.0,48562.7141,48562.7141,48562.7141,48562.7141,48562.7141,113500000.0,46214000.0,66650000.0,110240000.0,45751000.0,65612000.0,81133000.0,39594000.0,54807000.0,109120000.0,41684000.0,62217000.0,113480000.0,46202000.0,66632000.0,-0.3121,-0.4945,-0.3712,-0.2846,-0.4899,-0.3525,-0.933,-1.5981,-1.1524,-0.2334,-0.4079,-0.2903,-0.3105,-0.4934,-0.3699,4000
RocketTile_100,6.0,42.0,128.0,32.0,1.0,8.0,8.0,0.0,32.0,1.0,12.0,1.0,25742.4221,25742.4221,25742.4221,25742.4221,25742.4221,84530000.0,29943000.0,45826000.0,81372000.0,29458000.0,44797000.0,49573000.0,21988000.0,31919000.0,79630000.0,24610000.0,40752000.0,84507000.0,29932000.0,45810000.0,-0.2267,-0.4202,-0.2851,-0.2356,-0.4227,-0.2942,-0.7086,-1.2847,-0.899,-0.2178,-0.39,-0.2718,-0.2267,-0.42,-0.2849,4000
RocketTile_101,6.0,0.0,128.0,32.0,1.0,20.0,8.0,1.0,64.0,1.0,32.0,1.0,28182.168,28182.168,28182.168,28182.168,28182.168,84578000.0,29147000.0,45120000.0,80968000.0,28617000.0,43908000.0,50592000.0,22006000.0,32259000.0,81945000.0,25009000.0,41591000.0,84515000.0,29119000.0,45078000.0,-0.2364,-0.4191,-0.2939,-0.2225,-0.4268,-0.2841,-0.7001,-1.3048,-0.8899,-0.2381,-0.4073,-0.2958,-0.236,-0.4191,-0.2935,4000
RocketTile_102,9.0,56.0,256.0,64.0,2.0,4.0,4.0,1.0,64.0,2.0,28.0,1.0,43571.7576,43571.7576,43571.7576,43571.7576,43571.7576,117300000.0,44346000.0,66470000.0,113110000.0,43700000.0,65060000.0,77091000.0,34781000.0,49840000.0,113160000.0,37818000.0,60698000.0,117280000.0,44334000.0,66453000.0,-0.298,-0.5058,-0.358,-0.2979,-0.5104,-0.3664,-1.1648,-1.9117,-1.4189,-0.2382,-0.4307,-0.2972,-0.2978,-0.5052,-0.3576,4000
RocketTile_103,0.0,28.0,1024.0,64.0,1.0,12.0,8.0,1.0,32.0,1.0,16.0,2.0,29834.4384,29834.4384,29834.4384,29834.4384,29834.4384,97065000.0,35799000.0,54568000.0,93230000.0,35220000.0,53202000.0,59579000.0,26864000.0,39262000.0,91078000.0,29809000.0,48588000.0,97055000.0,35794000.0,54561000.0,-0.2586,-0.4447,-0.3114,-0.2437,-0.4369,-0.3038,-0.6924,-1.2373,-0.8663,-0.2465,-0.4322,-0.3079,-0.2566,-0.4434,-0.3095,4000
RocketTile_104,3.0,0.0,512.0,64.0,4.0,4.0,8.0,0.0,64.0,4.0,8.0,2.0,62797.6022,62797.6022,62797.6022,62797.6022,62797.6022,150980000.0,65509000.0,93198000.0,147490000.0,64983000.0,92103000.0,115450000.0,57170000.0,79308000.0,145900000.0,60243000.0,88090000.0,150940000.0,65487000.0,93166000.0,-0.2943,-0.5071,-0.3606,-0.2842,-0.4974,-0.3522,-0.9212,-1.5636,-1.141,-0.2401,-0.4282,-0.2995,-0.2937,-0.5063,-0.3598,4000
RocketTile_105,12.0,14.0,128.0,32.0,2.0,4.0,8.0,1.0,64.0,1.0,20.0,2.0,35249.1192,35249.1192,35249.1192,35249.1192,35249.1192,108170000.0,41659000.0,62294000.0,104820000.0,41158000.0,61182000.0,73261000.0,33918000.0,48838000.0,106590000.0,36687000.0,58685000.0,108150000.0,41651000.0,62281000.0,-0.2765,-0.5181,-0.3425,-0.2813,-0.4898,-0.3476,-0.9025,-1.5376,-1.1165,-0.2594,-0.441,-0.3119,-0.276,-0.5183,-0.3425,4000
RocketTile_106,6.0,28.0,1024.0,64.0,1.0,12.0,8.0,0.0,64.0,4.0,8.0,2.0,46295.7466,46295.7466,46295.7466,46295.7466,46295.7466,133590000.0,54809000.0,80330000.0,129860000.0,54198000.0,79179000.0,2807400000.0,1865800000.0,2308300000.0,2846500000.0,1870200000.0,2321400000.0,133540000.0,54788000.0,80299000.0,-0.3223,-0.5128,-0.3819,-0.3112,-0.5088,-0.3751,-188.0614,-374.0234,-228.417,-0.2544,-0.4241,-0.3083,-0.3204,-0.5086,-0.3798,4000
RocketTile_107,0.0,42.0,128.0,64.0,2.0,28.0,8.0,0.0,32.0,1.0,32.0,2.0,33409.4328,33409.4328,33409.4328,33409.4328,33409.4328,96094000.0,36584000.0,54641000.0,93322000.0,36202000.0,53770000.0,64678000.0,30308000.0,43336000.0,91571000.0,32260000.0,50508000.0,96080000.0,36578000.0,54632000.0,-0.2499,-0.4328,-0.3118,-0.2504,-0.4323,-0.3113,-0.872,-1.4899,-1.0785,-0.2261,-0.407,-0.2797,-0.2493,-0.4325,-0.3113,4000
RocketTile_108,12.0,14.0,0.0,64.0,4.0,8.0,8.0,0.0,32.0,2.0,4.0,3.0,51095.2104,51095.2104,51095.2104,51095.2104,51095.2104,144220000.0,61398000.0,88732000.0,140420000.0,60789000.0,87413000.0,108270000.0,52865000.0,74537000.0,137910000.0,55835000.0,82982000.0,144190000.0,61383000.0,88709000.0,-0.2643,-0.4589,-0.3226,-0.2649,-0.4456,-0.3193,-0.8401,-1.4855,-1.0406,-0.2322,-0.4146,-0.2912,-0.2638,-0.4585,-0.3224,4000
RocketTile_109,0.0,56.0,128.0,32.0,2.0,24.0,4.0,1.0,32.0,2.0,32.0,3.0,38001.0154,38001.0154,38001.0154,38001.0154,38001.0154,123300000.0,51231000.0,74974000.0,119610000.0,50668000.0,73742000.0,87558000.0,42737000.0,60698000.0,119470000.0,45357000.0,69764000.0,123270000.0,51220000.0,74957000.0,-0.2505,-0.4457,-0.3119,-0.257,-0.4589,-0.3205,-0.7939,-1.4359,-1.0058,-0.2393,-0.4245,-0.2974,-0.25,-0.444,-0.3105,4000
RocketTile_110,3.0,42.0,1024.0,32.0,1.0,20.0,8.0,0.0,64.0,1.0,8.0,1.0,28063.453,28063.453,28063.453,28063.453,28063.453,98314000.0,35873000.0,54760000.0,94964000.0,35342000.0,53673000.0,2775500000.0,1847900000.0,2284500000.0,2813000000.0,1851900000.0,2297100000.0,98310000.0,35875000.0,54761000.0,-0.2756,-0.48,-0.3291,-0.2764,-0.4775,-0.3395,-188.158,-373.5389,-228.1631,-0.2574,-0.4166,-0.3104,-0.2764,-0.48,-0.3282,4000
RocketTile_111,3.0,28.0,0.0,32.0,2.0,32.0,4.0,1.0,32.0,2.0,20.0,3.0,38299.8413,38299.8413,38299.8413,38299.8413,38299.8413,123320000.0,50941000.0,74651000.0,119320000.0,50377000.0,73361000.0,87816000.0,42770000.0,60776000.0,119360000.0,45312000.0,69768000.0,123300000.0,50933000.0,74638000.0,-0.2395,-0.4217,-0.2987,-0.2394,-0.4238,-0.3005,-0.8393,-1.4815,-1.0572,-0.2351,-0.4281,-0.2957,-0.2391,-0.4211,-0.2983,4000
RocketTile_112,0.0,56.0,128.0,32.0,2.0,20.0,8.0,1.0,64.0,4.0,8.0,1.0,48076.0344,48076.0344,48076.0344,48076.0344,48076.0344,120440000.0,49470000.0,71215000.0,117050000.0,48919000.0,70048000.0,84779000.0,41652000.0,57680000.0,117260000.0,44153000.0,66725000.0,120410000.0,49455000.0,71192000.0,-0.2603,-0.4517,-0.3124,-0.2711,-0.4721,-0.3352,-1.1132,-1.8267,-1.353,-0.2343,-0.4254,-0.2965,-0.258,-0.4514,-0.3099,4000
RocketTile_113,6.0,14.0,0.0,64.0,2.0,16.0,4.0,0.0,64.0,2.0,4.0,2.0,39847.5418,39847.5418,39847.5418,39847.5418,39847.5418,104250000.0,41183000.0,60609000.0,101430000.0,40791000.0,59746000.0,72906000.0,34712000.0,49102000.0,101260000.0,36917000.0,56771000.0,104230000.0,41177000.0,60598000.0,-0.2588,-0.4525,-0.318,-0.2577,-0.4531,-0.3197,-0.7826,-1.4204,-0.9994,-0.2276,-0.4111,-0.2866,-0.2581,-0.4519,-0.3186,4000
RocketTile_114,3.0,28.0,0.0,64.0,2.0,24.0,4.0,1.0,64.0,4.0,32.0,1.0,51596.8834,51596.8834,51596.8834,51596.8834,51596.8834,122600000.0,49243000.0,71555000.0,118600000.0,48626000.0,70212000.0,86836000.0,41593000.0,58132000.0,118690000.0,43998000.0,66927000.0,122580000.0,49233000.0,71540000.0,-0.2617,-0.4982,-0.3349,-0.2464,-0.4463,-0.3092,-1.0642,-1.8409,-1.3215,-0.231,-0.4277,-0.2898,-0.2608,-0.4972,-0.334,4000
RocketTile_115,0.0,28.0,256.0,32.0,4.0,32.0,4.0,0.0,64.0,2.0,32.0,1.0,43838.928,43838.928,43838.928,43838.928,43838.928,121020000.0,50564000.0,72686000.0,117730000.0,50046000.0,71571000.0,89810000.0,44048000.0,61351000.0,116200000.0,45978000.0,68179000.0,120990000.0,50552000.0,72667000.0,-0.2516,-0.4186,-0.3108,-0.2453,-0.4273,-0.3024,-0.7883,-1.4729,-1.0052,-0.2177,-0.4,-0.2746,-0.2509,-0.4175,-0.3099,4000
RocketTile_116,12.0,56.0,128.0,32.0,4.0,12.0,8.0,0.0,32.0,4.0,24.0,1.0,51095.2104,51095.2104,51095.2104,51095.2104,51095.2104,147140000.0,64139000.0,90928000.0,143140000.0,63528000.0,89620000.0,109450000.0,55545000.0,76143000.0,142430000.0,58669000.0,86034000.0,147110000.0,64127000.0,90911000.0,-0.2792,-0.486,-0.344,-0.2876,-0.4998,-0.3537,-0.8708,-1.5865,-1.1074,-0.2692,-0.4396,-0.3226,-0.2789,-0.4856,-0.3438,4000
RocketTile_117,12.0,0.0,128.0,32.0,1.0,8.0,8.0,1.0,64.0,1.0,24.0,1.0,27769.716,27769.716,27769.716,27769.716,27769.716,85655000.0,30476000.0,46432000.0,82541000.0,29964000.0,45357000.0,49818000.0,21881000.0,31944000.0,80750000.0,24922000.0,41237000.0,85668000.0,30481000.0,46439000.0,-0.2309,-0.3931,-0.284,-0.2113,-0.3879,-0.2683,-0.7262,-1.3541,-0.9316,-0.2202,-0.4125,-0.2744,-0.2304,-0.3923,-0.2831,4000
RocketTile_118,6.0,0.0,512.0,32.0,2.0,32.0,4.0,1.0,64.0,4.0,12.0,2.0,49859.0856,49859.0856,49859.0856,49859.0856,49859.0856,134570000.0,56040000.0,81145000.0,130130000.0,55384000.0,79659000.0,94754000.0,46424000.0,64934000.0,126660000.0,49040000.0,74004000.0,134550000.0,56030000.0,81129000.0,-0.2704,-0.4847,-0.3272,-0.2548,-0.4732,-0.3167,-0.8555,-1.5138,-1.0691,-0.2428,-0.43,-0.3049,-0.2698,-0.4846,-0.3266,4000
RocketTile_119,0.0,42.0,128.0,64.0,1.0,20.0,4.0,0.0,32.0,2.0,20.0,3.0,32034.3739,32034.3739,32034.3739,32034.3739,32034.3739,102760000.0,41168000.0,60916000.0,99870000.0,40717000.0,59951000.0,69503000.0,33884000.0,48092000.0,98401000.0,36536000.0,56381000.0,102780000.0,41176000.0,60931000.0,-0.2641,-0.4557,-0.3271,-0.2582,-0.4531,-0.3239,-0.7621,-1.4219,-0.9625,-0.2267,-0.4069,-0.2821,-0.2636,-0.4545,-0.3263,4000
RocketTile_120,9.0,0.0,128.0,64.0,1.0,24.0,4.0,0.0,64.0,1.0,20.0,2.0,28377.9288,28377.9288,28377.9288,28377.9288,28377.9288,83932000.0,30921000.0,46867000.0,81071000.0,30461000.0,45887000.0,53727000.0,24624000.0,35636000.0,80719000.0,27200000.0,43413000.0,83932000.0,30917000.0,46863000.0,-0.2559,-0.4421,-0.3135,-0.2434,-0.4367,-0.304,-0.779,-1.4106,-0.9886,-0.2265,-0.4063,-0.2842,-0.2556,-0.4417,-0.3131,4000
RocketTile_121,0.0,28.0,0.0,32.0,2.0,4.0,4.0,1.0,64.0,2.0,16.0,2.0,38918.8066,38918.8066,38918.8066,38918.8066,38918.8066,113610000.0,45297000.0,66642000.0,109770000.0,44775000.0,65433000.0,77281000.0,36992000.0,52399000.0,108280000.0,39854000.0,61473000.0,113590000.0,45290000.0,66631000.0,-0.2906,-0.4585,-0.3421,-0.2647,-0.464,-0.3279,-0.8409,-1.5168,-1.0568,-0.2388,-0.4347,-0.2993,-0.2913,-0.458,-0.3433,4000
RocketTile_122,0.0,56.0,512.0,64.0,1.0,28.0,4.0,1.0,32.0,2.0,8.0,3.0,35382.1709,35382.1709,35382.1709,35382.1709,35382.1709,114180000.0,45482000.0,67606000.0,110980000.0,44868000.0,66399000.0,77735000.0,37036000.0,53198000.0,111020000.0,40237000.0,63104000.0,114130000.0,45459000.0,67572000.0,-0.2669,-0.4847,-0.3275,-0.2681,-0.4906,-0.336,-0.8919,-1.539,-1.1022,-0.231,-0.4114,-0.2888,-0.2666,-0.483,-0.3273,4000
RocketTile_123,6.0,56.0,1024.0,32.0,4.0,16.0,8.0,0.0,32.0,4.0,20.0,2.0,53259.1675,53259.1675,53259.1675,53259.1675,53259.1675,175110000.0,75763000.0,109850000.0,170970000.0,75125000.0,108510000.0,2842100000.0,1885500000.0,2334500000.0,2883200000.0,1890200000.0,2348600000.0,175080000.0,75748000.0,109820000.0,-0.3445,-0.5323,-0.4026,-0.3338,-0.5251,-0.3972,-188.0892,-373.6108,-228.2115,-0.2634,-0.4498,-0.3179,-0.3444,-0.5316,-0.4028,4000
RocketTile_124,0.0,42.0,0.0,64.0,1.0,24.0,4.0,1.0,64.0,2.0,4.0,1.0,35073.6048,35073.6048,35073.6048,35073.6048,35073.6048,95964000.0,35159000.0,52817000.0,92406000.0,34604000.0,51626000.0,58990000.0,26519000.0,38136000.0,92115000.0,29646000.0,47947000.0,95923000.0,35137000.0,52787000.0,-0.2599,-0.4689,-0.3238,-0.284,-0.4916,-0.3497,-0.9423,-1.6092,-1.1726,-0.2225,-0.4082,-0.2794,-0.2597,-0.4689,-0.3234,4000
RocketTile_125,6.0,14.0,0.0,64.0,4.0,8.0,4.0,1.0,64.0,2.0,20.0,1.0,53718.4872,53718.4872,53718.4872,53718.4872,53718.4872,136210000.0,55096000.0,80361000.0,132260000.0,54464000.0,79031000.0,97318000.0,45684000.0,64557000.0,130100000.0,48999000.0,74415000.0,136190000.0,55085000.0,80343000.0,-0.2516,-0.4374,-0.313,-0.2709,-0.4476,-0.3253,-0.7652,-1.4039,-0.98,-0.2321,-0.4221,-0.2915,-0.2506,-0.4352,-0.311,4000
RocketTile_126,6.0,0.0,512.0,32.0,2.0,32.0,4.0,0.0,64.0,1.0,28.0,3.0,32431.86,32431.86,32431.86,32431.86,32431.86,103450000.0,41354000.0,61365000.0,100690000.0,40982000.0,60478000.0,72532000.0,35216000.0,50143000.0,99635000.0,37103000.0,57421000.0,103430000.0,41345000.0,61353000.0,-0.2242,-0.4533,-0.2942,-0.2397,-0.4272,-0.2982,-0.6557,-1.2437,-0.8423,-0.222,-0.4144,-0.2824,-0.2239,-0.4536,-0.2943,4000
RocketTile_127,3.0,28.0,256.0,32.0,2.0,8.0,4.0,0.0,64.0,2.0,16.0,2.0,37956.5827,37956.5827,37956.5827,37956.5827,37956.5827,110630000.0,44325000.0,65140000.0,107660000.0,43868000.0,64172000.0,77285000.0,37074000.0,52272000.0,108140000.0,39172000.0,61090000.0,110610000.0,44317000.0,65128000.0,-0.3028,-0.5096,-0.3691,-0.3013,-0.5073,-0.3691,-0.743,-1.3737,-0.9515,-0.2625,-0.4222,-0.3185,-0.3025,-0.5089,-0.3683,4000
RocketTile_128,6.0,14.0,512.0,64.0,2.0,32.0,8.0,0.0,32.0,4.0,16.0,2.0,46070.1086,46070.1086,46070.1086,46070.1086,46070.1086,135200000.0,56193000.0,82007000.0,131250000.0,55638000.0,80799000.0,96408000.0,47888000.0,66337000.0,130650000.0,50604000.0,76925000.0,135170000.0,56180000.0,81987000.0,-0.3143,-0.4992,-0.3738,-0.3002,-0.4874,-0.3594,-1.0465,-1.7762,-1.2858,-0.2448,-0.4175,-0.2963,-0.3139,-0.4979,-0.3733,4000
RocketTile_129,12.0,56.0,1024.0,32.0,1.0,8.0,8.0,0.0,64.0,1.0,12.0,2.0,30035.8354,30035.8354,30035.8354,30035.8354,30035.8354,106070000.0,40567000.0,61317000.0,102540000.0,39957000.0,60130000.0,2784200000.0,1852400000.0,2291100000.0,2822000000.0,1856400000.0,2303800000.0,106050000.0,40557000.0,61303000.0,-0.2815,-0.4948,-0.3468,-0.2833,-0.4943,-0.3514,-188.2785,-373.6255,-228.3014,-0.2507,-0.4176,-0.3008,-0.2813,-0.4941,-0.3464,4000
RocketTile_130,0.0,42.0,1024.0,32.0,4.0,8.0,8.0,1.0,32.0,2.0,8.0,2.0,45245.7518,45245.7518,45245.7518,45245.7518,45245.7518,138780000.0,60305000.0,86057000.0,135370000.0,59753000.0,84893000.0,101130000.0,50693000.0,70448000.0,135030000.0,54580000.0,81074000.0,138750000.0,60294000.0,86041000.0,-0.2344,-0.4507,-0.2884,-0.2322,-0.4471,-0.3033,-0.8102,-1.4139,-1.0018,-0.2321,-0.4279,-0.2932,-0.234,-0.4506,-0.2876,4000
RocketTile_131,6.0,14.0,256.0,32.0,2.0,24.0,4.0,1.0,64.0,1.0,4.0,3.0,37208.6698,37208.6698,37208.6698,37208.6698,37208.6698,126260000.0,49167000.0,74358000.0,122530000.0,48600000.0,73155000.0,85498000.0,40034000.0,57847000.0,120430000.0,42984000.0,68403000.0,126240000.0,49159000.0,74345000.0,-0.3119,-0.5181,-0.3724,-0.3105,-0.5352,-0.3789,-0.881,-1.4711,-1.083,-0.2814,-0.4428,-0.3378,-0.3114,-0.5178,-0.3722,4000
RocketTile_132,12.0,56.0,512.0,64.0,2.0,16.0,8.0,1.0,64.0,2.0,16.0,3.0,47332.9915,47332.9915,47332.9915,47332.9915,47332.9915,142400000.0,57000000.0,84965000.0,138860000.0,56321000.0,83708000.0,99127000.0,45963000.0,66150000.0,139840000.0,49981000.0,79562000.0,142370000.0,56985000.0,84941000.0,-0.2658,-0.4504,-0.323,-0.2592,-0.4496,-0.3182,-0.9255,-1.5992,-1.1544,-0.2336,-0.423,-0.2892,-0.2652,-0.4499,-0.3222,4000
RocketTile_133,3.0,56.0,0.0,64.0,1.0,16.0,8.0,0.0,64.0,4.0,20.0,3.0,45221.5109,45221.5109,45221.5109,45221.5109,45221.5109,122000000.0,51263000.0,74168000.0,118420000.0,50708000.0,72984000.0,86189000.0,42924000.0,59926000.0,116070000.0,45901000.0,68693000.0,121990000.0,51260000.0,74164000.0,-0.3193,-0.5431,-0.3817,-0.2974,-0.5064,-0.3608,-0.9293,-1.5418,-1.1285,-0.2245,-0.4169,-0.2856,-0.3178,-0.5426,-0.38,4000
RocketTile_134,3.0,28.0,256.0,32.0,4.0,28.0,8.0,0.0,64.0,4.0,24.0,1.0,55990.6805,55990.6805,55990.6805,55990.6805,55990.6805,148130000.0,64319000.0,91266000.0,144560000.0,63741000.0,90118000.0,111790000.0,55376000.0,76535000.0,142110000.0,57790000.0,85198000.0,148090000.0,64302000.0,91240000.0,-0.3089,-0.5277,-0.3707,-0.3127,-0.5291,-0.382,-1.0533,-1.7694,-1.2808,-0.2623,-0.4389,-0.3157,-0.3082,-0.5276,-0.3697,4000
RocketTile_135,12.0,42.0,512.0,32.0,4.0,16.0,8.0,1.0,64.0,1.0,28.0,3.0,47308.2034,47308.2034,47308.2034,47308.2034,47308.2034,157750000.0,66478000.0,97164000.0,153570000.0,65728000.0,95699000.0,114540000.0,55392000.0,78491000.0,155390000.0,59599000.0,92084000.0,157720000.0,66466000.0,97145000.0,-0.3005,-0.48,-0.3587,-0.282,-0.4706,-0.3422,-1.0469,-1.6099,-1.2307,-0.2713,-0.4384,-0.3261,-0.3003,-0.479,-0.3583,4000
RocketTile_136,9.0,28.0,512.0,32.0,2.0,20.0,8.0,0.0,64.0,1.0,28.0,1.0,31846.7117,31846.7117,31846.7117,31846.7117,31846.7117,98937000.0,36828000.0,55627000.0,95961000.0,36408000.0,54747000.0,64744000.0,29899000.0,42466000.0,97302000.0,32142000.0,52344000.0,98920000.0,36820000.0,55615000.0,-0.2699,-0.4761,-0.3322,-0.2785,-0.4871,-0.3486,-0.7922,-1.3923,-0.9866,-0.2614,-0.4119,-0.3134,-0.2695,-0.4746,-0.3316,4000
RocketTile_137,9.0,42.0,512.0,64.0,4.0,20.0,4.0,1.0,32.0,2.0,24.0,3.0,56657.088,56657.088,56657.088,56657.088,56657.088,173530000.0,70530000.0,105430000.0,169470000.0,69807000.0,104140000.0,124130000.0,59629000.0,84403000.0,166000000.0,64056000.0,98536000.0,173500000.0,70517000.0,105410000.0,-0.3389,-0.5299,-0.3955,-0.3422,-0.5419,-0.4048,-1.1386,-1.6769,-1.3326,-0.2664,-0.4389,-0.3198,-0.3384,-0.5292,-0.395,4000
RocketTile_138,9.0,0.0,0.0,32.0,1.0,32.0,4.0,1.0,64.0,4.0,4.0,2.0,45372.1824,45372.1824,45372.1824,45372.1824,45372.1824,123950000.0,50698000.0,73740000.0,119690000.0,49941000.0,72216000.0,84237000.0,40920000.0,57476000.0,117850000.0,44331000.0,67644000.0,123900000.0,50671000.0,73701000.0,-0.28,-0.4888,-0.3462,-0.2829,-0.4774,-0.3459,-0.9907,-1.7169,-1.2368,-0.2352,-0.4249,-0.2913,-0.2792,-0.4888,-0.3454,4000
RocketTile_139,6.0,14.0,512.0,64.0,1.0,16.0,4.0,1.0,64.0,4.0,12.0,3.0,50017.3085,50017.3085,50017.3085,50017.3085,50017.3085,143840000.0,59242000.0,87299000.0,139640000.0,58479000.0,85866000.0,102610000.0,49719000.0,70144000.0,141220000.0,52940000.0,82296000.0,143780000.0,59218000.0,87264000.0,-0.3045,-0.5429,-0.3682,-0.3039,-0.5379,-0.3708,-1.1261,-1.865,-1.3735,-0.2714,-0.4544,-0.3262,-0.3046,-0.543,-0.368,4000
RocketTile_140,3.0,28.0,1024.0,32.0,2.0,32.0,8.0,0.0,32.0,1.0,20.0,2.0,32202.1181,32202.1181,32202.1181,32202.1181,32202.1181,116500000.0,44625000.0,67968000.0,113250000.0,44189000.0,67022000.0,2792300000.0,1857600000.0,2297600000.0,2830400000.0,1861300000.0,2310200000.0,116480000.0,44618000.0,67957000.0,-0.3215,-0.5422,-0.3939,-0.3306,-0.5333,-0.4036,-188.1635,-373.7674,-228.5668,-0.2712,-0.4285,-0.3254,-0.321,-0.5413,-0.3936,4000
RocketTile_141,0.0,0.0,1024.0,32.0,2.0,8.0,4.0,1.0,64.0,4.0,28.0,2.0,49340.6136,49340.6136,49340.6136,49340.6136,49340.6136,130720000.0,55425000.0,79736000.0,126970000.0,54833000.0,78477000.0,93439000.0,46177000.0,64328000.0,124820000.0,49132000.0,73532000.0,130670000.0,55402000.0,79702000.0,-0.3103,-0.4996,-0.3679,-0.2852,-0.4922,-0.3512,-0.9649,-1.586,-1.1733,-0.2302,-0.4447,-0.2884,-0.3095,-0.4983,-0.3674,4000
RocketTile_142,3.0,0.0,128.0,32.0,4.0,24.0,4.0,0.0,64.0,4.0,4.0,1.0,54206.316,54206.316,54206.316,54206.316,54206.316,139680000.0,60879000.0,86095000.0,136480000.0,60353000.0,85055000.0,105230000.0,53239000.0,72982000.0,134750000.0,56166000.0,81417000.0,139640000.0,60860000.0,86067000.0,-0.2949,-0.5088,-0.364,-0.2884,-0.5095,-0.3568,-1.0092,-1.718,-1.2388,-0.2357,-0.4302,-0.2954,-0.294,-0.5082,-0.3625,4000
RocketTile_143,6.0,42.0,0.0,64.0,1.0,8.0,8.0,1.0,32.0,2.0,20.0,2.0,33409.4328,33409.4328,33409.4328,33409.4328,33409.4328,103980000.0,39752000.0,59455000.0,100540000.0,39216000.0,58317000.0,66997000.0,31542000.0,45099000.0,99267000.0,34588000.0,54621000.0,103930000.0,39729000.0,59421000.0,-0.2514,-0.4695,-0.3185,-0.2676,-0.4699,-0.3347,-0.9023,-1.5472,-1.1133,-0.2284,-0.4163,-0.2868,-0.2508,-0.4681,-0.318,4000
RocketTile_144,9.0,42.0,512.0,32.0,4.0,16.0,8.0,0.0,64.0,1.0,8.0,2.0,42647.4,42647.4,42647.4,42647.4,42647.4,135240000.0,55998000.0,81897000.0,131460000.0,55457000.0,80725000.0,99805000.0,47975000.0,67731000.0,132910000.0,50974000.0,78288000.0,135220000.0,55988000.0,81881000.0,-0.3169,-0.5203,-0.3818,-0.3186,-0.522,-0.3852,-0.733,-1.3324,-0.9104,-0.2636,-0.4244,-0.3159,-0.3166,-0.5192,-0.383,4000
RocketTile_145,3.0,42.0,1024.0,32.0,2.0,28.0,8.0,0.0,32.0,2.0,16.0,2.0,36289.6747,36289.6747,36289.6747,36289.6747,36289.6747,123540000.0,50520000.0,74398000.0,119750000.0,49954000.0,73215000.0,2801400000.0,1862500000.0,2304200000.0,2838700000.0,1866100000.0,2316500000.0,123520000.0,50511000.0,74384000.0,-0.3459,-0.5344,-0.4135,-0.3135,-0.4957,-0.378,-187.9597,-374.0344,-228.2945,-0.2655,-0.4274,-0.3194,-0.3458,-0.5342,-0.4133,4000
RocketTile_146,0.0,56.0,1024.0,32.0,1.0,28.0,8.0,1.0,32.0,2.0,32.0,2.0,32054.7845,32054.7845,32054.7845,32054.7845,32054.7845,104170000.0,40789000.0,60406000.0,100480000.0,40209000.0,59168000.0,67162000.0,31804000.0,45455000.0,99569000.0,34729000.0,54959000.0,104130000.0,40767000.0,60375000.0,-0.2553,-0.4874,-0.324,-0.2664,-0.4652,-0.3339,-0.9304,-1.6126,-1.1627,-0.243,-0.4285,-0.3045,-0.2546,-0.4874,-0.324,4000
RocketTile_147,3.0,28.0,0.0,64.0,4.0,8.0,4.0,0.0,64.0,4.0,28.0,3.0,64212.8256,64212.8256,64212.8256,64212.8256,64212.8256,157960000.0,69286000.0,98673000.0,154250000.0,68686000.0,97441000.0,124350000.0,61682000.0,85979000.0,153800000.0,64959000.0,94647000.0,157920000.0,69265000.0,98642000.0,-0.2993,-0.5136,-0.365,-0.3479,-0.5759,-0.4238,-1.278,-2.0651,-1.5447,-0.2357,-0.4304,-0.2956,-0.2969,-0.5111,-0.3631,4000
RocketTile_148,9.0,56.0,128.0,64.0,4.0,32.0,4.0,0.0,32.0,2.0,8.0,2.0,51996.996,51996.996,51996.996,51996.996,51996.996,139010000.0,57915000.0,84200000.0,134810000.0,57275000.0,82809000.0,103690000.0,49938000.0,70204000.0,135780000.0,53023000.0,80001000.0,138990000.0,57906000.0,84185000.0,-0.2642,-0.467,-0.3264,-0.2761,-0.4784,-0.3383,-0.86,-1.3931,-1.0063,-0.2401,-0.4252,-0.2998,-0.2639,-0.4665,-0.3261,4000
RocketTile_149,9.0,56.0,256.0,32.0,2.0,4.0,8.0,0.0,32.0,4.0,8.0,2.0,43376.5987,43376.5987,43376.5987,43376.5987,43376.5987,132790000.0,56360000.0,81145000.0,129050000.0,55769000.0,79898000.0,94208000.0,47210000.0,65413000.0,127200000.0,50172000.0,75341000.0,132760000.0,56344000.0,81121000.0,-0.3114,-0.5115,-0.375,-0.3184,-0.5329,-0.3855,-1.0481,-1.77,-1.2807,-0.265,-0.4533,-0.3224,-0.3112,-0.5107,-0.3741,4000
RocketTile_150,12.0,56.0,0.0,64.0,1.0,24.0,8.0,0.0,64.0,1.0,28.0,3.0,29854.1376,29854.1376,29854.1376,29854.1376,29854.1376,95092000.0,36096000.0,54441000.0,91911000.0,35670000.0,53466000.0,62284000.0,29257000.0,42324000.0,90586000.0,31796000.0,50352000.0,95152000.0,36116000.0,54475000.0,-0.2386,-0.436,-0.2898,-0.2302,-0.4438,-0.2906,-0.8312,-1.4628,-1.0425,-0.2336,-0.4155,-0.2913,-0.2382,-0.4361,-0.2893,4000
RocketTile_151,9.0,42.0,1024.0,32.0,4.0,16.0,8.0,1.0,32.0,2.0,20.0,3.0,50068.3075,50068.3075,50068.3075,50068.3075,50068.3075,178140000.0,75400000.0,110960000.0,174150000.0,74618000.0,109660000.0,2841900000.0,1883400000.0,2333400000.0,2887100000.0,1888500000.0,2349000000.0,178100000.0,75382000.0,110930000.0,-0.3428,-0.5531,-0.4102,-0.3588,-0.5444,-0.425,-188.0344,-373.963,-228.3567,-0.2762,-0.4611,-0.3327,-0.3422,-0.5526,-0.4094,4000
RocketTile_152,0.0,56.0,1024.0,64.0,4.0,4.0,8.0,1.0,64.0,4.0,12.0,1.0,63947.0232,63947.0232,63947.0232,63947.0232,63947.0232,154070000.0,66021000.0,93957000.0,149620000.0,65320000.0,92521000.0,113150000.0,54865000.0,76380000.0,146110000.0,58573000.0,86442000.0,154030000.0,66003000.0,93930000.0,-0.2836,-0.4765,-0.3463,-0.277,-0.4723,-0.3374,-1.0068,-1.6856,-1.2328,-0.2378,-0.4333,-0.3008,-0.2833,-0.4758,-0.3457,4000
RocketTile_153,3.0,28.0,1024.0,64.0,1.0,28.0,4.0,0.0,32.0,2.0,32.0,3.0,34464.9816,34464.9816,34464.9816,34464.9816,34464.9816,124610000.0,49573000.0,74437000.0,121710000.0,49083000.0,73622000.0,2798700000.0,1861200000.0,2302700000.0,2838600000.0,1865500000.0,2316400000.0,124590000.0,49565000.0,74424000.0,-0.2686,-0.4488,-0.31,-0.2531,-0.4391,-0.3031,-188.2133,-373.4341,-228.2347,-0.2422,-0.4043,-0.2914,-0.2681,-0.4515,-0.3095,4000
RocketTile_154,0.0,56.0,0.0,32.0,2.0,28.0,8.0,1.0,32.0,1.0,28.0,2.0,32939.5248,32939.5248,32939.5248,32939.5248,32939.5248,104730000.0,40724000.0,60715000.0,101180000.0,40218000.0,59564000.0,70167000.0,32784000.0,47160000.0,101190000.0,35246000.0,55923000.0,104710000.0,40718000.0,60705000.0,-0.2446,-0.4586,-0.3168,-0.2528,-0.4411,-0.3117,-0.726,-1.2716,-0.9126,-0.2392,-0.422,-0.2996,-0.2442,-0.4586,-0.3167,4000
RocketTile_155,0.0,14.0,1024.0,64.0,4.0,20.0,4.0,0.0,64.0,4.0,16.0,2.0,62591.773,62591.773,62591.773,62591.773,62591.773,150950000.0,65380000.0,93037000.0,147660000.0,64835000.0,91937000.0,116820000.0,57152000.0,79783000.0,146100000.0,60168000.0,87990000.0,150920000.0,65364000.0,93013000.0,-0.2768,-0.4799,-0.3389,-0.2712,-0.4841,-0.3403,-0.8619,-1.4712,-1.0667,-0.24,-0.4171,-0.2993,-0.2758,-0.4792,-0.3375,4000
RocketTile_156,6.0,0.0,128.0,64.0,1.0,8.0,4.0,1.0,32.0,1.0,24.0,2.0,29570.7427,29570.7427,29570.7427,29570.7427,29570.7427,94106000.0,34906000.0,53002000.0,90678000.0,34359000.0,51797000.0,58783000.0,26690000.0,38897000.0,90432000.0,29888000.0,48384000.0,94083000.0,34894000.0,52985000.0,-0.2639,-0.4185,-0.3168,-0.263,-0.4245,-0.319,-0.8393,-1.4921,-1.0621,-0.2306,-0.4088,-0.2858,-0.2629,-0.4176,-0.3157,4000
RocketTile_157,3.0,0.0,0.0,32.0,1.0,24.0,4.0,1.0,64.0,1.0,16.0,2.0,29692.6315,29692.6315,29692.6315,29692.6315,29692.6315,94787000.0,35099000.0,53183000.0,91305000.0,34520000.0,51975000.0,59519000.0,26963000.0,39356000.0,91621000.0,30103000.0,48967000.0,94746000.0,35080000.0,53154000.0,-0.2245,-0.4216,-0.2837,-0.2366,-0.4459,-0.3084,-0.7236,-1.3234,-0.9172,-0.2338,-0.4182,-0.2933,-0.2242,-0.4206,-0.2827,4000
RocketTile_158,3.0,42.0,512.0,64.0,1.0,16.0,4.0,0.0,32.0,1.0,28.0,3.0,30564.2938,30564.2938,30564.2938,30564.2938,30564.2938,106670000.0,41369000.0,62403000.0,103380000.0,40850000.0,61328000.0,72172000.0,33324000.0,48311000.0,105360000.0,36284000.0,58790000.0,106660000.0,41371000.0,62404000.0,-0.248,-0.4412,-0.3,-0.2514,-0.4349,-0.3073,-0.7832,-1.3966,-0.981,-0.2352,-0.4053,-0.2853,-0.2475,-0.4411,-0.2993,4000
RocketTile_159,6.0,28.0,1024.0,32.0,2.0,8.0,4.0,0.0,64.0,1.0,20.0,1.0,32243.0486,32243.0486,32243.0486,32243.0486,32243.0486,107530000.0,40233000.0,61154000.0,104520000.0,39812000.0,60331000.0,2784900000.0,1853300000.0,2291500000.0,2821300000.0,1856600000.0,2303200000.0,107510000.0,40225000.0,61143000.0,-0.294,-0.5021,-0.361,-0.3165,-0.5167,-0.3845,-187.996,-373.6444,-228.2441,-0.2673,-0.4257,-0.32,-0.2938,-0.5012,-0.3607,4000
RocketTile_160,6.0,14.0,256.0,32.0,1.0,20.0,8.0,1.0,32.0,4.0,4.0,2.0,40621.392,40621.392,40621.392,40621.392,40621.392,132570000.0,54485000.0,79948000.0,128830000.0,53771000.0,78725000.0,88378000.0,43634000.0,60990000.0,125180000.0,47323000.0,72641000.0,132540000.0,54473000.0,79931000.0,-0.2808,-0.4867,-0.3498,-0.2837,-0.4809,-0.3491,-0.9065,-1.6127,-1.1379,-0.26,-0.4349,-0.3139,-0.2791,-0.4867,-0.3468,4000
RocketTile_161,9.0,28.0,1024.0,32.0,4.0,4.0,4.0,1.0,64.0,1.0,32.0,1.0,43987.3013,43987.3013,43987.3013,43987.3013,43987.3013,143560000.0,59035000.0,86390000.0,139760000.0,58362000.0,85110000.0,2814700000.0,1868500000.0,2312400000.0,2856800000.0,1872800000.0,2326700000.0,143530000.0,59025000.0,86374000.0,-0.3191,-0.542,-0.3875,-0.3201,-0.5325,-0.3884,-187.9574,-373.6435,-228.2339,-0.2805,-0.4443,-0.3349,-0.3186,-0.5405,-0.3865,4000
RocketTile_162,6.0,14.0,1024.0,32.0,2.0,28.0,4.0,1.0,64.0,2.0,12.0,2.0,41663.124,41663.124,41663.124,41663.124,41663.124,135250000.0,52992000.0,79794000.0,131360000.0,52371000.0,78545000.0,2806500000.0,1864100000.0,2306900000.0,2848600000.0,1868200000.0,2320900000.0,135220000.0,52983000.0,79779000.0,-0.2906,-0.4977,-0.3459,-0.3016,-0.4955,-0.3637,-188.2019,-373.5051,-228.2536,-0.2692,-0.4438,-0.3252,-0.2902,-0.4972,-0.3453,4000
RocketTile_163,3.0,0.0,0.0,32.0,4.0,28.0,8.0,0.0,32.0,2.0,20.0,3.0,43838.928,43838.928,43838.928,43838.928,43838.928,138530000.0,60734000.0,86953000.0,135570000.0,60240000.0,85927000.0,105490000.0,53281000.0,74288000.0,133890000.0,55803000.0,82129000.0,138500000.0,60723000.0,86936000.0,-0.3016,-0.468,-0.3567,-0.282,-0.4591,-0.3418,-0.8853,-1.5247,-1.0995,-0.2316,-0.4053,-0.2846,-0.3005,-0.467,-0.3547,4000
RocketTile_164,12.0,28.0,256.0,32.0,2.0,12.0,4.0,1.0,32.0,1.0,16.0,3.0,35933.94,35933.94,35933.94,35933.94,35933.94,124260000.0,49986000.0,74005000.0,120450000.0,49360000.0,72721000.0,85060000.0,40063000.0,57753000.0,121380000.0,43205000.0,68854000.0,124240000.0,49978000.0,73994000.0,-0.2867,-0.4773,-0.3452,-0.2718,-0.4717,-0.3327,-0.809,-1.4172,-1.009,-0.2626,-0.4334,-0.3163,-0.2863,-0.4766,-0.3449,4000
RocketTile_165,12.0,14.0,0.0,32.0,1.0,16.0,4.0,1.0,64.0,1.0,8.0,3.0,30912.4771,30912.4771,30912.4771,30912.4771,30912.4771,104660000.0,40594000.0,60990000.0,101100000.0,40030000.0,59782000.0,68801000.0,32127000.0,46737000.0,100590000.0,35125000.0,56181000.0,104620000.0,40575000.0,60962000.0,-0.2699,-0.4744,-0.3213,-0.2538,-0.4489,-0.3109,-0.9408,-1.5177,-1.142,-0.2391,-0.4177,-0.2923,-0.2695,-0.4744,-0.321,4000
RocketTile_166,3.0,42.0,128.0,64.0,2.0,20.0,8.0,0.0,32.0,1.0,4.0,2.0,35184.9326,35184.9326,35184.9326,35184.9326,35184.9326,102950000.0,39410000.0,58820000.0,100060000.0,39010000.0,57942000.0,69708000.0,31971000.0,46111000.0,99820000.0,34402000.0,54697000.0,102940000.0,39404000.0,58812000.0,-0.2774,-0.471,-0.337,-0.2832,-0.4795,-0.3454,-0.8458,-1.4885,-1.0545,-0.235,-0.4063,-0.2871,-0.277,-0.4696,-0.3364,4000
RocketTile_167,3.0,14.0,0.0,64.0,1.0,8.0,8.0,1.0,32.0,2.0,16.0,2.0,33409.4328,33409.4328,33409.4328,33409.4328,33409.4328,104020000.0,39772000.0,59487000.0,100640000.0,39191000.0,58305000.0,66997000.0,31542000.0,45099000.0,99267000.0,34588000.0,54621000.0,103970000.0,39750000.0,59453000.0,-0.2543,-0.4712,-0.3197,-0.2639,-0.4667,-0.3301,-0.9023,-1.5472,-1.1133,-0.2284,-0.4163,-0.2868,-0.2534,-0.4706,-0.3192,4000
RocketTile_168,12.0,56.0,0.0,64.0,4.0,24.0,4.0,1.0,32.0,2.0,12.0,2.0,52639.272,52639.272,52639.272,52639.272,52639.272,142890000.0,60586000.0,87216000.0,139250000.0,59947000.0,85946000.0,105840000.0,50458000.0,71547000.0,137830000.0,53932000.0,81212000.0,142870000.0,60576000.0,87201000.0,-0.2495,-0.4765,-0.3118,-0.2434,-0.4422,-0.3068,-0.7946,-1.3867,-0.9957,-0.2369,-0.4206,-0.2974,-0.2488,-0.4761,-0.311,4000
RocketTile_169,12.0,14.0,512.0,32.0,4.0,28.0,8.0,1.0,32.0,1.0,28.0,2.0,43815.0701,43815.0701,43815.0701,43815.0701,43815.0701,149430000.0,59438000.0,89270000.0,146030000.0,58862000.0,88248000.0,104950000.0,49836000.0,70896000.0,142730000.0,53206000.0,82826000.0,149400000.0,59426000.0,89253000.0,-0.3389,-0.5344,-0.3955,-0.3491,-0.5551,-0.4196,-0.9419,-1.6389,-1.1642,-0.2613,-0.4279,-0.3142,-0.3382,-0.5337,-0.3946,4000
RocketTile_170,3.0,28.0,1024.0,32.0,4.0,12.0,8.0,0.0,32.0,1.0,4.0,2.0,41212.4501,41212.4501,41212.4501,41212.4501,41212.4501,145080000.0,58994000.0,88034000.0,140610000.0,58412000.0,86673000.0,2816800000.0,1871100000.0,2315600000.0,2855500000.0,1875100000.0,2328700000.0,145060000.0,58984000.0,88018000.0,-0.3431,-0.544,-0.411,-0.347,-0.5533,-0.4189,-188.0479,-373.7657,-228.2959,-0.2552,-0.4252,-0.3084,-0.3428,-0.5433,-0.4105,4000
RocketTile_171,6.0,14.0,0.0,32.0,4.0,4.0,8.0,0.0,64.0,1.0,32.0,3.0,41593.356,41593.356,41593.356,41593.356,41593.356,129720000.0,55536000.0,80245000.0,126830000.0,55155000.0,79371000.0,98893000.0,48701000.0,68804000.0,125680000.0,51124000.0,76172000.0,129700000.0,55525000.0,80229000.0,-0.2366,-0.4196,-0.2923,-0.2361,-0.4225,-0.2953,-0.8819,-1.5248,-1.0995,-0.2228,-0.4106,-0.273,-0.2362,-0.4192,-0.292,4000
RocketTile_172,12.0,56.0,256.0,32.0,4.0,20.0,4.0,0.0,32.0,4.0,20.0,3.0,53797.7765,53797.7765,53797.7765,53797.7765,53797.7765,166640000.0,74798000.0,106200000.0,162720000.0,74171000.0,104960000.0,127400000.0,65242000.0,90024000.0,162700000.0,68845000.0,101200000.0,166610000.0,74784000.0,106180000.0,-0.3333,-0.5491,-0.4081,-0.3268,-0.531,-0.3983,-0.9453,-1.7086,-1.1956,-0.264,-0.4376,-0.32,-0.3331,-0.5481,-0.4072,4000
RocketTile_173,9.0,42.0,256.0,32.0,1.0,24.0,8.0,1.0,32.0,1.0,32.0,2.0,30564.2938,30564.2938,30564.2938,30564.2938,30564.2938,104370000.0,38819000.0,58836000.0,100830000.0,38219000.0,57621000.0,66444000.0,29534000.0,43377000.0,102710000.0,33000000.0,54744000.0,104370000.0,38818000.0,58837000.0,-0.2783,-0.4529,-0.3366,-0.2756,-0.4653,-0.3371,-0.7823,-1.4748,-1.0105,-0.2519,-0.4018,-0.303,-0.2777,-0.4503,-0.3359,4000
RocketTile_174,0.0,42.0,0.0,64.0,2.0,24.0,4.0,0.0,64.0,4.0,16.0,1.0,48693.6864,48693.6864,48693.6864,48693.6864,48693.6864,114740000.0,46627000.0,67165000.0,111620000.0,46176000.0,66178000.0,81040000.0,39540000.0,54729000.0,109610000.0,41631000.0,62304000.0,114700000.0,46611000.0,67142000.0,-0.2994,-0.4922,-0.3595,-0.2787,-0.4777,-0.3424,-0.8608,-1.5628,-1.0853,-0.2379,-0.4164,-0.2984,-0.2985,-0.4911,-0.3586,4000
RocketTile_175,3.0,56.0,512.0,64.0,4.0,20.0,8.0,0.0,32.0,4.0,32.0,2.0,59729.6434,59729.6434,59729.6434,59729.6434,59729.6434,165500000.0,72452000.0,103350000.0,161500000.0,71821000.0,102080000.0,123700000.0,61638000.0,85195000.0,161690000.0,65705000.0,97866000.0,165460000.0,72431000.0,103320000.0,-0.2993,-0.5127,-0.3557,-0.3007,-0.4988,-0.3649,-1.0926,-1.768,-1.3269,-0.2577,-0.4307,-0.3092,-0.2993,-0.5124,-0.3546,4000
RocketTile_176,9.0,0.0,512.0,32.0,1.0,20.0,8.0,0.0,64.0,4.0,16.0,1.0,40667.3568,40667.3568,40667.3568,40667.3568,40667.3568,104300000.0,41841000.0,60485000.0,101140000.0,41354000.0,59451000.0,69084000.0,34125000.0,47036000.0,98301000.0,36848000.0,55414000.0,104290000.0,41837000.0,60481000.0,-0.2993,-0.4952,-0.3585,-0.2853,-0.4815,-0.349,-0.792,-1.3938,-0.9886,-0.2309,-0.4252,-0.2916,-0.2988,-0.4943,-0.3578,4000
RocketTile_177,12.0,56.0,512.0,32.0,1.0,8.0,8.0,0.0,64.0,2.0,4.0,3.0,36089.9194,36089.9194,36089.9194,36089.9194,36089.9194,117300000.0,47188000.0,69835000.0,113740000.0,46583000.0,68613000.0,80178000.0,38022000.0,54281000.0,115430000.0,41300000.0,65634000.0,117300000.0,47184000.0,69829000.0,-0.2816,-0.4789,-0.3429,-0.2724,-0.4753,-0.3356,-0.7321,-1.3055,-0.9227,-0.2592,-0.4186,-0.314,-0.2811,-0.4783,-0.3424,4000
RocketTile_178,0.0,42.0,1024.0,64.0,1.0,16.0,8.0,0.0,32.0,2.0,24.0,1.0,,,29351.3976,29351.3976,,,,,,,,53106000.0,25075000.0,35319000.0,81729000.0,27628000.0,43466000.0,,,,,,,,,,-0.7844,-1.4335,-0.984,-0.2258,-0.4011,-0.2847,,,,4000
RocketTile_179,6.0,28.0,1024.0,64.0,2.0,8.0,4.0,0.0,32.0,1.0,8.0,1.0,34354.8029,34354.8029,34354.8029,34354.8029,34354.8029,107050000.0,40438000.0,60941000.0,103660000.0,39975000.0,59935000.0,2785500000.0,1853100000.0,2291400000.0,2821800000.0,1856500000.0,2302900000.0,107030000.0,40429000.0,60928000.0,-0.2987,-0.5016,-0.3529,-0.2875,-0.4908,-0.3496,-188.0928,-373.4329,-228.2171,-0.2352,-0.4252,-0.2922,-0.298,-0.5005,-0.3523,4000
RocketTile_180,3.0,42.0,512.0,32.0,1.0,28.0,8.0,0.0,64.0,2.0,16.0,2.0,34118.3304,34118.3304,34118.3304,34118.3304,34118.3304,106510000.0,41478000.0,61821000.0,103010000.0,40921000.0,60636000.0,71012000.0,33256000.0,47318000.0,104550000.0,36265000.0,57846000.0,106470000.0,41464000.0,61798000.0,-0.2834,-0.4737,-0.3434,-0.291,-0.4905,-0.3575,-0.9532,-1.6096,-1.1713,-0.2403,-0.4187,-0.2936,-0.2832,-0.473,-0.3432,4000
RocketTile_181,0.0,14.0,1024.0,64.0,4.0,12.0,8.0,1.0,32.0,2.0,12.0,3.0,53962.128,53962.128,53962.128,53962.128,53962.128,154360000.0,66425000.0,95726000.0,150530000.0,65802000.0,94423000.0,115070000.0,55648000.0,78868000.0,147060000.0,59326000.0,88712000.0,154330000.0,66409000.0,95703000.0,-0.242,-0.4446,-0.305,-0.2476,-0.4394,-0.3069,-0.9358,-1.581,-1.1564,-0.2353,-0.4243,-0.2958,-0.2414,-0.4442,-0.3039,4000
RocketTile_182,6.0,0.0,256.0,32.0,2.0,4.0,8.0,1.0,32.0,2.0,4.0,2.0,36111.5885,36111.5885,36111.5885,36111.5885,36111.5885,113610000.0,45898000.0,67250000.0,110280000.0,45425000.0,66170000.0,76945000.0,37294000.0,52665000.0,108160000.0,39946000.0,61625000.0,113600000.0,45890000.0,67238000.0,-0.2816,-0.4827,-0.3488,-0.27,-0.4679,-0.3338,-0.8385,-1.5446,-1.0655,-0.2312,-0.4211,-0.2897,-0.2809,-0.483,-0.3484,4000
RocketTile_183,6.0,28.0,512.0,64.0,4.0,32.0,8.0,1.0,64.0,4.0,28.0,3.0,69687.288,69687.288,69687.288,69687.288,69687.288,188530000.0,81514000.0,117580000.0,183600000.0,80692000.0,115910000.0,140050000.0,68443000.0,95874000.0,182540000.0,73059000.0,110210000.0,188490000.0,81494000.0,117550000.0,-0.3018,-0.5156,-0.3515,-0.3095,-0.5217,-0.3699,-0.9396,-1.6349,-1.1699,-0.2492,-0.449,-0.3018,-0.3001,-0.5153,-0.3496,4000
RocketTile_184,9.0,0.0,1024.0,64.0,2.0,28.0,8.0,0.0,64.0,1.0,24.0,2.0,34723.8893,34723.8893,34723.8893,34723.8893,34723.8893,97720000.0,37260000.0,55669000.0,94762000.0,36819000.0,54696000.0,65157000.0,30317000.0,43448000.0,92298000.0,32613000.0,50935000.0,97706000.0,37254000.0,55659000.0,-0.2339,-0.4276,-0.2913,-0.2371,-0.4297,-0.2932,-0.7692,-1.3862,-0.9586,-0.2302,-0.4024,-0.2858,-0.2332,-0.4272,-0.2909,4000
RocketTile_185,6.0,14.0,512.0,32.0,2.0,8.0,8.0,0.0,32.0,2.0,8.0,2.0,35052.264,35052.264,35052.264,35052.264,35052.264,113120000.0,45784000.0,67410000.0,109830000.0,45340000.0,66417000.0,79570000.0,38690000.0,54261000.0,111440000.0,41023000.0,64000000.0,113090000.0,45774000.0,67392000.0,-0.2483,-0.4388,-0.3099,-0.2573,-0.4476,-0.3201,-0.7563,-1.3511,-0.9544,-0.2437,-0.4161,-0.2953,-0.2476,-0.4376,-0.3093,4000
RocketTile_186,12.0,42.0,256.0,64.0,4.0,20.0,8.0,1.0,32.0,2.0,28.0,3.0,56488.6872,56488.6872,56488.6872,56488.6872,56488.6872,163810000.0,68649000.0,100410000.0,159730000.0,67938000.0,98997000.0,122800000.0,58154000.0,83076000.0,160110000.0,62227000.0,95015000.0,163780000.0,68636000.0,100390000.0,-0.2956,-0.4865,-0.3595,-0.2903,-0.4846,-0.3562,-0.7863,-1.3384,-0.9394,-0.2542,-0.4101,-0.3057,-0.2951,-0.4857,-0.359,4000
RocketTile_187,3.0,56.0,256.0,32.0,4.0,8.0,8.0,1.0,64.0,2.0,20.0,2.0,50672.9362,50672.9362,50672.9362,50672.9362,50672.9362,153130000.0,63090000.0,92514000.0,148730000.0,62417000.0,91088000.0,109640000.0,53180000.0,74726000.0,148450000.0,57200000.0,87143000.0,153100000.0,63078000.0,92496000.0,-0.3265,-0.528,-0.3912,-0.318,-0.526,-0.39,-0.9668,-1.4838,-1.1307,-0.2567,-0.4304,-0.3086,-0.3263,-0.5277,-0.3912,4000
RocketTile_188,9.0,28.0,128.0,32.0,1.0,4.0,8.0,0.0,32.0,1.0,28.0,2.0,26748.4219,26748.4219,26748.4219,26748.4219,26748.4219,90784000.0,33889000.0,51241000.0,87628000.0,33379000.0,50184000.0,57260000.0,26361000.0,38130000.0,87844000.0,29042000.0,47183000.0,90738000.0,33870000.0,51213000.0,-0.2409,-0.4336,-0.3031,-0.2529,-0.4408,-0.3167,-0.9283,-1.6127,-1.1614,-0.2448,-0.4161,-0.2948,-0.2405,-0.4331,-0.3018,4000
RocketTile_189,3.0,42.0,256.0,64.0,2.0,24.0,4.0,0.0,32.0,2.0,16.0,3.0,40410.036,40410.036,40410.036,40410.036,40410.036,122980000.0,50100000.0,73650000.0,119500000.0,49583000.0,72542000.0,87714000.0,41963000.0,59702000.0,119350000.0,44508000.0,69049000.0,122960000.0,50090000.0,73635000.0,-0.332,-0.5109,-0.3932,-0.2991,-0.4829,-0.3612,-0.7779,-1.3942,-0.9782,-0.2658,-0.4284,-0.3198,-0.3322,-0.5113,-0.3934,4000
RocketTile_190,3.0,0.0,0.0,32.0,2.0,8.0,8.0,1.0,32.0,2.0,28.0,3.0,37636.9632,37636.9632,37636.9632,37636.9632,37636.9632,123460000.0,50872000.0,74519000.0,120050000.0,50371000.0,73418000.0,86997000.0,42599000.0,60412000.0,118300000.0,45224000.0,69303000.0,123430000.0,50862000.0,74504000.0,-0.2496,-0.4591,-0.3081,-0.2594,-0.4456,-0.3211,-0.8164,-1.4972,-1.0405,-0.2316,-0.4185,-0.2867,-0.2491,-0.4587,-0.3076,4000
RocketTile_191,3.0,42.0,512.0,64.0,1.0,8.0,8.0,0.0,32.0,1.0,8.0,2.0,29191.2595,29191.2595,29191.2595,29191.2595,29191.2595,97301000.0,36071000.0,55149000.0,94203000.0,35551000.0,54148000.0,63161000.0,28615000.0,41438000.0,96269000.0,31503000.0,52011000.0,97280000.0,36064000.0,55136000.0,-0.2707,-0.4655,-0.327,-0.2731,-0.4753,-0.335,-0.7024,-1.2777,-0.8931,-0.2429,-0.3977,-0.2935,-0.2695,-0.4644,-0.3257,4000
RocketTile_192,6.0,0.0,256.0,32.0,4.0,28.0,4.0,0.0,64.0,2.0,12.0,3.0,46827.8712,46827.8712,46827.8712,46827.8712,46827.8712,139270000.0,60315000.0,86613000.0,135830000.0,59854000.0,85555000.0,106560000.0,52983000.0,74290000.0,133390000.0,55517000.0,81733000.0,139240000.0,60302000.0,86592000.0,-0.2816,-0.4611,-0.3335,-0.3222,-0.494,-0.3796,-0.8097,-1.3956,-0.9853,-0.2355,-0.4183,-0.2876,-0.2816,-0.4607,-0.3332,4000
RocketTile_193,9.0,0.0,0.0,32.0,4.0,4.0,8.0,0.0,32.0,1.0,28.0,3.0,40244.9731,40244.9731,40244.9731,40244.9731,40244.9731,130300000.0,55692000.0,80659000.0,126940000.0,55224000.0,79594000.0,99335000.0,48755000.0,69039000.0,125120000.0,51148000.0,76060000.0,130280000.0,55683000.0,80644000.0,-0.2901,-0.4659,-0.3529,-0.2434,-0.427,-0.3026,-0.7423,-1.2786,-0.8873,-0.2313,-0.4134,-0.284,-0.2912,-0.4649,-0.3523,4000
RocketTile_194,9.0,28.0,1024.0,32.0,2.0,16.0,8.0,1.0,64.0,4.0,32.0,2.0,52210.6502,52210.6502,52210.6502,52210.6502,52210.6502,155460000.0,64829000.0,94614000.0,150830000.0,64055000.0,93030000.0,2823100000.0,1873500000.0,2319100000.0,2866000000.0,1877900000.0,2333500000.0,155420000.0,64815000.0,94591000.0,-0.3335,-0.5293,-0.3974,-0.3312,-0.5137,-0.395,-187.9667,-373.9862,-228.3229,-0.2816,-0.4454,-0.3366,-0.3333,-0.5284,-0.3969,4000
RocketTile_195,9.0,0.0,512.0,64.0,1.0,20.0,8.0,1.0,32.0,2.0,20.0,1.0,32202.1181,32202.1181,32202.1181,32202.1181,32202.1181,95464000.0,35484000.0,53112000.0,92023000.0,34943000.0,51939000.0,58369000.0,26755000.0,38261000.0,91172000.0,30098000.0,48166000.0,95422000.0,35465000.0,53084000.0,-0.2473,-0.443,-0.3021,-0.2516,-0.441,-0.3183,-0.8937,-1.6976,-1.1506,-0.2252,-0.403,-0.2825,-0.247,-0.4451,-0.3013,4000
RocketTile_196,9.0,0.0,1024.0,32.0,2.0,32.0,8.0,1.0,64.0,1.0,24.0,3.0,35933.94,35933.94,35933.94,35933.94,35933.94,116290000.0,46090000.0,68643000.0,112610000.0,45549000.0,67428000.0,80417000.0,38020000.0,54849000.0,112640000.0,40631000.0,64015000.0,116270000.0,46083000.0,68633000.0,-0.2666,-0.4548,-0.3256,-0.2534,-0.4536,-0.3169,-0.784,-1.3576,-0.9836,-0.2423,-0.4345,-0.2981,-0.2658,-0.4548,-0.3249,4000
RocketTile_197,0.0,42.0,1024.0,64.0,2.0,20.0,4.0,0.0,32.0,2.0,12.0,3.0,38344.4928,38344.4928,38344.4928,38344.4928,38344.4928,113110000.0,46435000.0,67954000.0,109960000.0,46017000.0,66956000.0,80896000.0,39596000.0,55914000.0,108400000.0,41922000.0,63566000.0,113090000.0,46426000.0,67941000.0,-0.2739,-0.4572,-0.3358,-0.259,-0.4492,-0.3188,-0.8573,-1.5121,-1.0741,-0.2368,-0.4139,-0.2911,-0.2737,-0.4566,-0.3355,4000
RocketTile_198,3.0,56.0,1024.0,64.0,1.0,24.0,4.0,1.0,32.0,4.0,16.0,3.0,45996.7291,45996.7291,45996.7291,45996.7291,45996.7291,154260000.0,64714000.0,94876000.0,149860000.0,63899000.0,93258000.0,2823700000.0,1873800000.0,2320200000.0,2868600000.0,1879200000.0,2336100000.0,154250000.0,64715000.0,94874000.0,-0.3332,-0.535,-0.3912,-0.3203,-0.5324,-0.3902,-188.1776,-373.4133,-228.3485,-0.2559,-0.4304,-0.3084,-0.3329,-0.5346,-0.3909,4000
RocketTile_199,12.0,28.0,256.0,32.0,4.0,8.0,4.0,0.0,64.0,4.0,24.0,3.0,58762.8504,58762.8504,58762.8504,58762.8504,58762.8504,164730000.0,73059000.0,104150000.0,160450000.0,72352000.0,102730000.0,127070000.0,64348000.0,88998000.0,160520000.0,67874000.0,99654000.0,164700000.0,73048000.0,104130000.0,-0.3516,-0.5607,-0.4179,-0.3454,-0.5286,-0.4075,-0.9505,-1.6394,-1.1791,-0.2645,-0.4464,-0.3202,-0.3516,-0.5605,-0.4178,4000
RocketTile_0,3.0,56.0,512.0,64.0,1.0,8.0,4.0,0.0,64.0,4.0,4.0,3.0,45869.423,45869.423,45869.423,45869.423,45869.423,23008000.0,9892000.0,14052000.0,22803000.0,9804300.0,13911000.0,23382000.0,9325000.0,13543000.0,22752000.0,9341100.0,13471000.0,22999000.0,9888000.0,14046000.0,0.3937,-0.0679,0.2587,0.4005,0.0,0.2674,-0.2621,-1.4313,-0.6073,0.4079,-0.0003,0.2809,0.3933,-0.0615,0.2599,800
RocketTile_1,12.0,14.0,0.0,32.0,1.0,20.0,4.0,1.0,64.0,1.0,12.0,2.0,27769.716,27769.716,27769.716,27769.716,27769.716,13848000.0,5882500.0,8495800.0,13643000.0,5796900.0,8357900.0,14389000.0,5309000.0,8035300.0,13831000.0,5347900.0,7988800.0,13842000.0,5879800.0,8492000.0,0.4212,-0.0653,0.2911,0.4492,-0.0,0.317,-0.2476,-1.5234,-0.6379,0.444,-0.0004,0.2915,0.4233,-0.0615,0.2938,800
RocketTile_2,6.0,42.0,0.0,64.0,2.0,4.0,8.0,1.0,32.0,4.0,32.0,3.0,46827.8712,46827.8712,46827.8712,46827.8712,46827.8712,24466000.0,10920000.0,15372000.0,24307000.0,10838000.0,15249000.0,24892000.0,10282000.0,14833000.0,24440000.0,10311000.0,14796000.0,24459000.0,10918000.0,15367000.0,0.3623,-0.0562,0.2402,0.4164,-0.0001,0.2765,-0.4132,-1.7674,-0.8153,0.4295,-0.0008,0.2875,0.3653,-0.0497,0.2435,800
RocketTile_3,3.0,0.0,512.0,32.0,1.0,16.0,4.0,0.0,32.0,2.0,12.0,2.0,27149.3006,27149.3006,27149.3006,27149.3006,27149.3006,13894000.0,6213000.0,8763300.0,13737000.0,6154800.0,8666500.0,14434000.0,5829000.0,8480500.0,13948000.0,5846600.0,8430100.0,13891000.0,6212300.0,8761900.0,0.4512,-0.0604,0.321,0.4738,-0.0001,0.3321,-0.2342,-1.3867,-0.5951,0.4484,-0.0001,0.3079,0.4534,-0.0556,0.3239,800
RocketTile_4,6.0,0.0,1024.0,64.0,4.0,32.0,8.0,0.0,32.0,1.0,4.0,1.0,42840.9173,42840.9173,42840.9173,42840.9173,42840.9173,20287000.0,8356100.0,11916000.0,20101000.0,8290000.0,11800000.0,20535000.0,7844300.0,11428000.0,20090000.0,7884200.0,11410000.0,20279000.0,8353000.0,11911000.0,0.3542,-0.0555,0.2459,0.4199,-0.0,0.2924,-0.2425,-1.4474,-0.6022,0.4394,-0.0008,0.3062,0.3561,-0.0511,0.2433,800
RocketTile_5,3.0,14.0,1024.0,32.0,1.0,20.0,4.0,0.0,32.0,4.0,28.0,1.0,35030.9232,35030.9232,35030.9232,35030.9232,35030.9232,18910000.0,8697800.0,11967000.0,18775000.0,8630500.0,11871000.0,562230000.0,372260000.0,460530000.0,561730000.0,372360000.0,460450000.0,18908000.0,8697200.0,11965000.0,0.4338,-0.0539,0.3011,0.4525,-0.0,0.3126,-187.4026,-373.2678,-227.5792,0.4388,-0.0002,0.3052,0.436,-0.0468,0.3031,800
RocketTile_6,0.0,56.0,512.0,64.0,4.0,4.0,4.0,1.0,64.0,2.0,12.0,1.0,51731.905,51731.905,51731.905,51731.905,51731.905,23921000.0,9809000.0,13958000.0,23725000.0,9725500.0,13824000.0,23961000.0,9064400.0,13233000.0,23575000.0,9112600.0,13225000.0,23913000.0,9806100.0,13953000.0,0.3922,-0.0593,0.2747,0.4007,0.0,0.2744,-0.2358,-1.3077,-0.5667,0.425,-0.0014,0.3026,0.3935,-0.0526,0.2767,800
RocketTile_7,3.0,14.0,512.0,64.0,4.0,16.0,4.0,0.0,64.0,2.0,28.0,2.0,52048.98,52048.98,52048.98,52048.98,52048.98,26010000.0,10804000.0,15402000.0,25874000.0,10727000.0,15288000.0,26097000.0,10203000.0,14805000.0,25593000.0,10235000.0,14763000.0,26000000.0,10800000.0,15396000.0,0.3205,-0.0687,0.2094,0.357,-0.0001,0.2388,-0.5312,-1.5839,-0.8802,0.4078,-0.0003,0.2916,0.3224,-0.0606,0.2134,800
RocketTile_8,6.0,28.0,0.0,32.0,1.0,24.0,4.0,0.0,64.0,1.0,16.0,3.0,26291.1542,26291.1542,26291.1542,26291.1542,26291.1542,14208000.0,6235900.0,8978200.0,14053000.0,6175400.0,8879400.0,14636000.0,5815500.0,8637400.0,14181000.0,5835900.0,8596200.0,14204000.0,6234300.0,8975900.0,0.4274,-0.0611,0.3089,0.4705,0.0,0.3288,-0.2427,-1.4087,-0.6032,0.4411,-0.0,0.3033,0.4277,-0.0515,0.3085,800
RocketTile_9,3.0,0.0,128.0,32.0,4.0,28.0,8.0,0.0,64.0,1.0,32.0,2.0,38572.7573,38572.7573,38572.7573,38572.7573,38572.7573,20793000.0,9281900.0,13041000.0,20642000.0,9217800.0,12940000.0,21152000.0,8749400.0,12579000.0,20645000.0,8784000.0,12541000.0,20787000.0,9279300.0,13037000.0,0.3855,-0.0721,0.2642,0.4289,-0.0001,0.3046,-0.2706,-1.488,-0.6415,0.4406,-0.0001,0.3003,0.3816,-0.062,0.2668,800
RocketTile_10,12.0,56.0,128.0,32.0,1.0,16.0,8.0,0.0,32.0,2.0,16.0,1.0,28201.32,28201.32,28201.32,28201.32,28201.32,13495000.0,5822000.0,8249300.0,13283000.0,5741100.0,8113300.0,14023000.0,5311800.0,7814100.0,13439000.0,5342600.0,7761400.0,13491000.0,5820200.0,8246600.0,0.4223,-0.0564,0.3002,0.4556,0.0001,0.3171,-0.3006,-1.4298,-0.6576,0.4466,-0.0004,0.3075,0.4239,-0.0498,0.3043,800
RocketTile_11,0.0,14.0,1024.0,32.0,2.0,24.0,4.0,0.0,64.0,1.0,16.0,1.0,28044.3557,28044.3557,28044.3557,28044.3557,28044.3557,13146000.0,5634300.0,7955500.0,12985000.0,5576100.0,7862300.0,13614000.0,5202200.0,7623200.0,13156000.0,5225700.0,7585600.0,13143000.0,5632900.0,7953300.0,0.4484,-0.0582,0.3087,0.4664,0.0,0.3305,-0.3299,-1.4498,-0.6915,0.4414,-0.0007,0.3014,0.4513,-0.0487,0.3118,800
RocketTile_12,3.0,0.0,512.0,64.0,1.0,12.0,8.0,1.0,32.0,2.0,32.0,1.0,30218.0803,30218.0803,30218.0803,30218.0803,30218.0803,13824000.0,5807400.0,8267000.0,13616000.0,5721500.0,8127700.0,14343000.0,5272400.0,7838700.0,13804000.0,5286100.0,7768300.0,13818000.0,5804500.0,8262800.0,0.4511,-0.0538,0.3157,0.4693,-0.0001,0.3259,-0.2147,-1.4117,-0.5756,0.438,-0.0021,0.2969,0.4549,-0.0491,0.3174,800
RocketTile_13,9.0,42.0,128.0,64.0,2.0,24.0,8.0,0.0,32.0,4.0,12.0,1.0,43205.5714,43205.5714,43205.5714,43205.5714,43205.5714,20360000.0,8867400.0,12352000.0,20185000.0,8794100.0,12237000.0,20801000.0,8295500.0,11889000.0,20348000.0,8323900.0,11857000.0,20354000.0,8865200.0,12348000.0,0.3871,-0.0574,0.2466,0.4371,-0.0001,0.2981,-0.2525,-1.3878,-0.5661,0.4274,-0.0001,0.2933,0.39,-0.0537,0.2504,800
RocketTile_14,0.0,28.0,512.0,32.0,2.0,8.0,8.0,1.0,64.0,2.0,32.0,1.0,35778.289,35778.289,35778.289,35778.289,35778.289,16452000.0,7006400.0,9889600.0,16244000.0,6922200.0,9754800.0,16898000.0,6427800.0,9413000.0,16405000.0,6446900.0,9357200.0,16447000.0,7004600.0,9886700.0,0.4146,-0.0603,0.2925,0.4275,0.0,0.2957,-0.3176,-1.5239,-0.6836,0.4315,-0.0001,0.2903,0.4157,-0.0574,0.2939,800
RocketTile_15,3.0,0.0,1024.0,64.0,1.0,24.0,8.0,0.0,64.0,1.0,4.0,3.0,28182.168,28182.168,28182.168,28182.168,28182.168,14557000.0,6205000.0,9002500.0,14412000.0,6145000.0,8905100.0,14971000.0,5789000.0,8660400.0,14542000.0,5813800.0,8626100.0,14554000.0,6203900.0,9000700.0,0.4518,-0.0562,0.314,0.4709,0.0,0.333,-0.3497,-1.592,-0.7401,0.4395,-0.0022,0.3001,0.4532,-0.0486,0.3171,800
RocketTile_16,12.0,42.0,128.0,32.0,4.0,32.0,8.0,0.0,64.0,1.0,8.0,3.0,41854.3978,41854.3978,41854.3978,41854.3978,41854.3978,23713000.0,10667000.0,15046000.0,23520000.0,10582000.0,14915000.0,24126000.0,10008000.0,14489000.0,23628000.0,10054000.0,14465000.0,23707000.0,10664000.0,15041000.0,0.3617,-0.0633,0.2417,0.3758,-0.0001,0.2567,-0.4668,-1.5319,-0.7842,0.431,-0.0001,0.3009,0.3662,-0.0593,0.2477,800
RocketTile_17,9.0,0.0,0.0,64.0,1.0,8.0,8.0,0.0,64.0,1.0,24.0,1.0,25406.6054,25406.6054,25406.6054,25406.6054,25406.6054,10841000.0,4374800.0,6302700.0,10718000.0,4319700.0,6217600.0,11322000.0,3981300.0,6002300.0,10886000.0,4000100.0,5962500.0,10839000.0,4374100.0,6301600.0,0.4576,-0.0524,0.3295,0.4734,-0.0,0.332,-0.2035,-1.3352,-0.5536,0.441,-0.0001,0.3063,0.4589,-0.048,0.3313,800
RocketTile_18,3.0,42.0,512.0,64.0,2.0,20.0,4.0,1.0,32.0,1.0,32.0,2.0,36625.3272,36625.3272,36625.3272,36625.3272,36625.3272,19104000.0,7874900.0,11406000.0,18872000.0,7773800.0,11245000.0,19430000.0,7219200.0,10798000.0,18893000.0,7245600.0,10749000.0,19097000.0,7872600.0,11401000.0,0.3976,-0.0622,0.2699,0.4453,0.0,0.3085,-0.2797,-1.4939,-0.6448,0.4478,-0.0004,0.3128,0.4001,-0.0592,0.2723,800
RocketTile_19,12.0,42.0,512.0,64.0,2.0,16.0,4.0,0.0,32.0,1.0,24.0,1.0,32431.86,32431.86,32431.86,32431.86,32431.86,15764000.0,6433700.0,9222800.0,15584000.0,6353900.0,9098700.0,16138000.0,5921000.0,8772100.0,15574000.0,5940300.0,8715800.0,15759000.0,6431700.0,9219600.0,0.423,-0.0658,0.2883,0.4501,0.0,0.3178,-0.3011,-1.4443,-0.6652,0.4381,-0.001,0.2903,0.4231,-0.0584,0.2901,800
RocketTile_20,12.0,56.0,1024.0,32.0,1.0,32.0,4.0,0.0,64.0,4.0,12.0,2.0,43424.0957,43424.0957,43424.0957,43424.0957,43424.0957,22214000.0,9676100.0,13584000.0,22029000.0,9582300.0,13445000.0,565440000.0,373160000.0,462080000.0,564810000.0,373300000.0,462010000.0,22204000.0,9671800.0,13577000.0,0.3745,-0.0511,0.2633,0.4264,-0.0,0.2979,-187.4995,-373.5355,-227.6846,0.4169,-0.0001,0.2912,0.3774,-0.0441,0.2664,800
RocketTile_21,12.0,14.0,0.0,64.0,4.0,24.0,8.0,1.0,64.0,4.0,8.0,2.0,64033.5355,64033.5355,64033.5355,64033.5355,64033.5355,30154000.0,12648000.0,17922000.0,29897000.0,12554000.0,17771000.0,30239000.0,11823000.0,17141000.0,29839000.0,11879000.0,17139000.0,30144000.0,12644000.0,17916000.0,0.3533,-0.0704,0.2269,0.3946,-0.0003,0.2687,-0.3179,-1.568,-0.6887,0.4116,0.0,0.293,0.3531,-0.053,0.2298,800
RocketTile_22,12.0,42.0,512.0,64.0,2.0,12.0,8.0,0.0,64.0,4.0,20.0,2.0,50724.2635,50724.2635,50724.2635,50724.2635,50724.2635,24112000.0,10133000.0,14343000.0,23961000.0,10048000.0,14218000.0,24263000.0,9511400.0,13760000.0,23778000.0,9534100.0,13720000.0,24104000.0,10130000.0,14338000.0,0.2686,-0.0817,0.1607,0.3883,0.0,0.274,-0.3313,-1.544,-0.7049,0.4097,-0.001,0.2846,0.2708,-0.0744,0.1645,800
RocketTile_23,9.0,42.0,512.0,64.0,4.0,12.0,4.0,1.0,64.0,1.0,16.0,2.0,50647.2725,50647.2725,50647.2725,50647.2725,50647.2725,25605000.0,10677000.0,15294000.0,25344000.0,10573000.0,15118000.0,26011000.0,9859400.0,14550000.0,25445000.0,9888300.0,14496000.0,25596000.0,10674000.0,15288000.0,0.3932,-0.0595,0.2705,0.4181,0.0,0.285,-0.4429,-1.7003,-0.8256,0.4244,-0.0002,0.2926,0.3948,-0.048,0.2727,800
RocketTile_24,3.0,28.0,0.0,32.0,4.0,12.0,4.0,0.0,64.0,1.0,20.0,1.0,37072.2254,37072.2254,37072.2254,37072.2254,37072.2254,18896000.0,8354500.0,11674000.0,18790000.0,8300800.0,11596000.0,19361000.0,7893100.0,11307000.0,18926000.0,7924100.0,11279000.0,18890000.0,8351900.0,11670000.0,0.3613,-0.0572,0.2644,0.4352,-0.0,0.3029,-0.2623,-1.4157,-0.6235,0.4252,-0.0001,0.3013,0.362,-0.0513,0.2466,800
RocketTile_25,0.0,28.0,256.0,64.0,4.0,32.0,8.0,1.0,64.0,1.0,16.0,1.0,47332.9915,47332.9915,47332.9915,47332.9915,47332.9915,22007000.0,8900500.0,12780000.0,21732000.0,8801900.0,12609000.0,22264000.0,8201900.0,12134000.0,21783000.0,8244100.0,12101000.0,22002000.0,8898700.0,12777000.0,0.3754,-0.0545,0.2633,0.4049,-0.0,0.2824,-0.233,-1.4845,-0.6186,0.4437,0.0,0.3075,0.377,-0.0507,0.2653,800
RocketTile_26,0.0,56.0,1024.0,64.0,2.0,8.0,4.0,1.0,64.0,4.0,24.0,1.0,49416.6197,49416.6197,49416.6197,49416.6197,49416.6197,21369000.0,8834200.0,12502000.0,21131000.0,8751500.0,12363000.0,21702000.0,8246300.0,11977000.0,21270000.0,8278500.0,11945000.0,21363000.0,8832100.0,12498000.0,0.3608,-0.0571,0.2471,0.4166,-0.0,0.2829,-0.2611,-1.4233,-0.6177,0.4343,-0.0003,0.2975,0.3622,-0.0478,0.2475,800
RocketTile_27,12.0,42.0,256.0,64.0,2.0,8.0,4.0,0.0,32.0,1.0,4.0,1.0,32202.1181,32202.1181,32202.1181,32202.1181,32202.1181,15091000.0,6127000.0,8792600.0,14955000.0,6055200.0,8687700.0,15527000.0,5636100.0,8391300.0,15001000.0,5656900.0,8340000.0,15086000.0,6125200.0,8789700.0,0.4124,-0.0519,0.2907,0.4497,0.0,0.3077,-0.2751,-1.4689,-0.6431,0.4236,-0.0001,0.2846,0.4143,-0.0465,0.2947,800
RocketTile_28,12.0,42.0,256.0,32.0,2.0,16.0,4.0,1.0,32.0,2.0,24.0,1.0,35073.6048,35073.6048,35073.6048,35073.6048,35073.6048,17702000.0,7670100.0,10807000.0,17458000.0,7570500.0,10643000.0,18134000.0,6979500.0,10218000.0,17637000.0,7023200.0,10189000.0,17695000.0,7667400.0,10803000.0,0.3868,-0.0688,0.2768,0.4507,-0.0,0.3108,-0.3119,-1.4168,-0.6607,0.4395,-0.0015,0.3028,0.3878,-0.0606,0.2788,800
RocketTile_29,3.0,42.0,256.0,64.0,2.0,8.0,4.0,0.0,32.0,2.0,32.0,2.0,37072.2254,37072.2254,37072.2254,37072.2254,37072.2254,18458000.0,7917800.0,11235000.0,18289000.0,7846500.0,11120000.0,19086000.0,7424200.0,10877000.0,18540000.0,7443800.0,10809000.0,18452000.0,7915400.0,11232000.0,0.4086,-0.0535,0.2902,0.4218,-0.0,0.3013,-0.2779,-1.4615,-0.6312,0.4365,-0.0,0.3089,0.4061,-0.0482,0.2931,800
RocketTile_30,3.0,42.0,256.0,64.0,4.0,16.0,8.0,0.0,32.0,1.0,4.0,1.0,44751.9038,44751.9038,44751.9038,44751.9038,44751.9038,21568000.0,8882600.0,12643000.0,21427000.0,8803700.0,12529000.0,21869000.0,8306700.0,12140000.0,21423000.0,8323600.0,12096000.0,21561000.0,8879700.0,12638000.0,0.3702,-0.0565,0.2567,0.3754,-0.0001,0.2551,-0.2366,-1.4795,-0.6067,0.3958,-0.0001,0.2748,0.3748,-0.0453,0.263,800
RocketTile_31,0.0,42.0,0.0,32.0,4.0,4.0,8.0,1.0,32.0,4.0,24.0,3.0,52236.697,52236.697,52236.697,52236.697,52236.697,29835000.0,13734000.0,19164000.0,29595000.0,13649000.0,19016000.0,29934000.0,12999000.0,18443000.0,29532000.0,13050000.0,18434000.0,29826000.0,13730000.0,19159000.0,0.3425,-0.0623,0.2273,0.3574,-0.0001,0.2531,-0.2566,-1.4895,-0.628,0.4248,-0.0012,0.3066,0.345,-0.0589,0.2295,800
RocketTile_32,9.0,56.0,128.0,32.0,4.0,28.0,8.0,1.0,32.0,4.0,12.0,3.0,55108.2658,55108.2658,55108.2658,55108.2658,55108.2658,31199000.0,14232000.0,19916000.0,30938000.0,14127000.0,19745000.0,31538000.0,13404000.0,19166000.0,31042000.0,13460000.0,19147000.0,31189000.0,14228000.0,19910000.0,0.3926,-0.0762,0.2607,0.4071,0.0,0.2835,-0.389,-1.782,-0.7909,0.4181,-0.0019,0.2887,0.3969,-0.0535,0.2701,800
RocketTile_33,12.0,28.0,512.0,64.0,1.0,32.0,8.0,0.0,32.0,4.0,16.0,1.0,37006.3973,37006.3973,37006.3973,37006.3973,37006.3973,18283000.0,8168600.0,11313000.0,18094000.0,8089700.0,11189000.0,18709000.0,7603900.0,10838000.0,18190000.0,7588100.0,10748000.0,18276000.0,8165600.0,11308000.0,0.4123,-0.0596,0.2866,0.4106,0.0001,0.2806,-0.3619,-1.5627,-0.7285,0.4092,-0.0003,0.279,0.4159,-0.0533,0.2903,800
RocketTile_34,12.0,0.0,128.0,64.0,4.0,20.0,8.0,1.0,32.0,1.0,24.0,3.0,48718.8576,48718.8576,48718.8576,48718.8576,48718.8576,25472000.0,10825000.0,15531000.0,25253000.0,10731000.0,15386000.0,25834000.0,10129000.0,14913000.0,25352000.0,10204000.0,14919000.0,25465000.0,10822000.0,15526000.0,0.3538,-0.0604,0.2346,0.424,-0.0,0.2958,-0.2014,-1.4309,-0.5744,0.4409,-0.0028,0.2993,0.3542,-0.0553,0.239,800
RocketTile_35,9.0,42.0,0.0,32.0,1.0,20.0,4.0,0.0,32.0,1.0,8.0,3.0,24813.3312,24813.3312,24813.3312,24813.3312,24813.3312,13851000.0,6228600.0,8900600.0,13696000.0,6167000.0,8802700.0,14420000.0,5799500.0,8589100.0,13896000.0,5818500.0,8534300.0,13848000.0,6227300.0,8898500.0,0.4368,-0.0589,0.3083,0.4732,-0.0,0.3308,-0.2573,-1.4031,-0.6182,0.4333,-0.0002,0.3114,0.4383,-0.0533,0.3099,800
RocketTile_36,9.0,0.0,0.0,64.0,1.0,28.0,8.0,1.0,32.0,4.0,12.0,2.0,39497.3885,39497.3885,39497.3885,39497.3885,39497.3885,20014000.0,8814000.0,12458000.0,19753000.0,8718600.0,12298000.0,20283000.0,8202400.0,11876000.0,19803000.0,8241200.0,11840000.0,20003000.0,8808800.0,12451000.0,0.3595,-0.056,0.236,0.4231,-0.0,0.279,-0.3562,-1.7253,-0.7547,0.4525,-0.0008,0.3137,0.362,-0.0504,0.2384,800
RocketTile_37,12.0,56.0,1024.0,64.0,2.0,4.0,8.0,0.0,32.0,4.0,4.0,2.0,45869.423,45869.423,45869.423,45869.423,45869.423,24450000.0,10898000.0,15231000.0,24206000.0,10811000.0,15080000.0,567770000.0,374320000.0,463650000.0,567220000.0,374480000.0,463610000.0,24443000.0,10895000.0,15227000.0,0.3846,-0.0684,0.259,0.415,-0.0021,0.2889,-187.5064,-373.5847,-227.7085,0.4204,0.0,0.2839,0.3848,-0.0548,0.26,800
RocketTile_38,0.0,28.0,0.0,32.0,1.0,24.0,8.0,0.0,64.0,2.0,12.0,3.0,31533.768,31533.768,31533.768,31533.768,31533.768,16149000.0,7136800.0,10148000.0,16007000.0,7075300.0,10054000.0,16705000.0,6693000.0,9825200.0,16174000.0,6716700.0,9771000.0,16144000.0,7134900.0,10145000.0,0.3802,-0.0664,0.262,0.457,0.0,0.3161,-0.3897,-1.6462,-0.7727,0.449,-0.0,0.3017,0.3835,-0.0584,0.2627,800
RocketTile_39,3.0,56.0,0.0,64.0,1.0,32.0,8.0,0.0,32.0,2.0,32.0,2.0,29050.9848,29050.9848,29050.9848,29050.9848,29050.9848,14348000.0,6248200.0,8874200.0,14194000.0,6187100.0,8773500.0,14760000.0,5809600.0,8506900.0,14266000.0,5828400.0,8456600.0,14344000.0,6246800.0,8871800.0,0.4453,-0.0602,0.3154,0.4715,0.0,0.334,-0.2383,-1.378,-0.5903,0.4385,-0.0002,0.298,0.4509,-0.0564,0.3192,800
RocketTile_40,9.0,42.0,256.0,64.0,2.0,32.0,4.0,1.0,64.0,4.0,16.0,2.0,53554.5187,53554.5187,53554.5187,53554.5187,53554.5187,24791000.0,10424000.0,14789000.0,24544000.0,10319000.0,14621000.0,25326000.0,9667400.0,14174000.0,24847000.0,9705500.0,14141000.0,24783000.0,10421000.0,14784000.0,0.3627,-0.0504,0.2398,0.3781,-0.0,0.2633,-0.3142,-1.5008,-0.6695,0.4298,-0.0019,0.291,0.3659,-0.0457,0.2404,800
RocketTile_41,3.0,0.0,256.0,32.0,2.0,4.0,8.0,0.0,64.0,2.0,12.0,3.0,36089.9194,36089.9194,36089.9194,36089.9194,36089.9194,18820000.0,8338100.0,11821000.0,18671000.0,8277900.0,11723000.0,19252000.0,7862400.0,11426000.0,18784000.0,7901300.0,11401000.0,18815000.0,8336000.0,11818000.0,0.4518,-0.0597,0.3166,0.4408,-0.0,0.31,-0.2836,-1.3406,-0.6005,0.4476,-0.0001,0.3061,0.4541,-0.057,0.3217,800
RocketTile_42,9.0,0.0,1024.0,64.0,4.0,24.0,8.0,1.0,64.0,4.0,4.0,1.0,62563.2638,62563.2638,62563.2638,62563.2638,62563.2638,28233000.0,11679000.0,16518000.0,28012000.0,11587000.0,16371000.0,28320000.0,10925000.0,15787000.0,27930000.0,10981000.0,15787000.0,28223000.0,11676000.0,16512000.0,0.3692,-0.136,0.248,0.4248,-0.0001,0.2877,-0.304,-1.5287,-0.6882,0.4319,-0.0004,0.2934,0.3707,-0.1213,0.2493,800
RocketTile_43,3.0,56.0,1024.0,32.0,2.0,16.0,8.0,0.0,64.0,2.0,16.0,1.0,36289.6747,36289.6747,36289.6747,36289.6747,36289.6747,18571000.0,7973300.0,11251000.0,18463000.0,7901000.0,11150000.0,561850000.0,371530000.0,459780000.0,561310000.0,371690000.0,459740000.0,18565000.0,7971300.0,11248000.0,0.423,-0.0583,0.2942,0.4373,-0.0,0.3037,-187.2323,-373.2172,-227.5246,0.4341,-0.0001,0.3009,0.4261,-0.0497,0.2939,800
RocketTile_44,0.0,56.0,1024.0,64.0,4.0,20.0,8.0,0.0,64.0,1.0,16.0,1.0,44356.7707,44356.7707,44356.7707,44356.7707,44356.7707,20348000.0,8314800.0,11858000.0,20231000.0,8261700.0,11777000.0,20753000.0,7845200.0,11462000.0,20248000.0,7861100.0,11406000.0,20341000.0,8312100.0,11854000.0,0.377,-0.0689,0.2568,0.4088,-0.0001,0.2835,-0.3883,-1.6924,-0.7911,0.4112,-0.0004,0.299,0.3789,-0.0639,0.2588,800
RocketTile_45,12.0,42.0,128.0,64.0,2.0,12.0,4.0,0.0,64.0,4.0,20.0,3.0,51731.905,51731.905,51731.905,51731.905,51731.905,24816000.0,10597000.0,15041000.0,24601000.0,10517000.0,14910000.0,25150000.0,9951400.0,14473000.0,24672000.0,10002000.0,14455000.0,24809000.0,10594000.0,15036000.0,0.3611,-0.0872,0.2421,0.4274,0.0,0.2935,-0.3349,-1.544,-0.7059,0.3868,-0.0011,0.2685,0.3637,-0.0581,0.2451,800
RocketTile_46,6.0,28.0,1024.0,32.0,1.0,4.0,8.0,0.0,64.0,1.0,8.0,1.0,25874.4888,25874.4888,25874.4888,25874.4888,25874.4888,13819000.0,5812700.0,8302100.0,13648000.0,5730600.0,8178000.0,556970000.0,369420000.0,456870000.0,556370000.0,369530000.0,456770000.0,13814000.0,5810600.0,8298800.0,0.4536,-0.049,0.3227,0.4723,-0.0,0.3255,-187.357,-373.3582,-227.565,0.4492,-0.0001,0.305,0.4541,-0.043,0.325,800
RocketTile_47,3.0,28.0,128.0,32.0,4.0,12.0,8.0,0.0,32.0,2.0,28.0,3.0,43595.5608,43595.5608,43595.5608,43595.5608,43595.5608,25168000.0,11505000.0,16113000.0,24996000.0,11431000.0,15996000.0,25550000.0,10870000.0,15560000.0,25017000.0,10921000.0,15532000.0,25160000.0,11501000.0,16108000.0,0.3107,-0.055,0.2032,0.3856,-0.0,0.2704,-0.3516,-1.5758,-0.7294,0.4213,0.0,0.2983,0.3129,-0.047,0.2021,800
RocketTile_48,0.0,56.0,256.0,32.0,2.0,32.0,4.0,1.0,64.0,1.0,4.0,1.0,31057.1842,31057.1842,31057.1842,31057.1842,31057.1842,14782000.0,6156100.0,8849100.0,14578000.0,6071200.0,8709600.0,15131000.0,5555400.0,8294600.0,14675000.0,5599100.0,8265900.0,14778000.0,6154600.0,8846600.0,0.4508,-0.0579,0.3155,0.4709,0.0001,0.3302,-0.2847,-1.5157,-0.6686,0.4516,0.0,0.3147,0.4532,-0.0539,0.3188,800
RocketTile_49,0.0,0.0,0.0,64.0,1.0,12.0,8.0,1.0,64.0,1.0,8.0,1.0,27925.9142,27925.9142,27925.9142,27925.9142,27925.9142,12228000.0,4813000.0,7044400.0,11948000.0,4726100.0,6880600.0,12655000.0,4310200.0,6607700.0,12153000.0,4337800.0,6558800.0,12221000.0,4810000.0,7040000.0,0.4277,-0.0594,0.2902,0.4707,0.0,0.3303,-0.2817,-1.6433,-0.6992,0.4421,-0.0,0.3002,0.4299,-0.0553,0.2934,800
RocketTile_50,0.0,14.0,0.0,32.0,1.0,16.0,4.0,1.0,64.0,4.0,4.0,3.0,44602.272,44602.272,44602.272,44602.272,44602.272,22247000.0,9754100.0,13856000.0,22011000.0,9661100.0,13707000.0,22655000.0,9154400.0,13332000.0,22123000.0,9182900.0,13279000.0,22239000.0,9750500.0,13851000.0,0.4043,-0.06,0.2778,0.4382,-0.0,0.2995,-0.2671,-1.4883,-0.6339,0.4367,-0.0004,0.3043,0.4051,-0.0527,0.2809,800
RocketTile_51,9.0,0.0,1024.0,64.0,1.0,12.0,8.0,0.0,32.0,1.0,12.0,2.0,25370.2714,25370.2714,25370.2714,25370.2714,25370.2714,12508000.0,5292000.0,7642700.0,12352000.0,5232700.0,7543200.0,12949000.0,4842100.0,7257400.0,12311000.0,4860700.0,7183200.0,12506000.0,5291500.0,7641700.0,0.4722,-0.0568,0.3279,0.4815,0.0,0.3339,-0.21,-1.4106,-0.5694,0.4532,-0.0005,0.3114,0.4757,-0.0517,0.331,800
RocketTile_52,9.0,14.0,256.0,64.0,1.0,12.0,8.0,0.0,64.0,2.0,4.0,2.0,33217.776,33217.776,33217.776,33217.776,33217.776,15757000.0,6622400.0,9479600.0,15564000.0,6545800.0,9354300.0,16245000.0,6164400.0,9106400.0,15703000.0,6171600.0,9036700.0,15749000.0,6619000.0,9474400.0,0.4289,-0.0723,0.3042,0.4655,-0.0,0.3219,-0.2385,-1.4706,-0.5938,0.4439,-0.001,0.2914,0.431,-0.0626,0.3073,800
RocketTile_53,6.0,14.0,128.0,32.0,1.0,12.0,4.0,1.0,32.0,4.0,20.0,3.0,39870.3053,39870.3053,39870.3053,39870.3053,39870.3053,22063000.0,10113000.0,14172000.0,21840000.0,10016000.0,14021000.0,22531000.0,9452100.0,13635000.0,22017000.0,9476700.0,13580000.0,22057000.0,10110000.0,14168000.0,0.3878,-0.0858,0.2577,0.4122,-0.0,0.2837,-0.3266,-1.5605,-0.7028,0.4347,-0.0001,0.3037,0.3899,-0.0481,0.2608,800
RocketTile_54,9.0,28.0,0.0,64.0,2.0,24.0,4.0,1.0,32.0,2.0,24.0,2.0,38299.8413,38299.8413,38299.8413,38299.8413,38299.8413,18989000.0,8014400.0,11514000.0,18732000.0,7929200.0,11360000.0,19293000.0,7407500.0,10934000.0,18814000.0,7446200.0,10900000.0,18983000.0,8012200.0,11510000.0,0.4013,-0.0676,0.2758,0.4432,-0.0,0.3103,-0.1897,-1.3447,-0.5394,0.4344,-0.0001,0.2949,0.4044,-0.0511,0.2783,800
RocketTile_55,3.0,56.0,512.0,32.0,1.0,8.0,4.0,1.0,32.0,1.0,8.0,3.0,30035.8354,30035.8354,30035.8354,30035.8354,30035.8354,17670000.0,7783800.0,11225000.0,17432000.0,7675500.0,11047000.0,18238000.0,7116400.0,10640000.0,17629000.0,7135400.0,10567000.0,17667000.0,7781500.0,11222000.0,0.4492,-0.0673,0.3193,0.4445,0.0,0.3131,-0.3216,-1.5229,-0.677,0.4526,-0.0003,0.3139,0.4515,-0.0599,0.3211,800
RocketTile_56,0.0,28.0,256.0,64.0,1.0,16.0,8.0,0.0,64.0,1.0,8.0,3.0,28201.32,28201.32,28201.32,28201.32,28201.32,14445000.0,6208600.0,8969400.0,14304000.0,6147300.0,8873100.0,14984000.0,5795900.0,8669300.0,14510000.0,5812200.0,8619300.0,14440000.0,6207100.0,8966800.0,0.4532,-0.0538,0.327,0.4629,0.0,0.3291,-0.3211,-1.5323,-0.6925,0.4308,-0.0035,0.2875,0.4552,-0.0479,0.3301,800
RocketTile_57,12.0,28.0,256.0,32.0,4.0,8.0,4.0,1.0,64.0,1.0,4.0,2.0,42817.333,42817.333,42817.333,42817.333,42817.333,23524000.0,10355000.0,14635000.0,23314000.0,10259000.0,14482000.0,23894000.0,9603400.0,13976000.0,23421000.0,9661700.0,13964000.0,23516000.0,10352000.0,14630000.0,0.3884,-0.0769,0.2599,0.3796,0.0001,0.2584,-0.1973,-1.4732,-0.5662,0.4356,-0.0004,0.2962,0.3878,-0.0776,0.2589,800
RocketTile_58,3.0,28.0,0.0,32.0,2.0,4.0,4.0,1.0,32.0,4.0,12.0,3.0,43158.1838,43158.1838,43158.1838,43158.1838,43158.1838,24018000.0,10977000.0,15408000.0,23744000.0,10895000.0,15254000.0,24184000.0,10316000.0,14766000.0,23760000.0,10365000.0,14752000.0,24011000.0,10975000.0,15404000.0,0.435,-0.0518,0.3036,0.4716,-0.0,0.3273,-0.3029,-1.5419,-0.6685,0.4279,-0.0003,0.2928,0.4375,-0.0456,0.3065,800
RocketTile_59,3.0,42.0,512.0,64.0,2.0,16.0,4.0,0.0,64.0,4.0,4.0,3.0,51809.7168,51809.7168,51809.7168,51809.7168,51809.7168,25696000.0,11052000.0,15656000.0,25478000.0,10969000.0,15517000.0,26017000.0,10405000.0,15057000.0,25534000.0,10430000.0,15021000.0,25686000.0,11048000.0,15650000.0,0.4087,-0.0659,0.2839,0.4473,-0.0,0.3153,-0.2683,-1.4796,-0.6236,0.4165,-0.0001,0.2874,0.4098,-0.0624,0.286,800
RocketTile_60,12.0,0.0,0.0,64.0,2.0,28.0,4.0,0.0,32.0,1.0,8.0,3.0,32918.8406,32918.8406,32918.8406,32918.8406,32918.8406,17330000.0,7435200.0,10701000.0,17144000.0,7373700.0,10596000.0,17723000.0,6950600.0,10284000.0,17158000.0,6978400.0,10232000.0,17325000.0,7432900.0,10698000.0,0.4286,-0.0526,0.3078,0.4591,0.0,0.3233,-0.2784,-1.4714,-0.657,0.4397,-0.0,0.3033,0.431,-0.0462,0.3103,800
RocketTile_61,9.0,28.0,128.0,64.0,2.0,28.0,4.0,1.0,32.0,1.0,24.0,2.0,36154.9267,36154.9267,36154.9267,36154.9267,36154.9267,18029000.0,7429500.0,10786000.0,17781000.0,7328300.0,10614000.0,18480000.0,6761800.0,10197000.0,17975000.0,6811000.0,10166000.0,18023000.0,7427400.0,10783000.0,0.4259,-0.0537,0.3056,0.4455,0.0,0.3158,-0.2637,-1.5007,-0.6349,0.4352,-0.0001,0.2991,0.4286,-0.0481,0.3081,800
RocketTile_62,3.0,56.0,128.0,64.0,4.0,20.0,4.0,0.0,64.0,2.0,8.0,3.0,54179.7768,54179.7768,54179.7768,54179.7768,54179.7768,27119000.0,11452000.0,16348000.0,26914000.0,11367000.0,16213000.0,27550000.0,10804000.0,15796000.0,27045000.0,10847000.0,15762000.0,27109000.0,11448000.0,16342000.0,0.2998,-0.0681,0.1849,0.3773,0.0001,0.2643,-0.401,-1.8076,-0.812,0.3966,-0.0013,0.2787,0.3095,-0.0631,0.1912,800
RocketTile_63,9.0,28.0,1024.0,64.0,1.0,12.0,4.0,0.0,32.0,2.0,28.0,3.0,32707.9771,32707.9771,32707.9771,32707.9771,32707.9771,19391000.0,8618700.0,12230000.0,19283000.0,8539000.0,12127000.0,562630000.0,372150000.0,460750000.0,562010000.0,372270000.0,460670000.0,19383000.0,8615000.0,12224000.0,0.4113,-0.0702,0.2823,0.4591,-0.0,0.3187,-187.3694,-373.8148,-227.787,0.4176,-0.0002,0.2835,0.4153,-0.0669,0.2871,800
RocketTile_64,3.0,56.0,0.0,64.0,1.0,16.0,8.0,1.0,32.0,4.0,24.0,2.0,39266.388,39266.388,39266.388,39266.388,39266.388,20114000.0,8768900.0,12499000.0,19799000.0,8680300.0,12321000.0,20137000.0,8177100.0,11818000.0,19676000.0,8223000.0,11795000.0,20106000.0,8765300.0,12494000.0,0.4313,-0.0571,0.2953,0.451,-0.0,0.3169,-0.3156,-1.6173,-0.6807,0.4512,-0.0001,0.3155,0.4343,-0.053,0.3005,800
RocketTile_65,9.0,28.0,128.0,32.0,1.0,32.0,8.0,1.0,32.0,4.0,8.0,2.0,39452.0803,39452.0803,39452.0803,39452.0803,39452.0803,20589000.0,9196300.0,12936000.0,20324000.0,9094900.0,12768000.0,21047000.0,8539400.0,12375000.0,20482000.0,8563200.0,12305000.0,20580000.0,9191600.0,12930000.0,0.4243,-0.0624,0.2896,0.453,0.0,0.3099,-0.2972,-1.5755,-0.6865,0.428,-0.0006,0.2948,0.4243,-0.0592,0.2898,800
RocketTile_66,6.0,42.0,0.0,64.0,4.0,20.0,8.0,0.0,64.0,1.0,20.0,2.0,45669.1752,45669.1752,45669.1752,45669.1752,45669.1752,22057000.0,9148800.0,13098000.0,21891000.0,9086700.0,12997000.0,22444000.0,8652500.0,12665000.0,21934000.0,8679800.0,12621000.0,22050000.0,9145600.0,13093000.0,0.3712,-0.0555,0.2618,0.4206,0.0,0.292,-0.4404,-1.7836,-0.8541,0.4301,-0.0005,0.2883,0.3743,-0.0484,0.2665,800
RocketTile_67,6.0,42.0,1024.0,64.0,2.0,4.0,8.0,0.0,32.0,4.0,28.0,2.0,45420.7738,45420.7738,45420.7738,45420.7738,45420.7738,24248000.0,10859000.0,15132000.0,24052000.0,10775000.0,15001000.0,567600000.0,374310000.0,463600000.0,567030000.0,374420000.0,463520000.0,24241000.0,10856000.0,15127000.0,0.37,-0.0588,0.2551,0.4158,0.0,0.2873,-187.4655,-373.7021,-227.7251,0.4236,-0.0001,0.2839,0.3709,-0.0462,0.261,800
RocketTile_68,6.0,14.0,0.0,32.0,4.0,4.0,4.0,1.0,64.0,4.0,12.0,2.0,56434.5144,56434.5144,56434.5144,56434.5144,56434.5144,28465000.0,12616000.0,17626000.0,28217000.0,12532000.0,17485000.0,28639000.0,11881000.0,16948000.0,28260000.0,11935000.0,16948000.0,28458000.0,12613000.0,17621000.0,0.3588,-0.0556,0.2509,0.4149,0.0,0.2802,-0.3102,-1.5667,-0.7014,0.4284,-0.0001,0.2983,0.3614,-0.044,0.2524,800
RocketTile_69,9.0,28.0,128.0,32.0,1.0,8.0,4.0,1.0,64.0,2.0,20.0,2.0,34181.532,34181.532,34181.532,34181.532,34181.532,16782000.0,7144400.0,10250000.0,16531000.0,7043500.0,10084000.0,17242000.0,6507600.0,9698000.0,16752000.0,6541200.0,9655600.0,16774000.0,7140100.0,10244000.0,0.4513,-0.0528,0.3188,0.4688,-0.0,0.3282,-0.38,-1.6622,-0.7702,0.4464,-0.0001,0.3039,0.4531,-0.0476,0.3207,800
RocketTile_70,0.0,42.0,0.0,64.0,1.0,16.0,4.0,0.0,64.0,2.0,4.0,3.0,33238.5696,33238.5696,33238.5696,33238.5696,33238.5696,16686000.0,7146200.0,10283000.0,16483000.0,7079600.0,10163000.0,16980000.0,6673400.0,9840900.0,16505000.0,6701400.0,9804900.0,16679000.0,7143600.0,10279000.0,0.4485,-0.054,0.3156,0.4699,0.0,0.3354,-0.3215,-1.4626,-0.6861,0.453,-0.0008,0.31,0.4511,-0.0503,0.3174,800
RocketTile_71,3.0,56.0,128.0,32.0,1.0,16.0,8.0,1.0,64.0,2.0,20.0,2.0,35052.264,35052.264,35052.264,35052.264,35052.264,17145000.0,7272400.0,10435000.0,16867000.0,7161100.0,10246000.0,17678000.0,6568100.0,9841200.0,17071000.0,6615500.0,9794300.0,17141000.0,7270000.0,10431000.0,0.3916,-0.0605,0.2576,0.4608,0.0,0.3228,-0.402,-1.6885,-0.7844,0.4502,-0.0017,0.3094,0.3939,-0.0522,0.2598,800
RocketTile_72,6.0,28.0,0.0,32.0,4.0,32.0,4.0,1.0,64.0,2.0,4.0,1.0,45245.7518,45245.7518,45245.7518,45245.7518,45245.7518,22576000.0,9861600.0,13824000.0,22354000.0,9768000.0,13675000.0,22896000.0,9158300.0,13194000.0,22450000.0,9212300.0,13182000.0,22568000.0,9858600.0,13819000.0,0.3921,-0.0638,0.2649,0.4565,-0.0001,0.3252,-0.3213,-1.4757,-0.6781,0.4389,-0.0058,0.2989,0.3939,-0.058,0.2659,800
RocketTile_73,9.0,42.0,0.0,32.0,1.0,24.0,4.0,1.0,64.0,1.0,24.0,1.0,26346.6403,26346.6403,26346.6403,26346.6403,26346.6403,11923000.0,4870600.0,7040600.0,11716000.0,4784700.0,6899300.0,12400000.0,4332900.0,6602900.0,11930000.0,4360000.0,6554400.0,11917000.0,4867500.0,7036200.0,0.437,-0.0524,0.3053,0.4647,-0.0,0.3195,-0.2561,-1.5208,-0.6477,0.4452,-0.0001,0.2959,0.441,-0.0467,0.3096,800
RocketTile_74,0.0,14.0,512.0,64.0,4.0,16.0,8.0,1.0,32.0,4.0,4.0,1.0,56657.088,56657.088,56657.088,56657.088,56657.088,27247000.0,11768000.0,16449000.0,27036000.0,11678000.0,16307000.0,27555000.0,11037000.0,15803000.0,27149000.0,11101000.0,15807000.0,27238000.0,11765000.0,16444000.0,0.3553,-0.0589,0.2351,0.399,-0.0,0.2662,-0.3567,-1.6077,-0.7143,0.4215,-0.0005,0.2881,0.3573,-0.059,0.2366,800
RocketTile_75,3.0,0.0,0.0,64.0,2.0,32.0,8.0,1.0,32.0,2.0,20.0,1.0,37050.2827,37050.2827,37050.2827,37050.2827,37050.2827,17027000.0,7123500.0,10114000.0,16818000.0,7037900.0,9973600.0,17535000.0,6495900.0,9605600.0,17011000.0,6538500.0,9564000.0,17021000.0,7121400.0,10111000.0,0.4497,-0.051,0.318,0.4731,0.0,0.3392,-0.3319,-1.4994,-0.694,0.4482,-0.0001,0.304,0.4515,-0.0426,0.319,800
RocketTile_76,9.0,28.0,256.0,32.0,1.0,32.0,8.0,1.0,64.0,2.0,32.0,3.0,36511.7558,36511.7558,36511.7558,36511.7558,36511.7558,19319000.0,8405300.0,12051000.0,19043000.0,8291400.0,11864000.0,19947000.0,7712700.0,11494000.0,19320000.0,7748900.0,11430000.0,19309000.0,8400600.0,12044000.0,0.4461,-0.0935,0.3116,0.4498,0.0,0.3162,-0.2327,-1.4169,-0.5855,0.44,-0.0007,0.3021,0.4489,-0.0545,0.315,800
RocketTile_77,6.0,0.0,128.0,64.0,2.0,12.0,4.0,0.0,64.0,2.0,8.0,1.0,36712.6603,36712.6603,36712.6603,36712.6603,36712.6603,15972000.0,6495400.0,9285300.0,15817000.0,6438500.0,9190000.0,16310000.0,6062500.0,8886800.0,15827000.0,6070200.0,8827800.0,15967000.0,6493900.0,9282600.0,0.4322,-0.0597,0.2989,0.454,-0.0,0.3153,-0.3138,-1.5263,-0.6954,0.4076,-0.0004,0.2947,0.4347,-0.0527,0.3026,800
RocketTile_78,0.0,56.0,0.0,64.0,1.0,20.0,8.0,0.0,32.0,1.0,8.0,3.0,26767.0814,26767.0814,26767.0814,26767.0814,26767.0814,14266000.0,6209600.0,8950300.0,14107000.0,6147100.0,8848700.0,14760000.0,5776700.0,8615900.0,14245000.0,5799800.0,8567300.0,14263000.0,6208500.0,8948500.0,0.424,-0.0566,0.2912,0.4355,-0.0,0.2977,-0.2117,-1.3946,-0.5809,0.4377,-0.0001,0.3085,0.4263,-0.0522,0.2934,800
RocketTile_79,12.0,28.0,512.0,64.0,1.0,32.0,4.0,1.0,64.0,1.0,8.0,3.0,33409.4328,33409.4328,33409.4328,33409.4328,33409.4328,18351000.0,7773800.0,11282000.0,18130000.0,7659600.0,11113000.0,18823000.0,7108900.0,10731000.0,18260000.0,7125100.0,10658000.0,18342000.0,7769300.0,11275000.0,0.4263,-0.056,0.3004,0.4667,-0.0,0.3245,-0.3138,-1.6337,-0.7131,0.4605,-0.0005,0.3246,0.4292,-0.0505,0.3039,800
RocketTile_80,0.0,42.0,128.0,32.0,1.0,12.0,8.0,1.0,64.0,2.0,24.0,3.0,34354.8029,34354.8029,34354.8029,34354.8029,34354.8029,17791000.0,7802600.0,11157000.0,17589000.0,7714400.0,11017000.0,18319000.0,7220800.0,10695000.0,17817000.0,7261200.0,10661000.0,17784000.0,7798700.0,11151000.0,0.4379,-0.058,0.3015,0.4732,-0.0,0.3278,-0.2061,-1.4456,-0.5821,0.4573,-0.0011,0.3133,0.443,-0.0512,0.3076,800
RocketTile_81,9.0,14.0,0.0,32.0,2.0,4.0,4.0,0.0,32.0,4.0,4.0,1.0,37752.2856,37752.2856,37752.2856,37752.2856,37752.2856,18748000.0,8472800.0,11717000.0,18547000.0,8415900.0,11609000.0,19022000.0,8026200.0,11312000.0,18608000.0,8041700.0,11271000.0,18743000.0,8471300.0,11714000.0,0.4149,-0.0649,0.2812,0.4413,0.0,0.2998,-0.3219,-1.5349,-0.6927,0.4307,-0.0003,0.3004,0.4171,-0.0604,0.2836,800
RocketTile_82,9.0,28.0,512.0,32.0,1.0,28.0,8.0,0.0,32.0,2.0,12.0,1.0,27731.7403,27731.7403,27731.7403,27731.7403,27731.7403,14115000.0,6188000.0,8663200.0,13941000.0,6109800.0,8545100.0,14617000.0,5692400.0,8278000.0,14052000.0,5694900.0,8199100.0,14109000.0,6185600.0,8659600.0,0.4533,-0.0555,0.3145,0.4732,-0.0001,0.3301,-0.1912,-1.2489,-0.5181,0.4404,-0.0006,0.312,0.4556,-0.0481,0.3174,800
RocketTile_83,12.0,0.0,1024.0,32.0,1.0,20.0,8.0,0.0,64.0,2.0,24.0,3.0,31533.768,31533.768,31533.768,31533.768,31533.768,16300000.0,7142100.0,10229000.0,16133000.0,7082100.0,10124000.0,16703000.0,6695700.0,9825600.0,16194000.0,6732200.0,9791000.0,16294000.0,7139700.0,10225000.0,0.417,-0.0658,0.2842,0.4722,-0.0,0.3335,-0.4326,-1.6299,-0.8203,0.4408,-0.0005,0.3049,0.4193,-0.0616,0.2866,800
RocketTile_84,3.0,28.0,128.0,64.0,4.0,4.0,8.0,0.0,32.0,2.0,32.0,1.0,47920.9306,47920.9306,47920.9306,47920.9306,47920.9306,22799000.0,9616100.0,13550000.0,22628000.0,9544700.0,13437000.0,23292000.0,9042300.0,13090000.0,22798000.0,9067400.0,13045000.0,22791000.0,9613000.0,13545000.0,0.3838,-0.0549,0.2656,0.4277,-0.0,0.2998,-0.1945,-1.2983,-0.5368,0.452,-0.0011,0.3125,0.3871,-0.046,0.2693,800
RocketTile_85,9.0,14.0,1024.0,64.0,4.0,16.0,8.0,0.0,32.0,4.0,4.0,2.0,57354.7406,57354.7406,57354.7406,57354.7406,57354.7406,30930000.0,13413000.0,18874000.0,30780000.0,13331000.0,18759000.0,573670000.0,376850000.0,467170000.0,573120000.0,376990000.0,467110000.0,30921000.0,13409000.0,18869000.0,0.3587,-0.0632,0.239,0.3689,0.0,0.2574,-187.4242,-373.7551,-227.8311,0.4165,-0.0001,0.2977,0.3588,-0.0538,0.2406,800
RocketTile_86,3.0,0.0,0.0,64.0,2.0,24.0,4.0,1.0,64.0,4.0,12.0,2.0,51358.6598,51358.6598,51358.6598,51358.6598,51358.6598,23625000.0,9895200.0,14076000.0,23349000.0,9799400.0,13914000.0,23769000.0,9180800.0,13401000.0,23390000.0,9233800.0,13398000.0,23619000.0,9892900.0,14072000.0,0.3807,-0.0571,0.2532,0.401,-0.0,0.2722,-0.3473,-1.7119,-0.7407,0.4065,-0.0005,0.2808,0.3833,-0.0452,0.2577,800
RocketTile_87,12.0,42.0,128.0,32.0,4.0,4.0,8.0,0.0,64.0,4.0,32.0,2.0,55936.7266,55936.7266,55936.7266,55936.7266,55936.7266,28087000.0,12456000.0,17379000.0,27870000.0,12377000.0,17247000.0,28418000.0,11798000.0,16803000.0,27969000.0,11837000.0,16778000.0,28077000.0,12452000.0,17372000.0,0.4008,-0.0592,0.2683,0.4139,-0.0,0.2843,-0.3327,-1.5707,-0.6964,0.389,-0.0001,0.2688,0.4055,-0.0528,0.2765,800
RocketTile_88,9.0,28.0,256.0,64.0,4.0,32.0,8.0,1.0,32.0,4.0,8.0,1.0,58735.2168,58735.2168,58735.2168,58735.2168,58735.2168,28776000.0,12392000.0,17361000.0,28531000.0,12286000.0,17189000.0,29132000.0,11512000.0,16575000.0,28604000.0,11567000.0,16547000.0,28766000.0,12389000.0,17355000.0,0.3449,-0.0549,0.2303,0.3808,-0.0001,0.2622,-0.4841,-1.7134,-0.8265,0.4159,-0.0007,0.2991,0.3462,-0.0522,0.2311,800
RocketTile_89,3.0,14.0,128.0,32.0,1.0,4.0,8.0,1.0,32.0,4.0,8.0,3.0,39706.3368,39706.3368,39706.3368,39706.3368,39706.3368,22141000.0,10099000.0,14220000.0,21863000.0,10006000.0,14048000.0,22406000.0,9437600.0,13595000.0,21923000.0,9465100.0,13551000.0,22135000.0,10096000.0,14215000.0,0.4436,-0.0705,0.3092,0.4499,-0.0,0.3119,-0.3922,-1.6623,-0.7657,0.4457,-0.0002,0.3045,0.4476,-0.0447,0.3089,800
RocketTile_90,9.0,0.0,256.0,64.0,4.0,16.0,8.0,1.0,64.0,1.0,32.0,2.0,48512.4811,48512.4811,48512.4811,48512.4811,48512.4811,23682000.0,9857700.0,14106000.0,23471000.0,9767300.0,13966000.0,23896000.0,9086600.0,13409000.0,23511000.0,9153500.0,13422000.0,23675000.0,9854600.0,14101000.0,0.3794,-0.0531,0.2674,0.4284,0.0,0.3001,-0.2664,-1.4903,-0.6355,0.4536,-0.0001,0.3164,0.3805,-0.0494,0.2686,800
RocketTile_91,9.0,28.0,128.0,32.0,1.0,8.0,8.0,1.0,32.0,4.0,32.0,3.0,40290.719,40290.719,40290.719,40290.719,40290.719,22421000.0,10224000.0,14385000.0,22120000.0,10121000.0,14200000.0,22746000.0,9492700.0,13720000.0,22250000.0,9534700.0,13686000.0,22409000.0,10218000.0,14377000.0,0.3747,-0.0553,0.2483,0.4199,-0.0001,0.2859,-0.3437,-1.5376,-0.6925,0.4267,-0.0003,0.2958,0.375,-0.0502,0.2489,800
RocketTile_92,12.0,0.0,128.0,64.0,4.0,8.0,8.0,1.0,32.0,2.0,20.0,2.0,50621.6088,50621.6088,50621.6088,50621.6088,50621.6088,25285000.0,10665000.0,15215000.0,25061000.0,10579000.0,15075000.0,25510000.0,10022000.0,14595000.0,25117000.0,10088000.0,14606000.0,25278000.0,10662000.0,15211000.0,0.3375,-0.06,0.2249,0.4216,0.0,0.2918,-0.0725,-1.2122,-0.3858,0.4387,-0.0018,0.3111,0.3398,-0.0563,0.2274,800
RocketTile_93,0.0,56.0,128.0,32.0,4.0,32.0,8.0,0.0,64.0,2.0,4.0,2.0,43767.3542,43767.3542,43767.3542,43767.3542,43767.3542,22756000.0,10155000.0,14201000.0,22623000.0,10094000.0,14111000.0,23102000.0,9620200.0,13744000.0,22671000.0,9658600.0,13722000.0,22750000.0,10153000.0,14197000.0,0.3683,-0.0657,0.2561,0.3978,0.0,0.2715,-0.3406,-1.5466,-0.7211,0.4441,-0.0,0.3024,0.3704,-0.0608,0.2586,800
RocketTile_94,3.0,14.0,512.0,32.0,1.0,8.0,8.0,1.0,64.0,2.0,16.0,2.0,34160.4648,34160.4648,34160.4648,34160.4648,34160.4648,17475000.0,7542800.0,10743000.0,17264000.0,7447000.0,10591000.0,17971000.0,6904200.0,10194000.0,17443000.0,6915300.0,10129000.0,17466000.0,7538300.0,10736000.0,0.4239,-0.0472,0.2871,0.4418,0.0,0.3117,-0.4191,-1.6641,-0.7949,0.4464,-0.0003,0.3063,0.4255,-0.0401,0.2898,800
RocketTile_95,12.0,14.0,512.0,64.0,1.0,32.0,8.0,0.0,64.0,4.0,24.0,3.0,45173.029,45173.029,45173.029,45173.029,45173.029,22614000.0,9846600.0,13924000.0,22425000.0,9768900.0,13797000.0,22942000.0,9237300.0,13368000.0,22368000.0,9250000.0,13303000.0,22605000.0,9842300.0,13918000.0,0.3687,-0.0597,0.2373,0.3971,-0.0001,0.2639,-0.3063,-1.4584,-0.6482,0.4144,-0.0011,0.2896,0.3659,-0.0553,0.2401,800
RocketTile_96,9.0,42.0,512.0,64.0,1.0,32.0,8.0,1.0,64.0,1.0,12.0,3.0,33794.388,33794.388,33794.388,33794.388,33794.388,18850000.0,7816300.0,11429000.0,18626000.0,7704500.0,11256000.0,18991000.0,7150400.0,10797000.0,18396000.0,7160200.0,10719000.0,18846000.0,7814300.0,11426000.0,0.4426,-0.0555,0.3068,0.4549,0.0,0.3119,-0.3169,-1.5013,-0.6681,0.4336,-0.0016,0.2952,0.4451,-0.0498,0.3104,800
RocketTile_97,0.0,56.0,1024.0,64.0,1.0,12.0,8.0,0.0,64.0,1.0,24.0,2.0,26785.741,26785.741,26785.741,26785.741,26785.741,12664000.0,5270900.0,7631900.0,12519000.0,5216100.0,7541800.0,13130000.0,4849800.0,7289700.0,12629000.0,4873500.0,7242900.0,12661000.0,5269900.0,7630200.0,0.4365,-0.0526,0.3051,0.4692,-0.0,0.3275,-0.3507,-1.6204,-0.7423,0.4381,-0.0006,0.304,0.4404,-0.0476,0.3093,800
RocketTile_98,9.0,0.0,512.0,64.0,4.0,12.0,8.0,0.0,32.0,4.0,24.0,1.0,53962.128,53962.128,53962.128,53962.128,53962.128,25969000.0,11193000.0,15661000.0,25817000.0,11128000.0,15560000.0,26068000.0,10630000.0,15094000.0,25751000.0,10675000.0,15101000.0,25962000.0,11190000.0,15656000.0,0.3522,-0.0561,0.2427,0.4329,-0.0,0.3066,-0.364,-1.5919,-0.7397,0.4184,-0.0001,0.2789,0.3552,-0.0525,0.2474,800
RocketTile_99,3.0,42.0,0.0,64.0,2.0,20.0,4.0,0.0,64.0,4.0,24.0,1.0,47030.6362,47030.6362,47030.6362,47030.6362,47030.6362,20047000.0,8341700.0,11739000.0,19891000.0,8279800.0,11639000.0,20419000.0,7873900.0,11342000.0,19999000.0,7900700.0,11311000.0,20041000.0,8339600.0,11736000.0,0.4337,-0.056,0.2978,0.455,0.0,0.3163,-0.248,-1.4202,-0.5963,0.4365,-0.0005,0.3137,0.4367,-0.0512,0.3026,800
RocketTile_100,6.0,42.0,128.0,32.0,1.0,8.0,8.0,0.0,32.0,1.0,12.0,1.0,23918.9328,23918.9328,23918.9328,23918.9328,23918.9328,11138000.0,4723800.0,6720300.0,10963000.0,4648400.0,6603600.0,11814000.0,4294100.0,6438400.0,11306000.0,4314000.0,6384300.0,11134000.0,4722000.0,6717600.0,0.4427,-0.0685,0.3167,0.4533,0.0,0.3209,-0.2482,-1.4747,-0.6304,0.4418,-0.0001,0.2898,0.444,-0.0595,0.3188,800
RocketTile_101,6.0,0.0,128.0,32.0,1.0,20.0,8.0,1.0,64.0,1.0,32.0,1.0,26346.6403,26346.6403,26346.6403,26346.6403,26346.6403,11954000.0,4880000.0,7057000.0,11728000.0,4794500.0,6913600.0,12402000.0,4347500.0,6614900.0,11884000.0,4357300.0,6541800.0,11948000.0,4877100.0,7052900.0,0.441,-0.0558,0.3028,0.4628,-0.0001,0.3243,-0.3528,-1.5916,-0.7434,0.4434,-0.0009,0.3034,0.4436,-0.0486,0.3064,800
RocketTile_102,9.0,56.0,256.0,64.0,2.0,4.0,4.0,1.0,64.0,2.0,28.0,1.0,41472.288,41472.288,41472.288,41472.288,41472.288,18623000.0,7627800.0,10864000.0,18386000.0,7523800.0,10703000.0,19125000.0,6882800.0,10252000.0,18693000.0,6939800.0,10248000.0,18616000.0,7625200.0,10860000.0,0.4338,-0.0569,0.3079,0.4609,-0.0,0.3216,-0.2487,-1.4938,-0.6232,0.4121,-0.0004,0.2894,0.4357,-0.0454,0.3105,800
RocketTile_103,0.0,28.0,1024.0,64.0,1.0,12.0,8.0,1.0,32.0,1.0,16.0,2.0,28044.3557,28044.3557,28044.3557,28044.3557,28044.3557,13959000.0,5850500.0,8484200.0,13729000.0,5763100.0,8338000.0,14375000.0,5287700.0,8008100.0,13874000.0,5300800.0,7942300.0,13952000.0,5847200.0,8479500.0,0.3794,-0.0607,0.2677,0.4664,-0.0,0.3277,-0.3114,-1.534,-0.68,0.4332,-0.0008,0.2896,0.3804,-0.0537,0.2699,800
RocketTile_104,3.0,0.0,512.0,64.0,4.0,4.0,8.0,0.0,64.0,4.0,8.0,2.0,61110.0648,61110.0648,61110.0648,61110.0648,61110.0648,28433000.0,11961000.0,16898000.0,28258000.0,11898000.0,16793000.0,28632000.0,11388000.0,16365000.0,28166000.0,11408000.0,16324000.0,28423000.0,11957000.0,16892000.0,0.3566,-0.0517,0.2407,0.4001,-0.0,0.2715,-0.4806,-1.8034,-0.9005,0.3964,-0.0006,0.2707,0.3604,-0.0458,0.2427,800
RocketTile_105,12.0,14.0,128.0,32.0,2.0,4.0,8.0,1.0,64.0,1.0,20.0,2.0,33280.1568,33280.1568,33280.1568,33280.1568,33280.1568,17113000.0,7356100.0,10527000.0,16898000.0,7267200.0,10382000.0,17621000.0,6735800.0,10016000.0,17131000.0,6776700.0,9982900.0,17108000.0,7354100.0,10524000.0,0.4312,-0.0569,0.2995,0.45,-0.0,0.3148,-0.1831,-1.4164,-0.5333,0.4385,-0.0021,0.2944,0.4344,-0.05,0.3037,800
RocketTile_106,6.0,28.0,1024.0,64.0,1.0,12.0,8.0,0.0,64.0,4.0,8.0,2.0,44452.859,44452.859,44452.859,44452.859,44452.859,22077000.0,9583000.0,13467000.0,21929000.0,9504700.0,13355000.0,565360000.0,373070000.0,461960000.0,564740000.0,373180000.0,461860000.0,22067000.0,9578400.0,13460000.0,0.3813,-0.0637,0.2809,0.4385,0.0,0.3046,-187.5161,-373.6145,-227.7067,0.4264,-0.0003,0.2884,0.3957,-0.0588,0.2927,800
RocketTile_107,0.0,42.0,128.0,64.0,2.0,28.0,8.0,0.0,32.0,1.0,32.0,2.0,31679.8978,31679.8978,31679.8978,31679.8978,31679.8978,15398000.0,6505400.0,9309800.0,15275000.0,6447800.0,9223000.0,15826000.0,6028700.0,8923900.0,15350000.0,6051600.0,8880000.0,15394000.0,6503800.0,9307300.0,0.4097,-0.0614,0.2903,0.4514,0.0,0.3075,-0.4421,-1.7273,-0.8365,0.4193,0.0,0.2893,0.4127,-0.056,0.2935,800
RocketTile_108,12.0,14.0,0.0,64.0,4.0,8.0,8.0,0.0,32.0,2.0,4.0,3.0,49365.949,49365.949,49365.949,49365.949,49365.949,25698000.0,11093000.0,15743000.0,25540000.0,11027000.0,15642000.0,26008000.0,10517000.0,15233000.0,25463000.0,10550000.0,15186000.0,25688000.0,11089000.0,15737000.0,0.3207,-0.0677,0.2178,0.3915,-0.0,0.2718,-0.459,-1.7086,-0.8509,0.4116,-0.0001,0.293,0.323,-0.0497,0.2204,800
RocketTile_109,0.0,56.0,128.0,32.0,2.0,24.0,4.0,1.0,32.0,2.0,32.0,3.0,36154.9267,36154.9267,36154.9267,36154.9267,36154.9267,20292000.0,9167000.0,12985000.0,20069000.0,9080600.0,12842000.0,20778000.0,8533800.0,12462000.0,20292000.0,8580100.0,12432000.0,20287000.0,9165300.0,12982000.0,0.4473,-0.0515,0.3118,0.4649,0.0,0.3207,-0.1596,-1.2936,-0.5064,0.4485,-0.0,0.308,0.4493,-0.0472,0.3166,800
RocketTile_110,3.0,42.0,1024.0,32.0,1.0,20.0,8.0,0.0,64.0,1.0,8.0,1.0,26194.9291,26194.9291,26194.9291,26194.9291,26194.9291,13466000.0,5871000.0,8260300.0,13307000.0,5793700.0,8144200.0,557040000.0,369450000.0,456910000.0,556500000.0,369570000.0,456840000.0,13462000.0,5868900.0,8257200.0,0.4491,-0.0479,0.3152,0.4559,-0.0,0.3221,-187.2621,-373.5805,-227.5918,0.4462,-0.0023,0.3047,0.4513,-0.0403,0.3174,800
RocketTile_111,3.0,28.0,0.0,32.0,2.0,32.0,4.0,1.0,32.0,2.0,20.0,3.0,36354.8462,36354.8462,36354.8462,36354.8462,36354.8462,20642000.0,9198600.0,13129000.0,20410000.0,9108400.0,12979000.0,20835000.0,8505200.0,12446000.0,20376000.0,8561000.0,12432000.0,20637000.0,9196700.0,13126000.0,0.4321,-0.0551,0.2947,0.4561,-0.0,0.3181,-0.1382,-1.2553,-0.4775,0.439,-0.0018,0.3021,0.4344,-0.0483,0.3005,800
RocketTile_112,0.0,56.0,128.0,32.0,2.0,20.0,8.0,1.0,64.0,4.0,8.0,1.0,46271.232,46271.232,46271.232,46271.232,46271.232,20760000.0,8923500.0,12483000.0,20538000.0,8837300.0,12345000.0,21188000.0,8293500.0,11959000.0,20765000.0,8336400.0,11939000.0,20755000.0,8921600.0,12480000.0,0.3649,-0.0587,0.2584,0.4207,-0.0,0.2933,-0.3657,-1.6463,-0.7631,0.4177,-0.0023,0.2903,0.3657,-0.052,0.2594,800
RocketTile_113,6.0,14.0,0.0,64.0,2.0,16.0,4.0,0.0,64.0,2.0,4.0,2.0,38161.427,38161.427,38161.427,38161.427,38161.427,17617000.0,7355100.0,10506000.0,17445000.0,7297300.0,10406000.0,18054000.0,6905300.0,10135000.0,17551000.0,6925400.0,10085000.0,17611000.0,7353000.0,10502000.0,0.3926,-0.0637,0.2757,0.4346,-0.0001,0.2988,-0.3733,-1.607,-0.7514,0.4359,-0.0032,0.2968,0.3932,-0.0584,0.2786,800
RocketTile_114,3.0,28.0,0.0,64.0,2.0,24.0,4.0,1.0,64.0,4.0,32.0,1.0,49833.6408,49833.6408,49833.6408,49833.6408,49833.6408,21757000.0,9012500.0,12741000.0,21511000.0,8924000.0,12594000.0,21933000.0,8286200.0,12067000.0,21534000.0,8342100.0,12062000.0,21750000.0,9009800.0,12736000.0,0.3673,-0.0757,0.2401,0.4619,-0.0001,0.3227,-0.2029,-1.3546,-0.5629,0.4565,-0.0001,0.3138,0.3679,-0.0712,0.2415,800
RocketTile_115,0.0,28.0,256.0,32.0,4.0,32.0,4.0,0.0,64.0,2.0,32.0,1.0,42214.8384,42214.8384,42214.8384,42214.8384,42214.8384,21001000.0,9241400.0,12903000.0,20875000.0,9184100.0,12818000.0,21356000.0,8762600.0,12480000.0,20887000.0,8784400.0,12434000.0,20995000.0,9238900.0,12900000.0,0.4329,-0.0563,0.2985,0.4287,0.0,0.2976,-0.193,-1.3347,-0.5432,0.4178,-0.0013,0.2954,0.436,-0.0492,0.304,800
RocketTile_116,12.0,56.0,128.0,32.0,4.0,12.0,8.0,0.0,32.0,4.0,24.0,1.0,49158.2045,49158.2045,49158.2045,49158.2045,49158.2045,25749000.0,11676000.0,16132000.0,25534000.0,11599000.0,16003000.0,26072000.0,11033000.0,15565000.0,25606000.0,11079000.0,15547000.0,25740000.0,11672000.0,16126000.0,0.2798,-0.0562,0.1841,0.3615,0.0,0.2479,-0.3303,-1.5603,-0.6919,0.3983,-0.0019,0.2748,0.2804,-0.0476,0.185,800
RocketTile_117,12.0,0.0,128.0,32.0,1.0,8.0,8.0,1.0,64.0,1.0,24.0,1.0,26043.6557,26043.6557,26043.6557,26043.6557,26043.6557,11842000.0,4840900.0,7006100.0,11632000.0,4759200.0,6868400.0,12252000.0,4313400.0,6549700.0,11753000.0,4330700.0,6489900.0,11838000.0,4839100.0,7003500.0,0.4295,-0.0593,0.3065,0.4494,-0.0,0.3043,-0.2046,-1.3891,-0.567,0.4566,-0.0011,0.308,0.4309,-0.0516,0.3083,800
RocketTile_118,6.0,0.0,512.0,32.0,2.0,32.0,4.0,1.0,64.0,4.0,12.0,2.0,48076.0344,48076.0344,48076.0344,48076.0344,48076.0344,22856000.0,9918100.0,13963000.0,22609000.0,9828700.0,13817000.0,23207000.0,9235300.0,13382000.0,22786000.0,9284200.0,13366000.0,22849000.0,9916000.0,13960000.0,0.377,-0.0661,0.2613,0.4281,-0.0001,0.2982,-0.2499,-1.4342,-0.6143,0.4336,-0.0009,0.3049,0.3782,-0.0617,0.2624,800
RocketTile_119,0.0,42.0,128.0,64.0,1.0,20.0,4.0,0.0,32.0,2.0,20.0,3.0,30341.2824,30341.2824,30341.2824,30341.2824,30341.2824,16119000.0,7168100.0,10190000.0,15961000.0,7106800.0,10092000.0,16649000.0,6732900.0,9863400.0,16109000.0,6755100.0,9811300.0,16115000.0,7166300.0,10188000.0,0.4297,-0.0521,0.3024,0.453,0.0,0.3095,-0.405,-1.6334,-0.7988,0.4374,-0.0,0.3034,0.4314,-0.0433,0.3038,800
RocketTile_120,9.0,0.0,128.0,64.0,1.0,24.0,4.0,0.0,64.0,1.0,20.0,2.0,26651.376,26651.376,26651.376,26651.376,26651.376,12625000.0,5302800.0,7635600.0,12475000.0,5240000.0,7538200.0,13101000.0,4849100.0,7284300.0,12605000.0,4873800.0,7240900.0,12622000.0,5301800.0,7633800.0,0.4609,-0.0544,0.3211,0.462,0.0,0.3267,-0.303,-1.5841,-0.692,0.4352,-0.0,0.2951,0.4655,-0.0502,0.3269,800
RocketTile_121,0.0,28.0,0.0,32.0,2.0,4.0,4.0,1.0,64.0,2.0,16.0,2.0,37072.2254,37072.2254,37072.2254,37072.2254,37072.2254,18379000.0,7996000.0,11312000.0,18212000.0,7919700.0,11196000.0,18797000.0,7370200.0,10800000.0,18355000.0,7407200.0,10769000.0,18374000.0,7994100.0,11309000.0,0.4055,-0.0562,0.2839,0.4551,-0.0,0.3165,-0.1571,-1.2853,-0.4984,0.448,-0.001,0.309,0.4102,-0.0508,0.2896,800
RocketTile_122,0.0,56.0,512.0,64.0,1.0,28.0,4.0,1.0,32.0,2.0,8.0,3.0,33580.7338,33580.7338,33580.7338,33580.7338,33580.7338,18054000.0,7912000.0,11345000.0,17833000.0,7825300.0,11208000.0,18503000.0,7317100.0,10852000.0,18034000.0,7350500.0,10814000.0,18046000.0,7908300.0,11339000.0,0.4348,-0.0526,0.2986,0.4683,-0.0,0.3272,-0.204,-1.3573,-0.5506,0.4423,-0.0007,0.3023,0.4361,-0.0461,0.301,800
RocketTile_123,6.0,56.0,1024.0,32.0,4.0,16.0,8.0,0.0,32.0,4.0,20.0,2.0,51307.0042,51307.0042,51307.0042,51307.0042,51307.0042,29551000.0,13632000.0,18850000.0,29355000.0,13550000.0,18726000.0,572750000.0,377020000.0,467240000.0,572250000.0,377190000.0,467210000.0,29541000.0,13628000.0,18844000.0,0.3691,-0.0694,0.2335,0.4107,0.0,0.2777,-187.3797,-373.8757,-227.8756,0.385,-0.0003,0.2669,0.3724,-0.0651,0.2381,800
RocketTile_124,0.0,42.0,0.0,64.0,1.0,24.0,4.0,1.0,64.0,2.0,4.0,1.0,33280.1568,33280.1568,33280.1568,33280.1568,33280.1568,14390000.0,5812700.0,8354600.0,14111000.0,5717000.0,8192200.0,14780000.0,5223600.0,7849900.0,14263000.0,5239500.0,7783200.0,14383000.0,5810000.0,8350500.0,0.4317,-0.0537,0.2973,0.4455,0.0,0.3056,-0.3495,-1.553,-0.7262,0.4262,-0.0009,0.2911,0.4333,-0.0472,0.2991,800
RocketTile_125,6.0,14.0,0.0,64.0,4.0,8.0,4.0,1.0,64.0,2.0,20.0,1.0,51809.7168,51809.7168,51809.7168,51809.7168,51809.7168,23681000.0,9717100.0,13812000.0,23487000.0,9628900.0,13682000.0,24053000.0,9061400.0,13248000.0,23569000.0,9086200.0,13199000.0,23674000.0,9714800.0,13808000.0,0.3483,-0.0524,0.2459,0.4382,-0.0,0.3137,-0.2907,-1.4542,-0.6516,0.4428,-0.0001,0.3029,0.3494,-0.0484,0.2467,800
RocketTile_126,6.0,0.0,512.0,32.0,2.0,32.0,4.0,0.0,64.0,1.0,28.0,3.0,30832.367,30832.367,30832.367,30832.367,30832.367,16747000.0,7462300.0,10627000.0,16615000.0,7405300.0,10537000.0,17285000.0,7014900.0,10288000.0,16826000.0,7048300.0,10260000.0,16742000.0,7460400.0,10624000.0,0.441,-0.0601,0.3108,0.471,-0.0,0.3328,-0.2475,-1.3961,-0.5999,0.4574,-0.0009,0.3114,0.4428,-0.0567,0.3151,800
RocketTile_127,3.0,28.0,256.0,32.0,2.0,8.0,4.0,0.0,64.0,2.0,16.0,2.0,36089.9194,36089.9194,36089.9194,36089.9194,36089.9194,18072000.0,7900200.0,11134000.0,17942000.0,7829900.0,11032000.0,18578000.0,7366100.0,10718000.0,18123000.0,7401900.0,10694000.0,18066000.0,7898300.0,11131000.0,0.4342,-0.0521,0.3106,0.4483,0.0,0.3094,-0.2107,-1.3746,-0.5589,0.4336,-0.0006,0.3016,0.4358,-0.0454,0.3117,800
RocketTile_128,6.0,14.0,512.0,64.0,2.0,32.0,8.0,0.0,32.0,4.0,16.0,2.0,44183.8282,44183.8282,44183.8282,44183.8282,44183.8282,22902000.0,10113000.0,14146000.0,22771000.0,10046000.0,14049000.0,23235000.0,9537100.0,13636000.0,22675000.0,9546100.0,13568000.0,22895000.0,10110000.0,14142000.0,0.3773,-0.0638,0.2578,0.4082,-0.0,0.2806,-0.3622,-1.614,-0.7354,0.4059,-0.0016,0.275,0.3793,-0.0523,0.2584,800
RocketTile_129,12.0,56.0,1024.0,32.0,1.0,8.0,8.0,0.0,64.0,1.0,12.0,2.0,28101.6475,28101.6475,28101.6475,28101.6475,28101.6475,15490000.0,6870900.0,9710700.0,15298000.0,6786100.0,9580000.0,559140000.0,370370000.0,458310000.0,558510000.0,370520000.0,458250000.0,15484000.0,6868000.0,9706500.0,0.454,-0.0581,0.3189,0.4402,0.0,0.3056,-187.55,-373.7994,-227.7596,0.4315,-0.0005,0.2933,0.4571,-0.0535,0.3206,800
RocketTile_130,0.0,42.0,1024.0,32.0,4.0,8.0,8.0,1.0,32.0,2.0,8.0,2.0,43424.0957,43424.0957,43424.0957,43424.0957,43424.0957,23807000.0,10782000.0,15063000.0,23598000.0,10697000.0,14927000.0,24199000.0,10108000.0,14491000.0,23782000.0,10160000.0,14483000.0,23800000.0,10780000.0,15059000.0,0.3189,-0.0677,0.2116,0.378,-0.0,0.2671,-0.1442,-1.2663,-0.4831,0.4216,-0.0006,0.2992,0.3216,-0.0588,0.2153,800
RocketTile_131,6.0,14.0,256.0,32.0,2.0,24.0,4.0,1.0,64.0,1.0,4.0,3.0,35206.3282,35206.3282,35206.3282,35206.3282,35206.3282,19577000.0,8628900.0,12357000.0,19369000.0,8531900.0,12205000.0,20123000.0,7962400.0,11802000.0,19656000.0,7995500.0,11766000.0,19572000.0,8627000.0,12354000.0,0.4438,-0.058,0.3118,0.4471,-0.0,0.3162,-0.12,-1.2462,-0.4549,0.4591,-0.0002,0.3125,0.4498,-0.0482,0.3173,800
RocketTile_132,12.0,56.0,512.0,64.0,2.0,16.0,8.0,1.0,64.0,2.0,16.0,3.0,45269.9928,45269.9928,45269.9928,45269.9928,45269.9928,23308000.0,9941900.0,14219000.0,23047000.0,9830000.0,14045000.0,23747000.0,9117100.0,13514000.0,23330000.0,9169800.0,13514000.0,23301000.0,9938800.0,14214000.0,0.3623,-0.0789,0.2556,0.4356,0.0,0.297,-0.3969,-1.6786,-0.7641,0.4336,-0.0001,0.2842,0.361,-0.0728,0.2532,800
RocketTile_133,3.0,56.0,0.0,64.0,1.0,16.0,8.0,0.0,64.0,4.0,20.0,3.0,43595.5608,43595.5608,43595.5608,43595.5608,43595.5608,20745000.0,9008100.0,12749000.0,20584000.0,8943800.0,12646000.0,21131000.0,8526500.0,12345000.0,20640000.0,8540500.0,12291000.0,20739000.0,9006300.0,12746000.0,0.3963,-0.0561,0.2687,0.431,0.0,0.293,-0.3632,-1.652,-0.7486,0.4171,-0.0001,0.2747,0.402,-0.0443,0.2787,800
RocketTile_134,3.0,28.0,256.0,32.0,4.0,28.0,8.0,0.0,64.0,4.0,24.0,1.0,54153.2376,54153.2376,54153.2376,54153.2376,54153.2376,26329000.0,11632000.0,16125000.0,26160000.0,11557000.0,16010000.0,26726000.0,10992000.0,15586000.0,26220000.0,11020000.0,15540000.0,26322000.0,11629000.0,16121000.0,0.4018,-0.0715,0.2814,0.3842,-0.0001,0.2652,-0.2136,-1.3903,-0.5474,0.4308,-0.0001,0.289,0.4037,-0.057,0.2834,800
RocketTile_135,12.0,42.0,512.0,32.0,4.0,16.0,8.0,1.0,64.0,1.0,28.0,3.0,45245.7518,45245.7518,45245.7518,45245.7518,45245.7518,26547000.0,11747000.0,16686000.0,26365000.0,11648000.0,16536000.0,26716000.0,10970000.0,15947000.0,26343000.0,11044000.0,15973000.0,26539000.0,11744000.0,16681000.0,0.4022,-0.0563,0.2793,0.4142,-0.0,0.2914,-0.2138,-1.4862,-0.5764,0.431,-0.0001,0.2994,0.405,-0.0527,0.2835,800
RocketTile_136,9.0,28.0,512.0,32.0,2.0,20.0,8.0,0.0,64.0,1.0,28.0,1.0,30016.0814,30016.0814,30016.0814,30016.0814,30016.0814,15276000.0,6437300.0,9131700.0,15137000.0,6365700.0,9026500.0,15510000.0,5932400.0,8688000.0,14988000.0,5932800.0,8615800.0,15271000.0,6435200.0,9128600.0,0.446,-0.0586,0.3146,0.451,-0.0,0.3111,-0.272,-1.4758,-0.6401,0.4347,-0.0001,0.3092,0.4482,-0.0483,0.3191,800
RocketTile_137,9.0,42.0,512.0,64.0,4.0,20.0,4.0,1.0,32.0,2.0,24.0,3.0,54616.3877,54616.3877,54616.3877,54616.3877,54616.3877,29658000.0,12675000.0,18116000.0,29419000.0,12563000.0,17946000.0,29846000.0,11832000.0,17291000.0,29268000.0,11880000.0,17254000.0,29646000.0,12671000.0,18109000.0,0.3122,-0.0854,0.1839,0.3521,-0.0041,0.2348,-0.3162,-1.5445,-0.6914,0.4302,-0.0007,0.3003,0.3146,-0.0813,0.1871,800
RocketTile_138,9.0,0.0,0.0,32.0,1.0,32.0,4.0,1.0,64.0,4.0,4.0,2.0,43424.0957,43424.0957,43424.0957,43424.0957,43424.0957,20315000.0,8731200.0,12371000.0,20059000.0,8638600.0,12215000.0,20727000.0,8122300.0,11847000.0,20224000.0,8140600.0,11787000.0,20306000.0,8727100.0,12365000.0,0.407,-0.0604,0.2684,0.4406,-0.0001,0.3038,-0.3136,-1.6727,-0.6915,0.4051,-0.0081,0.2768,0.4108,-0.0517,0.2725,800
RocketTile_139,6.0,14.0,512.0,64.0,1.0,16.0,4.0,1.0,64.0,4.0,12.0,3.0,47895.9782,47895.9782,47895.9782,47895.9782,47895.9782,24457000.0,10556000.0,15044000.0,24192000.0,10458000.0,14878000.0,24731000.0,9839400.0,14358000.0,24274000.0,9864900.0,14321000.0,24448000.0,10552000.0,15038000.0,0.3771,-0.0742,0.2557,0.411,-0.0,0.2849,-0.374,-1.7424,-0.774,0.4181,-0.0003,0.2896,0.3782,-0.0488,0.2583,800
RocketTile_140,3.0,28.0,1024.0,32.0,2.0,32.0,8.0,0.0,32.0,1.0,20.0,2.0,30341.2824,30341.2824,30341.2824,30341.2824,30341.2824,17574000.0,7911100.0,11133000.0,17427000.0,7835400.0,11023000.0,561050000.0,371450000.0,459710000.0,560520000.0,371600000.0,459650000.0,17570000.0,7909400.0,11130000.0,0.4172,-0.0602,0.2874,0.4362,-0.0,0.3048,-187.427,-373.8079,-227.782,0.428,-0.001,0.2985,0.4198,-0.058,0.2897,800
RocketTile_141,0.0,0.0,1024.0,32.0,2.0,8.0,4.0,1.0,64.0,4.0,28.0,2.0,47462.3222,47462.3222,47462.3222,47462.3222,47462.3222,22703000.0,9885800.0,13911000.0,22467000.0,9794700.0,13764000.0,22999000.0,9226200.0,13323000.0,22562000.0,9267100.0,13299000.0,22697000.0,9883400.0,13907000.0,0.3467,-0.0648,0.2407,0.4287,-0.0,0.2992,-0.2067,-1.3131,-0.5635,0.4284,-0.0,0.2883,0.3585,-0.0582,0.2432,800
RocketTile_142,3.0,0.0,128.0,32.0,4.0,24.0,4.0,0.0,64.0,4.0,4.0,1.0,52476.9451,52476.9451,52476.9451,52476.9451,52476.9451,25238000.0,11111000.0,15426000.0,25073000.0,11051000.0,15331000.0,25488000.0,10587000.0,14951000.0,25028000.0,10606000.0,14909000.0,25230000.0,11108000.0,15421000.0,0.3018,-0.0809,0.1942,0.4329,-0.0,0.3061,-0.4141,-1.678,-0.8073,0.395,-0.0001,0.273,0.3089,-0.0703,0.2019,800
RocketTile_143,6.0,42.0,0.0,64.0,1.0,8.0,8.0,1.0,32.0,2.0,20.0,2.0,31700.1989,31700.1989,31700.1989,31700.1989,31700.1989,15797000.0,6794000.0,9729200.0,15566000.0,6709600.0,9584700.0,16212000.0,6241300.0,9243200.0,15712000.0,6266700.0,9191500.0,15790000.0,6790700.0,9724500.0,0.4289,-0.0511,0.3032,0.4499,0.0,0.3167,-0.1313,-1.2566,-0.4732,0.439,-0.001,0.2928,0.4316,-0.0445,0.3112,800
RocketTile_144,9.0,42.0,512.0,32.0,4.0,16.0,8.0,0.0,64.0,1.0,8.0,2.0,40810.2581,40810.2581,40810.2581,40810.2581,40810.2581,22608000.0,10053000.0,14135000.0,22481000.0,9975600.0,14023000.0,23164000.0,9498200.0,13681000.0,22651000.0,9532100.0,13647000.0,22600000.0,10050000.0,14130000.0,0.3477,-0.056,0.2416,0.3796,-0.0,0.2603,-0.3468,-1.5277,-0.7032,0.4311,-0.0001,0.2919,0.3525,-0.0468,0.2439,800
RocketTile_145,3.0,42.0,1024.0,32.0,2.0,28.0,8.0,0.0,32.0,2.0,16.0,2.0,34464.9816,34464.9816,34464.9816,34464.9816,34464.9816,19746000.0,8902900.0,12495000.0,19600000.0,8826700.0,12386000.0,563020000.0,372430000.0,461000000.0,562580000.0,372590000.0,460980000.0,19740000.0,8900700.0,12491000.0,0.44,-0.0551,0.2978,0.4579,-0.0001,0.3188,-187.3045,-373.6267,-227.6605,0.4441,-0.0011,0.2977,0.4426,-0.0509,0.3007,800
RocketTile_146,0.0,56.0,1024.0,32.0,1.0,28.0,8.0,1.0,32.0,2.0,32.0,2.0,30361.1458,30361.1458,30361.1458,30361.1458,30361.1458,15569000.0,6860300.0,9757000.0,15349000.0,6771200.0,9612500.0,16152000.0,6297700.0,9311000.0,15601000.0,6321000.0,9246400.0,15563000.0,6857300.0,9752600.0,0.4254,-0.0576,0.2938,0.4524,-0.0,0.3148,-0.1405,-1.2609,-0.4881,0.4527,-0.0005,0.3084,0.4265,-0.053,0.2963,800
RocketTile_147,3.0,28.0,0.0,64.0,4.0,8.0,4.0,0.0,64.0,4.0,28.0,3.0,62329.3632,62329.3632,62329.3632,62329.3632,62329.3632,30223000.0,12912000.0,18267000.0,30074000.0,12844000.0,18163000.0,30455000.0,12288000.0,17685000.0,30000000.0,12331000.0,17666000.0,30215000.0,12910000.0,18262000.0,0.2911,-0.0619,0.1785,0.4188,0.0,0.287,-0.4497,-1.7334,-0.8261,0.4212,-0.0003,0.287,0.2978,-0.0571,0.1844,800
RocketTile_148,9.0,56.0,128.0,64.0,4.0,32.0,4.0,0.0,32.0,2.0,8.0,2.0,50042.808,50042.808,50042.808,50042.808,50042.808,24981000.0,10604000.0,15037000.0,24827000.0,10526000.0,14921000.0,25313000.0,9944400.0,14458000.0,24853000.0,9987400.0,14435000.0,24973000.0,10600000.0,15031000.0,0.3621,-0.0512,0.2391,0.3803,-0.0,0.261,-0.2767,-1.5097,-0.6439,0.4405,-0.0,0.2982,0.3635,-0.0447,0.2415,800
RocketTile_149,9.0,56.0,256.0,32.0,2.0,4.0,8.0,0.0,32.0,4.0,8.0,2.0,41570.1,41570.1,41570.1,41570.1,41570.1,22037000.0,10021000.0,13948000.0,21793000.0,9936000.0,13804000.0,22468000.0,9388400.0,13397000.0,21951000.0,9433200.0,13373000.0,22031000.0,10019000.0,13944000.0,0.4016,-0.0549,0.2797,0.4336,-0.0,0.2965,-0.4465,-1.9408,-0.8999,0.4098,-0.0028,0.2772,0.404,-0.0448,0.283,800
RocketTile_150,12.0,56.0,0.0,64.0,1.0,24.0,8.0,0.0,64.0,1.0,28.0,3.0,28182.168,28182.168,28182.168,28182.168,28182.168,14540000.0,6202700.0,8996600.0,14408000.0,6144300.0,8903800.0,14971000.0,5789000.0,8660400.0,14542000.0,5813800.0,8626100.0,14537000.0,6201600.0,8994800.0,0.4385,-0.0573,0.3136,0.4708,0.0,0.3357,-0.3497,-1.592,-0.7401,0.4395,-0.0022,0.3001,0.4398,-0.0529,0.3155,800
RocketTile_151,9.0,42.0,1024.0,32.0,4.0,16.0,8.0,1.0,32.0,2.0,20.0,3.0,47920.9306,47920.9306,47920.9306,47920.9306,47920.9306,29262000.0,13370000.0,18742000.0,29074000.0,13266000.0,18593000.0,572470000.0,376600000.0,466980000.0,572040000.0,376780000.0,466990000.0,29252000.0,13366000.0,18736000.0,0.3821,-0.0791,0.2627,0.3867,-0.0,0.2705,-187.5056,-373.8931,-227.8545,0.427,-0.0,0.2974,0.3872,-0.0669,0.2696,800
RocketTile_152,0.0,56.0,1024.0,64.0,4.0,4.0,8.0,1.0,64.0,4.0,12.0,1.0,62067.5006,62067.5006,62067.5006,62067.5006,62067.5006,28179000.0,11590000.0,16468000.0,27873000.0,11500000.0,16298000.0,28125000.0,10905000.0,15722000.0,27749000.0,10959000.0,15723000.0,28170000.0,11587000.0,16463000.0,0.3796,-0.067,0.2606,0.4046,-0.0007,0.2713,-0.2718,-1.5502,-0.6424,0.4181,-0.0005,0.2879,0.379,-0.0584,0.2628,800
RocketTile_153,3.0,28.0,1024.0,64.0,1.0,28.0,4.0,0.0,32.0,2.0,32.0,3.0,32559.4944,32559.4944,32559.4944,32559.4944,32559.4944,19001000.0,8624100.0,12152000.0,18838000.0,8543000.0,12032000.0,562570000.0,372150000.0,460740000.0,561990000.0,372280000.0,460670000.0,18993000.0,8620500.0,12147000.0,0.4434,-0.054,0.3166,0.4753,0.0,0.3333,-187.4231,-373.9437,-227.8806,0.4401,-0.0032,0.2985,0.4469,-0.0458,0.316,800
RocketTile_154,0.0,56.0,0.0,32.0,2.0,28.0,8.0,1.0,32.0,1.0,28.0,2.0,31182.0826,31182.0826,31182.0826,31182.0826,31182.0826,16440000.0,7106300.0,10213000.0,16188000.0,7019900.0,10058000.0,16844000.0,6515800.0,9671000.0,16293000.0,6551500.0,9620400.0,16436000.0,7104700.0,10210000.0,0.4343,-0.0585,0.3085,0.4642,-0.0,0.3245,-0.2519,-1.4552,-0.613,0.4395,-0.0011,0.2995,0.4372,-0.0554,0.3112,800
RocketTile_155,0.0,14.0,1024.0,64.0,4.0,20.0,4.0,0.0,64.0,4.0,16.0,2.0,60935.1523,60935.1523,60935.1523,60935.1523,60935.1523,28394000.0,12002000.0,16924000.0,28196000.0,11935000.0,16814000.0,28635000.0,11381000.0,16361000.0,28148000.0,11424000.0,16336000.0,28381000.0,11997000.0,16917000.0,0.3859,-0.0871,0.2688,0.4256,0.0001,0.3006,-0.4983,-1.8231,-0.8979,0.4127,-0.0027,0.2877,0.3873,-0.0803,0.2689,800
RocketTile_156,6.0,0.0,128.0,64.0,1.0,8.0,4.0,1.0,32.0,1.0,24.0,2.0,27769.716,27769.716,27769.716,27769.716,27769.716,13819000.0,5833800.0,8436100.0,13625000.0,5751400.0,8304900.0,14310000.0,5277100.0,7983300.0,13792000.0,5304300.0,7928300.0,13812000.0,5829900.0,8430700.0,0.4407,-0.0614,0.305,0.4687,-0.0,0.3316,-0.2295,-1.3943,-0.5742,0.4535,-0.0008,0.3045,0.4431,-0.0551,0.3084,800
RocketTile_157,3.0,0.0,0.0,32.0,1.0,24.0,4.0,1.0,64.0,1.0,16.0,2.0,27868.7866,27868.7866,27868.7866,27868.7866,27868.7866,13840000.0,5897900.0,8494600.0,13626000.0,5807100.0,8351900.0,14393000.0,5325800.0,8055700.0,13877000.0,5364100.0,8014400.0,13834000.0,5894700.0,8489900.0,0.4653,-0.0877,0.3245,0.4712,-0.0,0.328,-0.2871,-1.6407,-0.6926,0.4561,-0.0001,0.3103,0.4698,-0.0822,0.3291,800
RocketTile_158,3.0,42.0,512.0,64.0,1.0,16.0,4.0,0.0,32.0,1.0,28.0,3.0,28713.4718,28713.4718,28713.4718,28713.4718,28713.4718,16493000.0,7124600.0,10297000.0,16302000.0,7045200.0,10166000.0,16813000.0,6553800.0,9752600.0,16168000.0,6555900.0,9663800.0,16486000.0,7121100.0,10292000.0,0.4483,-0.0578,0.3201,0.4581,0.0,0.3296,-0.1793,-1.3273,-0.5319,0.453,-0.0005,0.3101,0.4509,-0.0495,0.3238,800
RocketTile_159,6.0,28.0,1024.0,32.0,2.0,8.0,4.0,0.0,64.0,1.0,20.0,1.0,30341.2824,30341.2824,30341.2824,30341.2824,30341.2824,16142000.0,7036500.0,9917600.0,16007000.0,6964900.0,9810200.0,559490000.0,370600000.0,458480000.0,559050000.0,370750000.0,458450000.0,16137000.0,7034700.0,9914700.0,0.3953,-0.061,0.2701,0.4399,-0.0001,0.311,-187.434,-373.6005,-227.6373,0.4278,-0.0002,0.3016,0.3966,-0.0524,0.2726,800
RocketTile_160,6.0,14.0,256.0,32.0,1.0,20.0,8.0,1.0,32.0,4.0,4.0,2.0,38779.2432,38779.2432,38779.2432,38779.2432,38779.2432,20666000.0,9297400.0,13054000.0,20370000.0,9203200.0,12887000.0,20988000.0,8606000.0,12412000.0,20446000.0,8644100.0,12365000.0,20665000.0,9296600.0,13052000.0,0.3917,-0.0623,0.2575,0.4226,-0.0,0.2922,-0.326,-1.5587,-0.6995,0.4065,-0.0001,0.2831,0.3951,-0.0549,0.2616,800
RocketTile_161,9.0,28.0,1024.0,32.0,4.0,4.0,4.0,1.0,64.0,1.0,32.0,1.0,41854.3978,41854.3978,41854.3978,41854.3978,41854.3978,23427000.0,10265000.0,14414000.0,23294000.0,10174000.0,14291000.0,566610000.0,373620000.0,462760000.0,566020000.0,373770000.0,462700000.0,23419000.0,10262000.0,14409000.0,0.3094,-0.0578,0.1952,0.3512,-0.0,0.2377,-187.2984,-373.5724,-227.7477,0.4117,-0.0007,0.2924,0.3131,-0.048,0.1994,800
RocketTile_162,6.0,14.0,1024.0,32.0,2.0,28.0,4.0,1.0,64.0,2.0,12.0,2.0,39683.628,39683.628,39683.628,39683.628,39683.628,21588000.0,9409600.0,13337000.0,21374000.0,9311400.0,13190000.0,564840000.0,372780000.0,461690000.0,564330000.0,372940000.0,461660000.0,21581000.0,9406800.0,13333000.0,0.4248,-0.0601,0.2949,0.448,-0.0,0.3101,-187.6456,-374.2774,-228.0616,0.4499,-0.0003,0.31,0.4274,-0.0559,0.2983,800
RocketTile_163,3.0,0.0,0.0,32.0,4.0,28.0,8.0,0.0,32.0,2.0,20.0,3.0,42214.8384,42214.8384,42214.8384,42214.8384,42214.8384,24419000.0,11176000.0,15660000.0,24258000.0,11116000.0,15562000.0,24564000.0,10605000.0,15106000.0,24189000.0,10644000.0,15096000.0,24412000.0,11174000.0,15656000.0,0.3483,-0.0742,0.2366,0.3856,-0.0,0.2643,-0.4789,-1.7084,-0.8541,0.3942,-0.0005,0.276,0.3515,-0.069,0.2401,800
RocketTile_164,12.0,28.0,256.0,32.0,2.0,12.0,4.0,1.0,32.0,1.0,16.0,3.0,33966.6739,33966.6739,33966.6739,33966.6739,33966.6739,19555000.0,8673800.0,12397000.0,19322000.0,8577500.0,12241000.0,20049000.0,7974400.0,11808000.0,19478000.0,8004100.0,11751000.0,19550000.0,8672100.0,12394000.0,0.4495,-0.0568,0.314,0.4475,-0.0,0.3121,-0.2505,-1.4912,-0.6116,0.4335,-0.0001,0.3102,0.4539,-0.0509,0.3178,800
RocketTile_165,12.0,14.0,0.0,32.0,1.0,16.0,4.0,1.0,64.0,1.0,8.0,3.0,29191.2595,29191.2595,29191.2595,29191.2595,29191.2595,15834000.0,6928200.0,9997100.0,15620000.0,6841500.0,9857700.0,16288000.0,6355700.0,9534100.0,15839000.0,6379200.0,9490800.0,15827000.0,6925000.0,9992300.0,0.422,-0.0498,0.2957,0.4543,-0.0001,0.3196,-0.2931,-1.5811,-0.6896,0.4479,-0.0001,0.3034,0.424,-0.0438,0.2984,800
RocketTile_166,3.0,42.0,128.0,64.0,2.0,20.0,8.0,0.0,32.0,1.0,4.0,2.0,33409.4328,33409.4328,33409.4328,33409.4328,33409.4328,16308000.0,6838800.0,9826300.0,16125000.0,6767500.0,9707700.0,16964000.0,6355200.0,9467400.0,16406000.0,6376100.0,9407100.0,16303000.0,6836400.0,9822600.0,0.4206,-0.0623,0.2923,0.4149,0.0,0.2915,-0.3727,-1.5695,-0.7424,0.4411,-0.0002,0.2982,0.4234,-0.0581,0.295,800
RocketTile_167,3.0,14.0,0.0,64.0,1.0,8.0,8.0,1.0,32.0,2.0,16.0,2.0,31700.1989,31700.1989,31700.1989,31700.1989,31700.1989,15796000.0,6797100.0,9731000.0,15575000.0,6713200.0,9590100.0,16212000.0,6241300.0,9243200.0,15712000.0,6266700.0,9191500.0,15789000.0,6793700.0,9726100.0,0.4375,-0.0516,0.3105,0.4592,0.0,0.3228,-0.1313,-1.2566,-0.4732,0.439,-0.001,0.2928,0.4407,-0.0456,0.3148,800
RocketTile_168,12.0,56.0,0.0,64.0,4.0,24.0,4.0,1.0,32.0,2.0,12.0,2.0,50883.8544,50883.8544,50883.8544,50883.8544,50883.8544,25365000.0,10743000.0,15282000.0,25177000.0,10661000.0,15152000.0,25728000.0,10044000.0,14664000.0,25252000.0,10100000.0,14648000.0,25357000.0,10741000.0,15277000.0,0.3631,-0.0559,0.2498,0.4287,-0.0,0.3012,-0.0818,-1.2625,-0.4151,0.4395,-0.0011,0.3016,0.3587,-0.0508,0.2471,800
RocketTile_169,12.0,14.0,512.0,32.0,4.0,28.0,8.0,1.0,32.0,1.0,28.0,2.0,41831.087,41831.087,41831.087,41831.087,41831.087,23781000.0,10659000.0,14996000.0,23582000.0,10559000.0,14845000.0,24297000.0,9884900.0,14325000.0,23813000.0,9921700.0,14291000.0,23775000.0,10657000.0,14992000.0,0.3508,-0.0719,0.2383,0.3869,-0.0001,0.2719,-0.2873,-1.5129,-0.6603,0.4167,-0.0001,0.2995,0.3549,-0.0676,0.2413,800
RocketTile_170,3.0,28.0,1024.0,32.0,4.0,12.0,8.0,0.0,32.0,1.0,4.0,2.0,39334.1861,39334.1861,39334.1861,39334.1861,39334.1861,23766000.0,10709000.0,15015000.0,23647000.0,10634000.0,14913000.0,566830000.0,374150000.0,463400000.0,566250000.0,374300000.0,463360000.0,23759000.0,10706000.0,15010000.0,0.3263,-0.055,0.2187,0.3776,-0.0001,0.2636,-187.3417,-373.6252,-227.6936,0.4176,-0.0125,0.2943,0.3259,-0.049,0.2215,800
RocketTile_171,6.0,14.0,0.0,32.0,4.0,4.0,8.0,0.0,64.0,1.0,32.0,3.0,40011.7838,40011.7838,40011.7838,40011.7838,40011.7838,22674000.0,10243000.0,14434000.0,22538000.0,10179000.0,14339000.0,22999000.0,9698700.0,13960000.0,22567000.0,9734400.0,13937000.0,22668000.0,10241000.0,14431000.0,0.3826,-0.0566,0.2625,0.3911,0.0,0.2682,-0.3015,-1.6002,-0.6877,0.428,-0.0004,0.2999,0.3865,-0.0501,0.2671,800
RocketTile_172,12.0,56.0,256.0,32.0,4.0,20.0,4.0,0.0,32.0,4.0,20.0,3.0,51945.012,51945.012,51945.012,51945.012,51945.012,29597000.0,13686000.0,18985000.0,29425000.0,13603000.0,18861000.0,29975000.0,12960000.0,18373000.0,29497000.0,13014000.0,18362000.0,29588000.0,13682000.0,18980000.0,0.3125,-0.0687,0.2015,0.3333,-0.0001,0.2202,-0.4683,-1.9289,-0.8923,0.4235,-0.0014,0.2999,0.3145,-0.0608,0.2046,800
RocketTile_173,9.0,42.0,256.0,32.0,1.0,24.0,8.0,1.0,32.0,1.0,32.0,2.0,28574.3462,28574.3462,28574.3462,28574.3462,28574.3462,15034000.0,6454400.0,9274800.0,14776000.0,6347300.0,9102500.0,15739000.0,5818100.0,8803500.0,15089000.0,5837100.0,8721600.0,15025000.0,6449900.0,9268600.0,0.4444,-0.0639,0.3098,0.4536,0.0,0.3215,-0.3339,-1.6061,-0.7159,0.4584,-0.0003,0.315,0.4473,-0.057,0.3146,800
RocketTile_174,0.0,42.0,0.0,64.0,2.0,24.0,4.0,0.0,64.0,4.0,16.0,1.0,47030.6362,47030.6362,47030.6362,47030.6362,47030.6362,20121000.0,8368200.0,11773000.0,19963000.0,8305600.0,11673000.0,20423000.0,7873800.0,11343000.0,20018000.0,7899800.0,11314000.0,20114000.0,8365900.0,11769000.0,0.3828,-0.0516,0.2634,0.4173,0.0,0.286,-0.2767,-1.4957,-0.6482,0.4289,-0.0043,0.2963,0.3854,-0.0455,0.2666,800
RocketTile_175,3.0,56.0,512.0,64.0,4.0,20.0,8.0,0.0,32.0,4.0,32.0,2.0,57803.9371,57803.9371,57803.9371,57803.9371,57803.9371,29804000.0,13020000.0,18221000.0,29647000.0,12938000.0,18104000.0,30143000.0,12283000.0,17575000.0,29581000.0,12318000.0,17527000.0,29792000.0,13015000.0,18214000.0,0.331,-0.0522,0.2198,0.3914,-0.0,0.2727,-0.2956,-1.486,-0.6461,0.4141,-0.0016,0.2915,0.3328,-0.045,0.2221,800
RocketTile_176,9.0,0.0,512.0,32.0,1.0,20.0,8.0,0.0,64.0,4.0,16.0,1.0,39058.5888,39058.5888,39058.5888,39058.5888,39058.5888,16868000.0,7236900.0,10104000.0,16742000.0,7180600.0,10018000.0,17185000.0,6776100.0,9710700.0,16767000.0,6777600.0,9654800.0,16864000.0,7235200.0,10101000.0,0.3621,-0.0581,0.2438,0.3981,0.0,0.2655,-0.1974,-1.3983,-0.5523,0.428,-0.0005,0.293,0.3642,-0.0528,0.2467,800
RocketTile_177,12.0,56.0,512.0,32.0,1.0,8.0,8.0,0.0,64.0,2.0,4.0,3.0,34160.4648,34160.4648,34160.4648,34160.4648,34160.4648,18444000.0,8054700.0,11476000.0,18315000.0,7972400.0,11361000.0,18955000.0,7512800.0,11048000.0,18367000.0,7527600.0,10981000.0,18436000.0,8051200.0,11471000.0,0.4301,-0.0612,0.2924,0.4545,0.0,0.3171,-0.4338,-1.7825,-0.8356,0.4414,-0.0007,0.2969,0.4315,-0.0554,0.2949,800
RocketTile_178,0.0,42.0,1024.0,64.0,1.0,16.0,8.0,0.0,32.0,2.0,24.0,1.0,27712.7525,27712.7525,27712.7525,27712.7525,27712.7525,12622000.0,5373700.0,7581500.0,12468000.0,5310500.0,7481900.0,13000000.0,4936000.0,7221900.0,12558000.0,4957900.0,7183900.0,12620000.0,5373200.0,7580600.0,0.4537,-0.0533,0.3146,0.4614,-0.0,0.3209,-0.2099,-1.3522,-0.5652,0.4335,-0.0004,0.2887,0.4567,-0.0447,0.3198,800
RocketTile_179,6.0,28.0,1024.0,64.0,2.0,8.0,4.0,0.0,32.0,1.0,8.0,1.0,32431.86,32431.86,32431.86,32431.86,32431.86,17021000.0,7010700.0,10023000.0,16891000.0,6937100.0,9919300.0,559980000.0,370570000.0,458510000.0,559470000.0,370710000.0,458470000.0,17014000.0,7008600.0,10020000.0,0.3892,-0.0581,0.2744,0.4228,-0.0001,0.2963,-187.5013,-373.5925,-227.6902,0.4463,-0.0008,0.3026,0.3911,-0.048,0.2768,800
RocketTile_180,3.0,42.0,512.0,32.0,1.0,28.0,8.0,0.0,64.0,2.0,16.0,2.0,32243.0486,32243.0486,32243.0486,32243.0486,32243.0486,16376000.0,7019800.0,9992100.0,16262000.0,6942600.0,9885000.0,16848000.0,6566200.0,9620400.0,16263000.0,6556600.0,9527100.0,16369000.0,7016500.0,9987500.0,0.4423,-0.0662,0.3025,0.4498,0.0,0.3123,-0.2115,-1.4634,-0.5819,0.4395,-0.0001,0.2955,0.4454,-0.0619,0.3065,800
RocketTile_181,0.0,14.0,1024.0,64.0,4.0,12.0,8.0,1.0,32.0,2.0,12.0,3.0,52210.6502,52210.6502,52210.6502,52210.6502,52210.6502,27354000.0,11837000.0,16812000.0,27187000.0,11752000.0,16686000.0,27665000.0,11078000.0,16148000.0,27225000.0,11148000.0,16157000.0,27344000.0,11833000.0,16806000.0,0.3391,-0.0637,0.2224,0.4369,-0.0,0.3077,-0.1294,-1.2639,-0.444,0.4214,-0.001,0.3022,0.3366,-0.0577,0.2187,800
RocketTile_182,6.0,0.0,256.0,32.0,2.0,4.0,8.0,1.0,32.0,2.0,4.0,2.0,34333.681,34333.681,34333.681,34333.681,34333.681,18097000.0,8005000.0,11334000.0,17917000.0,7926300.0,11208000.0,18479000.0,7421700.0,10816000.0,17993000.0,7470800.0,10788000.0,18092000.0,8003000.0,11331000.0,0.412,-0.0529,0.2952,0.4599,-0.0,0.3279,-0.1482,-1.2739,-0.4893,0.4331,-0.0001,0.3112,0.4144,-0.0445,0.2989,800
RocketTile_183,6.0,28.0,512.0,64.0,4.0,32.0,8.0,1.0,64.0,4.0,28.0,3.0,67665.2746,67665.2746,67665.2746,67665.2746,67665.2746,34615000.0,14518000.0,20746000.0,34395000.0,14404000.0,20573000.0,34362000.0,13644000.0,19810000.0,33897000.0,13701000.0,19799000.0,34605000.0,14514000.0,20740000.0,0.348,-0.0602,0.233,0.3662,-0.0,0.2429,-0.3973,-1.7247,-0.7921,0.4234,-0.0011,0.2889,0.3516,-0.0524,0.2386,800
RocketTile_184,9.0,0.0,1024.0,64.0,2.0,28.0,8.0,0.0,64.0,1.0,24.0,2.0,33088.883,33088.883,33088.883,33088.883,33088.883,15601000.0,6483300.0,9326500.0,15462000.0,6423900.0,9233000.0,16123000.0,6036900.0,8977500.0,15578000.0,6055000.0,8919300.0,15597000.0,6481700.0,9323800.0,0.4159,-0.0541,0.2995,0.4444,0.0,0.3143,-0.1706,-1.3141,-0.5228,0.4351,-0.0001,0.2971,0.4173,-0.0511,0.3011,800
RocketTile_185,6.0,14.0,512.0,32.0,2.0,8.0,8.0,0.0,32.0,2.0,8.0,2.0,33259.3632,33259.3632,33259.3632,33259.3632,33259.3632,18320000.0,8175200.0,11487000.0,18169000.0,8106400.0,11383000.0,18691000.0,7688600.0,11066000.0,18230000.0,7710400.0,11025000.0,18314000.0,8173100.0,11484000.0,0.3973,-0.0499,0.2785,0.4197,0.0,0.291,-0.1444,-1.3101,-0.5074,0.4342,-0.0005,0.2899,0.3985,-0.0448,0.2819,800
RocketTile_186,12.0,42.0,256.0,64.0,4.0,20.0,8.0,1.0,32.0,2.0,28.0,3.0,54451.0512,54451.0512,54451.0512,54451.0512,54451.0512,29046000.0,12380000.0,17713000.0,28794000.0,12268000.0,17537000.0,29213000.0,11550000.0,16908000.0,28773000.0,11611000.0,16907000.0,29035000.0,12376000.0,17706000.0,0.2625,-0.064,0.1553,0.3477,-0.0,0.237,-0.4325,-1.6804,-0.812,0.3826,-0.0002,0.2776,0.2652,-0.0519,0.1578,800
RocketTile_187,3.0,56.0,256.0,32.0,4.0,8.0,8.0,1.0,64.0,2.0,20.0,2.0,48587.8306,48587.8306,48587.8306,48587.8306,48587.8306,25791000.0,11292000.0,15932000.0,25549000.0,11187000.0,15768000.0,26187000.0,10562000.0,15291000.0,25695000.0,10592000.0,15246000.0,25782000.0,11289000.0,15926000.0,0.3495,-0.0538,0.228,0.3993,-0.0,0.271,-0.4256,-1.7098,-0.8196,0.4156,-0.0035,0.294,0.3515,-0.0453,0.2325,800
RocketTile_188,9.0,28.0,128.0,32.0,1.0,4.0,8.0,0.0,32.0,1.0,28.0,2.0,25054.92,25054.92,25054.92,25054.92,25054.92,13029000.0,5677800.0,8113400.0,12861000.0,5604400.0,7999200.0,13578000.0,5172400.0,7728800.0,13005000.0,5197300.0,7666500.0,13023000.0,5675300.0,8109700.0,0.4386,-0.0516,0.3008,0.45,0.0,0.3135,-0.2575,-1.495,-0.6321,0.4373,0.0,0.2934,0.4412,-0.0485,0.3035,800
RocketTile_189,3.0,42.0,256.0,64.0,2.0,24.0,4.0,0.0,32.0,2.0,16.0,3.0,38505.6158,38505.6158,38505.6158,38505.6158,38505.6158,20495000.0,8871600.0,12674000.0,20291000.0,8794000.0,12546000.0,20909000.0,8339700.0,12206000.0,20393000.0,8367000.0,12160000.0,20490000.0,8869600.0,12671000.0,0.4432,-0.0616,0.3064,0.4588,0.0,0.3191,-0.3102,-1.5269,-0.672,0.4278,-0.0022,0.2882,0.4457,-0.0534,0.3094,800
RocketTile_190,3.0,0.0,0.0,32.0,2.0,8.0,8.0,1.0,32.0,2.0,28.0,3.0,35933.94,35933.94,35933.94,35933.94,35933.94,20118000.0,9105700.0,12883000.0,19917000.0,9026000.0,12752000.0,20468000.0,8458700.0,12322000.0,20119000.0,8516300.0,12330000.0,20113000.0,9103600.0,12880000.0,0.4415,-0.0511,0.3061,0.4581,0.0,0.3167,-0.2329,-1.4216,-0.5925,0.4451,0.0,0.3032,0.4447,-0.0446,0.3096,800
RocketTile_191,3.0,42.0,512.0,64.0,1.0,8.0,8.0,0.0,32.0,1.0,8.0,2.0,27439.7544,27439.7544,27439.7544,27439.7544,27439.7544,14309000.0,6107000.0,8754400.0,14142000.0,6027500.0,8634900.0,14946000.0,5623000.0,8388600.0,14292000.0,5620300.0,8292000.0,14302000.0,6104000.0,8750200.0,0.4105,-0.0533,0.3024,0.4608,-0.0,0.3238,-0.3483,-1.6052,-0.7347,0.441,-0.0001,0.3058,0.4107,-0.0496,0.303,800
RocketTile_192,6.0,0.0,256.0,32.0,4.0,28.0,4.0,0.0,64.0,2.0,12.0,3.0,44998.4995,44998.4995,44998.4995,44998.4995,44998.4995,24674000.0,11116000.0,15606000.0,24546000.0,11053000.0,15512000.0,24973000.0,10552000.0,15105000.0,24522000.0,10601000.0,15092000.0,24665000.0,11112000.0,15600000.0,0.4039,-0.055,0.2827,0.3981,0.0,0.2771,-0.311,-1.4474,-0.6654,0.4191,-0.0003,0.298,0.41,-0.0453,0.2885,800
RocketTile_193,9.0,0.0,0.0,32.0,4.0,4.0,8.0,0.0,32.0,1.0,28.0,3.0,38527.9963,38527.9963,38527.9963,38527.9963,38527.9963,22363000.0,10170000.0,14331000.0,22192000.0,10113000.0,14232000.0,22718000.0,9675200.0,13892000.0,22258000.0,9705400.0,13860000.0,22357000.0,10168000.0,14328000.0,0.3838,-0.0635,0.2652,0.428,-0.0,0.2985,-0.1598,-1.3026,-0.4978,0.435,-0.0009,0.2929,0.3862,-0.0571,0.2672,800
RocketTile_194,9.0,28.0,1024.0,32.0,2.0,16.0,8.0,1.0,64.0,4.0,32.0,2.0,50201.3045,50201.3045,50201.3045,50201.3045,50201.3045,25928000.0,11313000.0,15952000.0,25674000.0,11203000.0,15783000.0,569020000.0,374620000.0,464200000.0,568580000.0,374790000.0,464190000.0,25920000.0,11310000.0,15948000.0,0.3502,-0.0554,0.2608,0.4095,0.0,0.2763,-187.4913,-374.0087,-227.9314,0.4199,-0.0004,0.2916,0.3503,-0.049,0.2612,800
RocketTile_195,9.0,0.0,512.0,64.0,1.0,20.0,8.0,1.0,32.0,2.0,20.0,1.0,30400.8725,30400.8725,30400.8725,30400.8725,30400.8725,13919000.0,5802200.0,8291600.0,13698000.0,5715400.0,8149600.0,14431000.0,5290000.0,7873000.0,13865000.0,5293600.0,7786300.0,13914000.0,5799600.0,8287800.0,0.4202,-0.056,0.2959,0.4584,-0.0,0.3181,-0.2077,-1.4229,-0.5774,0.448,-0.0001,0.3123,0.4217,-0.0481,0.2975,800
RocketTile_196,9.0,0.0,1024.0,32.0,2.0,32.0,8.0,1.0,64.0,1.0,24.0,3.0,34291.4371,34291.4371,34291.4371,34291.4371,34291.4371,18784000.0,8179000.0,11788000.0,18544000.0,8090400.0,11640000.0,19083000.0,7554300.0,11216000.0,18677000.0,7610800.0,11211000.0,18778000.0,8176600.0,11784000.0,0.3547,-0.0614,0.2431,0.4269,-0.0,0.3031,-0.2662,-1.5179,-0.6531,0.4468,0.0,0.3117,0.3554,-0.0566,0.2445,800
RocketTile_197,0.0,42.0,1024.0,64.0,2.0,20.0,4.0,0.0,32.0,2.0,12.0,3.0,36647.1605,36647.1605,36647.1605,36647.1605,36647.1605,19090000.0,8353000.0,11872000.0,18940000.0,8293500.0,11778000.0,19516000.0,7873300.0,11482000.0,19043000.0,7899500.0,11444000.0,19084000.0,8350500.0,11868000.0,0.4231,-0.0599,0.2808,0.4616,-0.0001,0.3192,-0.2332,-1.3542,-0.5797,0.4432,-0.0001,0.2943,0.425,-0.054,0.2856,800
RocketTile_198,3.0,56.0,1024.0,64.0,1.0,24.0,4.0,1.0,32.0,4.0,16.0,3.0,43815.0701,43815.0701,43815.0701,43815.0701,43815.0701,25634000.0,11368000.0,16065000.0,25426000.0,11255000.0,15897000.0,568530000.0,374690000.0,464340000.0,568010000.0,374850000.0,464310000.0,25625000.0,11363000.0,16057000.0,0.3934,-0.064,0.2696,0.4511,0.0,0.318,-187.5837,-374.0757,-227.9462,0.4386,-0.0015,0.2976,0.3946,-0.0613,0.2715,800
RocketTile_199,12.0,28.0,256.0,32.0,4.0,8.0,4.0,0.0,64.0,4.0,24.0,3.0,56907.2952,56907.2952,56907.2952,56907.2952,56907.2952,30128000.0,13452000.0,18821000.0,29943000.0,13376000.0,18701000.0,30416000.0,12785000.0,18231000.0,29891000.0,12839000.0,18210000.0,30117000.0,13448000.0,18814000.0,0.3401,-0.0584,0.226,0.3852,-0.0,0.2596,-0.2788,-1.4248,-0.6178,0.4038,-0.0007,0.281,0.3425,-0.0508,0.2322,800
