Design,Frequency,chipfinish_Cell_Area,chipfinish_Fast_Power,chipfinish_Fast_WNS,chipfinish_Slow_Power,chipfinish_Slow_WNS,chipfinish_Typical_Power,chipfinish_Typical_WNS,cts_Cell_Area,cts_Fast_Power,cts_Fast_WNS,cts_Slow_Power,cts_Slow_WNS,cts_Typical_Power,cts_Typical_WNS,floorplan_Cell_Area,floorplan_Fast_Power,floorplan_Fast_WNS,floorplan_Slow_Power,floorplan_Slow_WNS,floorplan_Typical_Power,floorplan_Typical_WNS,placement_Cell_Area,placement_Fast_Power,placement_Fast_WNS,placement_Slow_Power,placement_Slow_WNS,placement_Typical_Power,placement_Typical_WNS,route_Cell_Area,route_Fast_Power,route_Fast_WNS,route_Slow_Power,route_Slow_WNS,route_Typical_Power,route_Typical_WNS,xlen,decoders,lanes,decoder-at,dispatcher-at,relaxed-branch,relaxed-shift,relaxed-btb,with-mul,with-div,with-rvc,with-aligner-buffer,with-dispatcher-buffer,with-gshare,with-btb,with-ras,with-late-alu,btb-sets,btb-hash-width,regfile-async,allow-bypass-from,fetch-l1,lsu-l1,fetch-l1-sets,fetch-l1-ways,fetch-l1-mem-data-width-min,fetch-reduced-bank,lsu-l1-sets,lsu-l1-ways,lsu-l1-store-buffer-slots,lsu-l1-store-buffer-ops,lsu-l1-refill-count,lsu-l1-writeback-count,with-lsu-bypass,with-iterative-shift,div-radix,div-ipc
VexiiRiscv_0,800MHz,63768.1160,5.4264e+07,0.3500,1.7442e+07,-0.0821,2.9417e+07,0.2311,36864.7270,4.9932e+07,0.3913,1.5816e+07,-0.0001,2.6520e+07,0.2652,36169.1270,3.8043e+09,-181.6091,9.1808e+08,-332.2815,1.7018e+09,-212.6717,36395.5310,5.9094e+08,0.3901,3.7432e+08,-0.0005,4.6968e+08,0.2586,36916.0270,5.4251e+07,0.4102,1.7439e+07,-0.0168,2.9411e+07,0.2856,0,1,1,1,0,0,0,1,1,1,0,1,1,0,0,0,0,2,0,0,1,0,0,2,1,3,0,3,2,0,4,0,0,1,1,1,0
VexiiRiscv_0,400MHz,62826.1660,3.5378e+07,1.0131,8.5041e+06,-0.0751,1.6028e+07,0.7121,36073.2430,3.3015e+07,1.0159,7.6851e+06,0.0012,1.4479e+07,0.7331,35513.2800,1.9107e+09,-180.3535,4.5904e+08,-330.1834,8.5210e+08,-209.7526,35773.6790,3.0178e+08,0.8910,1.8835e+08,0.0003,2.3567e+08,0.6080,36117.3610,3.5372e+07,1.1078,8.5022e+06,-0.0099,1.6024e+07,0.8156,0,1,1,1,0,0,0,1,1,1,0,1,1,0,0,0,0,2,0,0,1,0,0,2,1,3,0,3,2,0,4,0,0,1,1,1,0
VexiiRiscv_0,100MHz,62826.1660,1.8909e+07,6.5763,2.1378e+06,2.4092,5.4086e+06,5.6059,36077.1150,1.8283e+07,6.8225,1.9335e+06,2.9780,5.0140e+06,5.8713,35513.2800,4.9063e+08,-172.8535,1.1476e+08,-322.6834,2.1485e+08,-202.2526,35761.1750,8.5333e+07,6.9346,4.8900e+07,3.8130,6.0266e+07,6.0406,36089.6590,1.8904e+07,6.9429,2.1370e+06,2.9484,5.4065e+06,6.0054,0,1,1,1,0,0,0,1,1,1,0,1,1,0,0,0,0,2,0,0,1,0,0,2,1,3,0,3,2,0,4,0,0,1,1,1,0
VexiiRiscv_1,100MHz,16578.7370,4.1853e+06,7.9344,6.8739e+05,5.3751,1.3620e+06,7.3542,9642.1020,4.0950e+06,8.0489,6.5399e+05,5.6866,1.3001e+06,7.4581,9497.7370,7.3413e+07,8.9881,4.6001e+07,7.8753,5.7505e+07,8.6795,9518.4350,7.1811e+07,8.0003,4.7008e+07,6.0659,5.7273e+07,7.4397,9644.2630,4.1841e+06,8.1150,6.8715e+05,5.6273,1.3615e+06,7.5305,0,1,0,0,0,0,1,0,1,0,1,1,0,1,1,1,1,2,1,0,0,0,0,2,1,3,0,1,2,0,5,0,1,1,0,0,1
VexiiRiscv_1,800MHz,16655.3180,1.4238e+07,0.4531,5.6129e+06,-0.0477,8.3560e+06,0.3168,9735.5780,1.3666e+07,0.4709,5.3443e+06,0.0001,7.9163e+06,0.3258,9518.6950,5.5888e+08,0.4700,3.6800e+08,-0.1450,4.5613e+08,0.2774,9571.1580,5.5666e+08,0.4260,3.6850e+08,0.0002,4.5596e+08,0.2977,9777.6570,1.4235e+07,0.4985,5.6118e+06,-0.0166,8.3540e+06,0.3545,0,1,0,0,0,0,1,0,1,0,1,1,0,1,1,1,1,2,1,0,0,0,0,2,1,3,0,1,2,0,5,0,1,1,0,0,1
VexiiRiscv_1,400MHz,16578.7370,8.8088e+06,1.1896,2.7236e+06,-0.0745,4.3818e+06,0.8748,9636.7390,8.5000e+06,1.2003,2.5889e+06,0.0018,4.1487e+06,0.8765,9502.8400,2.8136e+08,1.4883,1.8400e+08,0.3755,2.2833e+08,1.1797,9529.1870,2.7944e+08,1.1216,1.8478e+08,0.0002,2.2810e+08,0.8119,9647.4920,8.8066e+06,1.2815,2.7230e+06,0.0263,4.3807e+06,0.9708,0,1,0,0,0,0,1,0,1,0,1,1,0,1,1,1,1,2,1,0,0,0,0,2,1,3,0,1,2,0,5,0,1,1,0,0,1
VexiiRiscv_10,800MHz,97402.9680,7.2720e+07,0.3837,2.3487e+07,-0.0647,3.9056e+07,0.2594,56458.5100,6.8514e+07,0.3993,2.1409e+07,-0.0000,3.5691e+07,0.2684,55072.8490,6.1891e+09,-181.5997,9.0524e+08,-331.4584,2.2474e+09,-211.0080,55645.3840,6.1079e+08,0.3835,3.7892e+08,0.0000,4.7831e+08,0.2558,56642.9300,7.2700e+07,0.4492,2.3482e+07,-0.0164,3.9046e+07,0.3287,0,0,0,1,0,0,1,0,1,0,0,1,1,1,1,1,0,0,1,1,1,0,0,5,1,3,1,3,3,2,0,1,1,1,0,1,0
VexiiRiscv_10,100MHz,97402.9680,2.5829e+07,6.8378,2.9189e+06,3.1440,7.1872e+06,5.9745,55818.4500,2.5236e+07,7.0885,2.6569e+06,3.6248,6.7367e+06,6.2141,55054.0930,7.9552e+08,-172.8722,1.1318e+08,-322.8586,2.8389e+08,-202.3930,55484.2340,9.2213e+07,7.0997,4.9809e+07,4.3938,6.1861e+07,6.3193,55926.0570,2.5821e+07,7.2547,2.9176e+06,3.7701,7.1841e+06,6.4068,0,0,0,1,0,0,1,0,1,0,0,1,1,1,1,1,0,0,1,1,1,0,0,5,1,3,1,3,3,2,0,1,1,1,0,1,0
VexiiRiscv_10,400MHz,97402.9680,4.6677e+07,1.0010,1.1694e+07,-0.0703,2.1253e+07,0.7200,55911.2690,4.4322e+07,1.0949,1.0643e+07,0.0008,1.9447e+07,0.7860,55054.0930,3.1030e+09,-180.3722,4.5269e+08,-330.3586,1.1245e+09,-209.8930,55502.3050,3.1453e+08,1.0303,1.9085e+08,-0.0004,2.4034e+08,0.7244,56056.8240,4.6664e+07,1.1507,1.1692e+07,0.0362,2.1247e+07,0.8600,0,0,0,1,0,0,1,0,1,0,0,1,1,1,1,1,0,0,1,1,1,0,0,5,1,3,1,3,3,2,0,1,1,1,0,1,0
VexiiRiscv_100,800MHz,11779.3010,1.2572e+07,0.4320,6.2884e+06,-0.0552,8.2968e+06,0.2990,7089.0300,1.2478e+07,0.4615,6.2309e+06,0.0001,8.2180e+06,0.3196,6801.8460,5.5509e+08,0.3033,3.6916e+08,-0.4040,4.5593e+08,0.0801,6879.9730,5.5505e+08,0.4438,3.6936e+08,-0.0005,4.5606e+08,0.3068,7151.2610,1.2569e+07,0.4861,6.2875e+06,-0.0232,8.2953e+06,0.3396,1,1,0,1,1,1,1,0,0,1,0,1,1,1,1,0,0,0,0,0,0,1,1,1,1,3,0,0,0,1,1,1,0,1,0,0,1
VexiiRiscv_100,100MHz,11264.7420,2.4175e+06,7.0954,7.7039e+05,3.2592,1.1203e+06,6.1569,6518.6980,2.4096e+06,7.0961,7.6365e+05,3.4610,1.1115e+06,6.1673,6505.0460,7.0880e+07,8.0239,4.6145e+07,5.8549,5.7172e+07,7.4181,6466.2900,7.0080e+07,7.0528,4.6887e+07,3.3166,5.7069e+07,6.1258,6541.8040,2.4168e+06,7.2129,7.7022e+05,3.4249,1.1199e+06,6.2858,1,1,0,1,1,1,1,0,0,1,0,1,1,1,1,0,0,0,0,0,0,1,1,1,1,3,0,0,0,1,1,1,0,1,0,0,1
VexiiRiscv_100,400MHz,11352.1570,6.5927e+06,1.1376,3.1032e+06,-0.0720,4.1400e+06,0.8017,6586.3180,6.5795e+06,1.1242,3.0751e+06,0.0002,4.1074e+06,0.7872,6552.6380,2.7839e+08,1.2180,1.8458e+08,-0.0984,2.2807e+08,0.8862,6514.2660,2.7763e+08,0.9694,1.8507e+08,0.0001,2.2799e+08,0.6562,6608.8900,6.5913e+06,1.2006,3.1028e+06,-0.0325,4.1392e+06,0.8595,1,1,0,1,1,1,1,0,0,1,0,1,1,1,1,0,0,0,0,0,0,1,1,1,1,3,0,0,0,1,1,1,0,1,0,0,1
VexiiRiscv_101,400MHz,14258.8560,6.7331e+06,1.0299,2.8015e+06,-0.0806,3.8662e+06,0.7134,8294.1840,6.7991e+06,1.0368,2.7729e+06,0.0001,3.8497e+06,0.7253,8168.6160,2.7849e+08,1.0350,1.8443e+08,-0.3764,2.2797e+08,0.6258,8170.6130,2.7791e+08,0.9265,1.8498e+08,0.0002,2.2797e+08,0.6186,8297.2620,6.7315e+06,1.0969,2.8010e+06,-0.0277,3.8652e+06,0.7760,1,1,1,1,1,1,0,0,0,1,0,0,1,1,1,0,1,1,0,0,0,0,1,0,2,2,0,3,1,1,3,0,0,1,1,0,1
VexiiRiscv_101,800MHz,14637.4900,1.2586e+07,0.4165,5.7159e+06,-0.0562,7.8027e+06,0.2845,8718.1410,1.2520e+07,0.4399,5.6437e+06,-0.0000,7.7131e+06,0.3004,8400.3540,5.5503e+08,0.3030,3.6886e+08,-0.4460,4.5571e+08,0.0738,8502.2570,5.5529e+08,0.4004,3.6913e+08,-0.0006,4.5595e+08,0.2821,8787.2380,1.2583e+07,0.4539,5.7150e+06,-0.0311,7.8011e+06,0.3183,1,1,1,1,1,1,0,0,0,1,0,0,1,1,1,0,1,1,0,0,0,0,1,0,2,2,0,3,1,1,3,0,0,1,1,0,1
VexiiRiscv_101,100MHz,14147.3090,2.7192e+06,6.3684,6.9472e+05,1.8457,1.0849e+06,5.2730,8187.3440,2.7151e+06,6.4126,6.8577e+05,2.1470,1.0751e+06,5.3187,8116.2080,7.1276e+07,7.8131,4.6108e+07,5.4657,5.7195e+07,7.1405,8102.1990,7.0321e+07,6.4817,4.6880e+07,2.6693,5.7076e+07,5.4420,8196.0850,2.7182e+06,6.5263,6.9454e+05,2.0457,1.0845e+06,5.4297,1,1,1,1,1,1,0,0,0,1,0,0,1,1,1,0,1,1,0,0,0,0,1,0,2,2,0,3,1,1,3,0,0,1,1,0,1
VexiiRiscv_102,800MHz,35933.9400,3.3304e+07,0.3912,1.2390e+07,-0.0622,1.9105e+07,0.2540,20902.7660,3.1310e+07,0.4112,1.1590e+07,-0.0001,1.7744e+07,0.2739,20385.8670,5.7615e+08,-180.5789,3.7161e+08,-329.8371,4.6355e+08,-210.6954,20595.4310,5.7240e+08,0.4202,3.7208e+08,-0.0003,4.6284e+08,0.2744,20971.1390,3.3297e+07,0.4268,1.2388e+07,-0.0238,1.9102e+07,0.2897,1,1,1,1,1,1,0,0,0,1,1,0,1,0,0,1,0,0,1,1,0,1,1,0,0,2,0,6,3,2,1,1,0,0,0,0,1
VexiiRiscv_102,400MHz,35403.6210,2.2954e+07,0.9055,6.1828e+06,-0.1165,1.1260e+07,0.6326,20542.9690,2.1444e+07,0.9812,5.7651e+06,0.0000,1.0347e+07,0.6840,20092.9240,2.9255e+08,-180.0813,1.8580e+08,-330.8319,2.3239e+08,-210.9888,20229.4640,2.8931e+08,0.8334,1.8680e+08,-0.0000,2.3180e+08,0.5425,20561.4100,2.2949e+07,1.0601,6.1818e+06,-0.0324,1.1258e+07,0.7607,1,1,1,1,1,1,0,0,0,1,1,0,1,0,0,1,0,0,1,1,0,1,1,0,0,2,0,6,3,2,1,1,0,0,0,0,1
VexiiRiscv_102,100MHz,35382.1710,1.0235e+07,5.8034,1.5398e+06,0.5662,3.2653e+06,4.5650,20289.3690,9.9702e+06,6.0531,1.4397e+06,1.1741,3.0860e+06,4.8351,20071.9120,8.0286e+07,-171.8279,4.6454e+07,-321.0856,5.9115e+07,-201.9434,20129.0670,7.7142e+07,6.2098,4.7869e+07,2.1898,5.8604e+07,5.0539,20290.0390,1.0233e+07,6.1987,1.5394e+06,1.1341,3.2642e+06,4.9724,1,1,1,1,1,1,0,0,0,1,1,0,1,0,0,1,0,0,1,1,0,1,1,0,0,2,0,6,3,2,1,1,0,0,0,0,1
VexiiRiscv_103,800MHz,237809.8370,2.2465e+08,0.1764,6.4660e+07,-0.0747,1.1755e+08,0.0782,137209.8530,2.0467e+08,0.3481,5.7396e+07,-0.0001,1.0426e+08,0.2320,133715.5290,2.0567e+10,-182.9898,8.2589e+08,-335.5447,5.5392e+09,-214.8942,135497.5270,7.3206e+08,0.3445,3.9781e+08,-0.0482,5.2599e+08,0.2131,137680.2670,2.2459e+08,0.4271,6.4646e+07,-0.0197,1.1753e+08,0.2998,0,0,1,0,1,0,1,1,0,0,0,1,0,0,0,0,0,4,0,0,1,1,0,3,1,3,0,6,2,1,0,0,0,0,1,1,1
VexiiRiscv_103,100MHz,237464.6910,8.2718e+07,6.6161,7.9995e+06,2.3534,2.3639e+07,5.6528,135278.1410,7.9175e+07,6.8020,7.0678e+06,2.8765,2.1537e+07,5.8320,133592.8070,2.6329e+09,-174.2078,1.0327e+08,-326.7501,7.0113e+08,-206.1086,134845.1420,1.4067e+08,6.6613,5.6596e+07,3.4273,7.2511e+07,5.7119,135401.7810,8.2699e+07,6.9367,7.9963e+06,2.8091,2.3631e+07,5.9650,0,0,1,0,1,0,1,1,0,0,0,1,0,0,0,0,0,4,0,0,1,1,0,3,1,3,0,6,2,1,0,0,0,0,1,1,1
VexiiRiscv_103,400MHz,237409.1500,1.3905e+08,0.8121,3.2018e+07,-0.0833,6.1753e+07,0.5723,135816.5860,1.2944e+08,0.9576,2.8401e+07,-0.0001,5.5244e+07,0.6794,133559.8240,1.0307e+10,-180.4271,4.1298e+08,-330.2760,2.7726e+09,-209.9564,134903.8290,3.9333e+08,0.8477,2.0277e+08,-0.0007,2.6669e+08,0.5816,136071.2120,1.3901e+08,1.0646,3.2010e+07,-0.0083,6.1736e+07,0.7609,0,0,1,0,1,0,1,1,0,0,0,1,0,0,0,0,0,4,0,0,1,1,0,3,1,3,0,6,2,1,0,0,0,0,1,1,1
VexiiRiscv_104,100MHz,14286.1060,3.4949e+06,6.8726,8.1199e+05,2.9552,1.3470e+06,5.9141,8274.9360,3.4495e+06,6.9447,7.9065e+05,3.2868,1.3130e+06,6.0020,8194.2380,7.1965e+07,8.1014,4.6143e+07,5.9446,5.7372e+07,7.5047,8164.9350,7.1081e+07,6.8961,4.7016e+07,3.6718,5.7263e+07,5.9785,8286.3180,3.4936e+06,7.0393,8.1167e+05,3.1844,1.3463e+06,6.0815,1,0,0,0,1,1,1,0,0,1,0,1,1,1,0,0,0,1,0,1,1,0,0,1,0,3,0,2,0,2,3,0,1,1,1,0,1
VexiiRiscv_104,400MHz,14299.7320,8.4445e+06,1.0392,3.2376e+06,-0.0808,4.7260e+06,0.7327,8287.7820,8.3164e+06,1.0190,3.1560e+06,-0.0000,4.6029e+06,0.7037,8223.2810,2.7980e+08,1.2288,1.8457e+08,-0.0185,2.2844e+08,0.9059,8209.9020,2.7920e+08,0.9702,1.8521e+08,0.0000,2.2844e+08,0.6560,8293.9930,8.4417e+06,1.1248,3.2366e+06,-0.0306,4.7245e+06,0.8060,1,0,0,0,1,1,1,0,0,1,0,1,1,1,0,0,0,1,0,1,1,0,0,1,0,3,0,2,0,2,3,0,1,1,1,0,1
VexiiRiscv_104,800MHz,14737.1080,1.4300e+07,0.4647,6.5575e+06,-0.0494,9.0793e+06,0.3148,8597.1270,1.3973e+07,0.4731,6.3987e+06,-0.0001,8.8298e+06,0.3253,8443.3230,5.5691e+08,0.4133,3.6915e+08,-0.2788,4.5653e+08,0.2004,8476.9620,5.5672e+08,0.4512,3.6947e+08,0.0000,4.5669e+08,0.3102,8637.4690,1.4295e+07,0.4916,6.5556e+06,-0.0267,9.0764e+06,0.3391,1,0,0,0,1,1,1,0,0,1,0,1,1,1,0,0,0,1,0,1,1,0,0,1,0,3,0,2,0,2,3,0,1,1,1,0,1
VexiiRiscv_105,400MHz,32939.5250,1.5583e+07,0.9843,5.7563e+06,-0.0860,8.4872e+06,0.6752,18959.9190,1.5220e+07,0.9544,5.5830e+06,0.0002,8.2055e+06,0.6512,18733.6520,2.8804e+08,1.2246,1.8626e+08,-0.0505,2.3151e+08,0.8981,18775.4030,2.8590e+08,0.8358,1.8703e+08,0.0002,2.3131e+08,0.5505,18978.4970,1.5579e+07,1.0858,5.7552e+06,-0.0320,8.4852e+06,0.7844,1,1,1,1,0,1,1,1,0,1,1,0,1,1,1,0,0,4,0,1,0,1,0,4,1,0,0,0,3,2,2,1,0,1,1,1,0
VexiiRiscv_105,800MHz,33451.1300,2.6250e+07,0.3898,1.1756e+07,-0.0690,1.6345e+07,0.2504,19523.1660,2.5493e+07,0.4238,1.1407e+07,-0.0001,1.5784e+07,0.2931,18999.4410,5.6916e+08,0.3810,3.7255e+08,-0.3033,4.6211e+08,0.1695,19146.6100,5.6825e+08,0.4046,3.7304e+08,-0.0005,4.6228e+08,0.2674,19581.3200,2.6245e+07,0.4516,1.1754e+07,-0.0273,1.6342e+07,0.3025,1,1,1,1,0,1,1,1,0,1,1,0,1,1,1,0,0,4,0,1,0,1,0,4,1,0,0,0,3,2,2,1,0,1,1,1,0
VexiiRiscv_105,100MHz,32769.8650,7.0873e+06,6.3969,1.4341e+06,1.7333,2.5178e+06,5.2765,18847.2780,6.9978e+06,6.5321,1.3884e+06,2.2345,2.4450e+06,5.4511,18646.1820,7.7298e+07,8.0429,4.6571e+07,5.8429,5.8601e+07,7.4285,18651.7500,7.4375e+07,6.7368,4.7561e+07,3.2164,5.8172e+07,5.7157,18864.4870,7.0850e+06,6.6852,1.4337e+06,2.2569,2.5168e+06,5.6135,1,1,1,1,0,1,1,1,0,1,1,0,1,1,1,0,0,4,0,1,0,1,0,4,1,0,0,0,3,2,2,1,0,1,1,1,0
VexiiRiscv_106,800MHz,20173.5130,1.7794e+07,0.4922,8.3188e+06,-0.0619,1.1327e+07,0.3433,11773.0220,1.7605e+07,0.5033,8.1758e+06,-0.0000,1.1124e+07,0.3502,11498.0950,5.6024e+08,0.3250,3.7055e+08,-0.4026,4.5830e+08,0.0973,11565.9480,5.5988e+08,0.4652,3.7098e+08,-0.0001,4.5858e+08,0.3233,11807.0170,1.7790e+07,0.5249,8.3174e+06,-0.0278,1.1325e+07,0.3682,1,0,1,0,1,1,1,0,1,0,1,0,0,1,0,0,0,2,1,1,0,0,0,0,2,2,0,1,0,2,6,0,0,1,1,0,0
VexiiRiscv_106,100MHz,19940.6790,4.1216e+06,6.2169,1.0035e+06,1.4842,1.6020e+06,5.0516,11535.5910,4.0969e+06,6.2773,9.8435e+05,1.8410,1.5759e+06,5.1340,11394.3040,7.3014e+07,7.8100,4.6320e+07,5.4694,5.7668e+07,7.1383,11400.6520,7.1630e+07,6.2383,4.7140e+07,2.2762,5.7484e+07,5.1540,11564.6610,4.1202e+06,6.4344,1.0032e+06,1.7783,1.6014e+06,5.2746,1,0,1,0,1,1,1,0,1,0,1,0,0,1,0,0,0,2,1,1,0,0,0,0,2,2,0,1,0,2,6,0,0,1,1,0,0
VexiiRiscv_106,400MHz,20073.0740,1.0193e+07,1.1202,4.0290e+06,-0.0854,5.7409e+06,0.7889,11919.1920,1.0151e+07,1.0968,3.9601e+06,0.0005,5.6510e+06,0.7672,11451.7880,2.8191e+08,1.0382,1.8528e+08,-0.2303,2.2939e+08,0.6672,11457.4100,2.8072e+08,0.9716,1.8588e+08,0.0000,2.2931e+08,0.6504,11920.0400,1.0190e+07,1.1804,4.0283e+06,-0.0339,5.7395e+06,0.8435,1,0,1,0,1,1,1,0,1,0,1,0,0,1,0,0,0,2,1,1,0,0,0,0,2,2,0,1,0,2,6,0,0,1,1,0,0
VexiiRiscv_107,100MHz,30504.5400,9.1996e+06,7.5830,1.0088e+06,4.6362,2.6751e+06,6.9285,17548.6500,8.8410e+06,7.7040,9.0800e+05,4.9278,2.4623e+06,7.0443,17355.1050,7.8601e+07,-173.3023,4.6038e+07,-326.2440,5.8478e+07,-204.9448,17453.7100,7.6053e+07,7.7550,4.7514e+07,5.6368,5.8055e+07,7.1577,17554.6690,9.1974e+06,7.7936,1.0084e+06,4.9467,2.6740e+06,7.1420,0,1,0,0,1,0,1,0,0,1,0,1,1,0,1,0,1,1,1,0,0,1,1,1,0,3,1,0,1,1,6,0,0,1,0,0,0
VexiiRiscv_107,800MHz,30688.2070,2.5454e+07,0.4080,8.1886e+06,-0.0534,1.3759e+07,0.2741,17909.3220,2.3312e+07,0.4161,7.3932e+06,-0.0000,1.2348e+07,0.2775,17457.5130,5.6878e+08,-182.0506,3.6829e+08,-334.9758,4.5924e+08,-213.6881,17681.8920,5.6518e+08,0.4129,3.6877e+08,-0.0018,4.5850e+08,0.2833,17937.0380,2.5449e+07,0.4679,8.1869e+06,-0.0173,1.3756e+07,0.3263,0,1,0,0,1,0,1,0,0,1,0,1,1,0,1,0,1,1,1,0,0,1,1,1,0,3,1,0,1,1,6,0,0,1,0,0,0
VexiiRiscv_107,400MHz,30504.5400,1.7203e+07,1.1970,3.9965e+06,-0.0670,7.8310e+06,0.8874,17540.9620,1.5873e+07,1.2072,3.5928e+06,0.0015,7.0048e+06,0.8812,17351.8360,2.8869e+08,-180.8034,1.8414e+08,-333.7479,2.3023e+08,-212.4461,17465.4620,2.8538e+08,1.0552,1.8519e+08,0.0001,2.2962e+08,0.7624,17544.7370,1.7199e+07,1.2605,3.9958e+06,-0.0057,7.8293e+06,0.9281,0,1,0,0,1,0,1,0,0,1,0,1,1,0,1,0,1,1,1,0,0,1,1,1,0,3,1,0,1,1,6,0,0,1,0,0,0
VexiiRiscv_108,100MHz,127570.0490,4.4082e+07,6.7658,4.4422e+06,2.7247,1.2475e+07,5.8000,72815.8770,4.2415e+07,6.8472,3.9338e+06,3.0478,1.1431e+07,5.9080,72032.4640,5.4050e+09,-765.4127,8.4027e+07,-1430.4658,1.3291e+09,-903.8105,72513.2480,1.0760e+08,6.9896,5.1995e+07,3.9380,6.5153e+07,6.1146,72880.2960,4.4072e+07,7.0313,4.4404e+06,3.1429,1.2471e+07,6.0925,0,0,1,0,1,1,1,0,0,0,0,0,1,0,0,0,1,0,1,0,1,1,0,1,1,0,1,5,2,2,2,0,1,0,1,0,0
VexiiRiscv_108,800MHz,127863.8140,1.2176e+08,0.3576,3.6160e+07,-0.0645,6.4160e+07,0.2371,73792.2180,1.1145e+08,0.4077,3.2180e+07,-0.0000,5.7117e+07,0.2803,72174.4490,4.2959e+10,-774.1669,6.7211e+08,-1439.0062,1.0593e+10,-912.8515,72964.9070,6.4704e+08,0.3912,3.8310e+08,-0.0048,4.9178e+08,0.2572,74012.7670,1.2173e+08,0.4347,3.6152e+07,-0.0268,6.4145e+07,0.3134,0,0,1,0,1,1,1,0,0,0,0,0,1,0,0,0,1,0,1,0,1,1,0,1,1,0,1,5,2,2,2,0,1,0,1,0,0
VexiiRiscv_108,400MHz,127570.0490,8.0718e+07,0.9717,1.7764e+07,-0.0725,3.6031e+07,0.6805,72951.5270,7.4554e+07,0.9859,1.5749e+07,0.0000,3.2075e+07,0.6986,72034.8170,2.1499e+10,-772.9154,3.3606e+08,-1437.8043,5.2990e+09,-911.6003,72543.1930,3.3844e+08,0.9360,1.9389e+08,-0.0004,2.4794e+08,0.6439,73040.5840,8.0696e+07,1.0668,1.7759e+07,-0.0077,3.6021e+07,0.7696,0,0,1,0,1,1,1,0,0,0,0,0,1,0,0,0,1,0,1,0,1,1,0,1,1,0,1,5,2,2,2,0,1,0,1,0,0
VexiiRiscv_109,100MHz,53988.6120,1.0388e+07,5.6443,1.5571e+06,0.1061,3.1478e+06,4.3316,30932.7090,1.0197e+07,5.8656,1.4790e+06,0.6228,3.0135e+06,4.5601,30585.9900,8.1978e+07,-839.0219,4.6556e+07,-1774.3025,5.9329e+07,-1024.6228,30708.8910,7.7434e+07,5.7823,4.7794e+07,1.2393,5.8616e+07,4.5181,30954.3920,1.0385e+07,6.1044,1.5564e+06,0.7695,3.1461e+06,4.8275,1,0,1,1,1,1,1,1,0,0,1,0,0,0,1,1,0,4,1,1,1,1,0,5,0,3,1,2,0,2,1,1,0,0,1,1,1
VexiiRiscv_109,400MHz,54179.7760,2.1578e+07,0.9058,6.2218e+06,-0.0904,1.0482e+07,0.6293,31148.5110,2.0611e+07,0.9317,5.9025e+06,-0.0000,9.8491e+06,0.6425,30673.5140,2.9437e+08,-846.5258,1.8621e+08,-1781.7932,2.3275e+08,-1032.2808,30888.7560,2.9011e+08,0.8331,1.8710e+08,-0.0001,2.3207e+08,0.5470,31192.7940,2.1572e+07,1.0400,6.2202e+06,-0.0409,1.0479e+07,0.7447,1,0,1,1,1,1,1,1,0,0,1,0,0,0,1,1,0,4,1,1,1,1,0,5,0,3,1,2,0,2,1,1,0,0,1,1,1
VexiiRiscv_109,800MHz,54643.0370,3.3049e+07,0.3869,1.2608e+07,-0.0792,1.8877e+07,0.2616,31851.8690,3.1420e+07,0.4126,1.1981e+07,0.0000,1.7786e+07,0.2837,30933.8050,5.7729e+08,-847.7615,3.7242e+08,-1783.0469,4.6395e+08,-1033.3728,31330.1420,5.7372e+08,0.4015,3.7286e+08,-0.0032,4.6338e+08,0.2790,31975.4000,3.3040e+07,0.4408,1.2605e+07,-0.0384,1.8871e+07,0.3110,1,0,1,1,1,1,1,1,0,0,1,0,0,0,1,1,0,4,1,1,1,1,0,5,0,3,1,2,0,2,1,1,0,0,1,1,1
VexiiRiscv_11,100MHz,22459.0580,5.2433e+06,7.1506,1.0895e+06,3.6734,1.8909e+06,6.3497,12969.5840,5.2109e+06,7.2574,1.0619e+06,4.0412,1.8516e+06,6.4739,12791.0730,7.4685e+07,8.6572,4.6351e+07,7.3009,5.8043e+07,8.2740,12839.0760,7.2552e+07,7.2782,4.7288e+07,4.6452,5.7718e+07,6.5403,12993.6740,5.2415e+06,7.3386,1.0892e+06,3.9647,1.8901e+06,6.5504,0,1,0,0,1,1,1,1,0,0,0,1,1,1,1,0,0,0,1,0,1,0,0,1,3,2,0,0,2,0,5,1,0,0,1,0,0
VexiiRiscv_11,400MHz,22459.0580,1.2439e+07,1.1105,4.3748e+06,-0.0867,6.6387e+06,0.8026,13039.1740,1.2185e+07,1.1048,4.2577e+06,0.0005,6.4270e+06,0.7846,12791.0730,2.8665e+08,1.1572,1.8540e+08,-0.1991,2.3062e+08,0.7740,12861.4300,2.8241e+08,1.0377,1.8623e+08,0.0006,2.2998e+08,0.7283,13053.9480,1.2434e+07,1.1766,4.3737e+06,-0.0186,6.6364e+06,0.8600,0,1,0,0,1,1,1,1,0,0,0,1,1,1,1,0,0,0,1,0,1,0,0,1,3,2,0,0,2,0,5,1,0,0,1,0,0
VexiiRiscv_11,800MHz,22847.3780,2.0451e+07,0.4273,8.9625e+06,-0.0675,1.2503e+07,0.2917,13629.3840,2.0246e+07,0.4391,8.7408e+06,0.0000,1.2209e+07,0.2979,12993.5370,5.6927e+08,0.3929,3.7080e+08,-0.2487,4.6073e+08,0.1822,13092.7310,5.6251e+08,0.4242,3.7150e+08,-0.0001,4.5973e+08,0.2898,13681.7100,2.0445e+07,0.4724,8.9606e+06,-0.0411,1.2499e+07,0.3323,0,1,0,0,1,1,1,1,0,0,0,1,1,1,1,0,0,0,1,0,1,0,0,1,3,2,0,0,2,0,5,1,0,0,1,0,0
VexiiRiscv_110,800MHz,104348.0580,4.6303e+07,0.3248,1.6323e+07,-0.0960,2.4704e+07,0.2083,60847.3410,4.6526e+07,0.3576,1.5567e+07,-0.0001,2.3875e+07,0.2369,58922.6060,5.8808e+08,0.3487,3.7433e+08,-0.3658,4.6750e+08,0.1209,59662.1330,5.8990e+08,0.3768,3.7701e+08,-0.0008,4.7032e+08,0.2398,61296.4690,4.6285e+07,0.4385,1.6318e+07,-0.0292,2.4695e+07,0.3103,0,1,1,1,1,1,0,0,1,0,1,0,1,1,0,0,0,3,1,0,1,0,0,6,1,1,0,0,1,0,4,0,1,0,0,1,1
VexiiRiscv_110,100MHz,104119.4650,1.5855e+07,6.2703,1.9675e+06,1.7597,4.2033e+06,5.2264,59770.1780,1.5668e+07,6.5178,1.8860e+06,2.2877,4.0629e+06,5.4847,58806.5310,9.1202e+07,8.6201,4.6799e+07,7.2069,6.0775e+07,8.2169,59226.4390,8.3164e+07,6.4540,4.8304e+07,2.9913,5.9788e+07,5.4649,59836.6900,1.5847e+07,6.6840,1.9663e+06,2.3462,4.2002e+06,5.6768,0,1,1,1,1,1,0,0,1,0,1,0,1,1,0,0,0,3,1,0,1,0,0,6,1,1,0,0,1,0,4,0,1,0,0,1,1
VexiiRiscv_110,400MHz,104119.4650,2.8765e+07,0.8342,7.8903e+06,-0.0859,1.2778e+07,0.5780,59822.4760,2.8910e+07,0.9513,7.5164e+06,0.0005,1.2367e+07,0.6734,58806.5990,3.0375e+08,1.1201,1.8717e+08,-0.2931,2.3502e+08,0.7169,59315.0170,3.0004e+08,0.8418,1.8912e+08,0.0001,2.3561e+08,0.5789,60105.8570,2.8752e+07,1.0472,7.8877e+06,-0.0107,1.2773e+07,0.7778,0,1,1,1,1,1,0,0,1,0,1,0,1,1,0,0,0,3,1,0,1,0,0,6,1,1,0,0,1,0,4,0,1,0,0,1,1
VexiiRiscv_111,100MHz,51545.1180,1.4762e+07,7.4330,1.6971e+06,4.5218,4.2532e+06,6.7855,29638.5270,1.4294e+07,7.8922,1.5419e+06,5.3669,3.9518e+06,7.3123,29202.2720,8.5808e+07,-172.8635,4.6444e+07,-323.5601,6.0085e+07,-203.9416,29426.1450,8.1335e+07,7.9482,4.8313e+07,6.0623,5.9339e+07,7.4049,29646.2020,1.4758e+07,7.9807,1.6964e+06,5.3346,4.2515e+06,7.3863,0,1,1,1,1,0,0,1,0,1,0,0,1,0,1,1,1,3,1,1,1,0,0,1,0,2,1,4,0,2,2,1,1,0,0,0,1
VexiiRiscv_111,800MHz,51757.8430,4.2215e+07,0.3723,1.3786e+07,-0.0554,2.3079e+07,0.2456,30077.5190,3.8748e+07,0.3956,1.2547e+07,-0.0004,2.0820e+07,0.2626,29318.0870,5.8815e+08,-181.6135,3.7152e+08,-332.3058,4.6674e+08,-212.6895,29664.0950,5.8018e+08,0.4029,3.7231e+08,-0.0009,4.6520e+08,0.2751,30138.2720,4.2205e+07,0.4249,1.3783e+07,-0.0260,2.3073e+07,0.2949,0,1,1,1,1,0,0,1,0,1,0,0,1,0,1,1,1,3,1,1,1,0,0,1,0,2,1,4,0,2,2,1,1,0,0,0,1
VexiiRiscv_111,400MHz,51545.1180,2.5848e+07,1.1982,6.7793e+06,-0.0691,1.1996e+07,0.8825,29549.2650,2.4209e+07,1.2100,6.1651e+06,0.0001,1.0900e+07,0.9050,29203.5170,3.0110e+08,-180.8178,1.8576e+08,-333.7778,2.3437e+08,-212.4662,29432.7120,2.9473e+08,1.0453,1.8715e+08,-0.0001,2.3320e+08,0.7491,29565.0930,2.5842e+07,1.3234,6.7776e+06,-0.0177,1.1993e+07,0.9998,0,1,1,1,1,0,0,1,0,1,0,0,1,0,1,1,1,3,1,1,1,0,0,1,0,2,1,4,0,2,2,1,1,0,0,0,1
VexiiRiscv_112,400MHz,107542.9950,7.0857e+07,1.0627,1.5578e+07,-0.0772,3.2089e+07,0.7977,61668.8930,6.5272e+07,1.1664,1.3921e+07,-0.0001,2.8610e+07,0.8713,60714.2070,2.2971e+10,-773.1170,6.0875e+08,-1437.8444,5.8816e+09,-911.5250,61231.2560,3.2826e+08,1.0336,1.9279e+08,0.0001,2.4496e+08,0.7095,61791.6850,7.0840e+07,1.2448,1.5574e+07,-0.0261,3.2080e+07,0.9076,1,1,0,0,1,1,0,0,1,0,0,0,1,1,1,1,1,0,1,0,1,0,0,0,1,0,0,6,1,1,6,1,1,1,0,0,0
VexiiRiscv_112,800MHz,107737.8800,1.1233e+08,0.3398,3.1700e+07,-0.0517,5.9076e+07,0.2207,62243.5210,1.0231e+08,0.4034,2.8386e+07,-0.0000,5.2608e+07,0.2753,60786.2730,4.5908e+10,-774.3724,1.2175e+09,-1439.1909,1.1758e+10,-912.7612,61468.7270,6.3234e+08,0.3681,3.8168e+08,-0.0011,4.8669e+08,0.2382,62413.1530,1.1230e+08,0.4542,3.1694e+07,-0.0262,5.9063e+07,0.3161,1,1,0,0,1,1,0,0,1,0,0,0,1,1,1,1,1,0,1,0,1,0,0,0,1,0,0,6,1,1,6,1,1,1,0,0,0
VexiiRiscv_112,100MHz,107542.9950,3.8364e+07,6.9665,3.9517e+06,3.2462,1.1255e+07,6.0653,61585.4310,3.6715e+07,6.9313,3.5269e+06,3.4090,1.0282e+07,6.0311,60711.0060,5.7682e+09,-765.6214,1.5220e+08,-1430.3217,1.4740e+09,-904.0134,61221.8720,1.0122e+08,6.8663,5.1169e+07,3.6946,6.3868e+07,5.9742,61650.4800,3.8355e+07,7.0828,3.9502e+06,3.4043,1.1251e+07,6.1837,1,1,0,0,1,1,0,0,1,0,0,0,1,1,1,1,1,0,1,0,1,0,0,0,1,0,0,6,1,1,6,1,1,1,0,0,0
VexiiRiscv_113,100MHz,13925.5290,2.7322e+06,6.3664,7.6666e+05,1.6611,1.1560e+06,5.2218,8128.4510,2.7218e+06,6.4188,7.5782e+05,1.9819,1.1453e+06,5.2855,7986.8630,7.1545e+07,7.8612,4.6137e+07,5.5615,5.7269e+07,7.2139,7986.0150,7.0336e+07,6.3943,4.6902e+07,2.4791,5.7099e+07,5.3122,8152.0220,2.7313e+06,6.5676,7.6650e+05,1.9985,1.1557e+06,5.4688,1,1,0,0,1,0,1,1,1,1,1,0,1,1,0,0,0,2,1,1,0,0,1,0,1,2,1,0,0,0,4,1,0,1,1,0,0
VexiiRiscv_113,800MHz,14063.2310,1.2868e+07,0.4374,6.0933e+06,-0.0746,8.2078e+06,0.2953,8256.9880,1.2785e+07,0.4698,6.0240e+06,0.0000,8.1152e+06,0.3180,8075.4680,5.5584e+08,0.3736,3.6909e+08,-0.3251,4.5604e+08,0.1568,8115.1540,5.5501e+08,0.4525,3.6933e+08,-0.0018,4.5606e+08,0.3107,8292.1180,1.2866e+07,0.4913,6.0925e+06,-0.0239,8.2063e+06,0.3336,1,1,0,0,1,0,1,1,1,1,1,0,1,1,0,0,0,2,1,1,0,0,1,0,1,2,1,0,0,0,4,1,0,1,1,0,0
VexiiRiscv_113,400MHz,13965.9120,7.0985e+06,1.0386,3.0626e+06,-0.0784,4.2160e+06,0.7455,8092.3770,7.0870e+06,1.0975,3.0280e+06,0.0001,4.1787e+06,0.7748,8031.4050,2.7906e+08,1.1401,1.8455e+08,0.0660,2.2816e+08,0.7947,8036.1790,2.7794e+08,0.9511,1.8507e+08,0.0004,2.2805e+08,0.6425,8093.3620,7.0968e+06,1.1333,3.0621e+06,-0.0258,4.2151e+06,0.8161,1,1,0,0,1,0,1,1,1,1,1,0,1,1,0,0,0,2,1,1,0,0,1,0,1,2,1,0,0,0,4,1,0,1,1,0,0
VexiiRiscv_114,400MHz,31057.1850,1.2379e+07,0.9745,4.1987e+06,-0.1118,6.2964e+06,0.6787,18047.9700,1.2221e+07,0.9908,4.1156e+06,0.0005,6.1643e+06,0.6927,17678.5820,2.8429e+08,1.0273,1.8539e+08,-0.0767,2.2992e+08,0.6579,17791.2370,2.8295e+08,0.8802,1.8614e+08,0.0001,2.2994e+08,0.5946,18110.3370,1.2373e+07,1.0675,4.1973e+06,-0.0494,6.2937e+06,0.7596,1,0,0,1,1,1,1,1,0,1,0,0,1,1,0,1,0,1,0,1,1,0,1,2,3,1,0,6,1,0,4,1,0,0,0,1,0
VexiiRiscv_114,100MHz,30996.9370,5.5348e+06,6.1498,1.0281e+06,1.3879,1.8123e+06,5.0276,17790.3470,5.5383e+06,6.2169,1.0077e+06,1.6813,1.7900e+06,5.0988,17623.3140,7.5178e+07,7.8976,4.6348e+07,5.6025,5.8005e+07,7.2448,17675.2570,7.2985e+07,6.0710,4.7232e+07,2.1391,5.7712e+07,4.9766,17796.9820,5.5324e+06,6.3454,1.0276e+06,1.6434,1.8112e+06,5.2327,1,0,0,1,1,1,1,1,0,1,0,0,1,1,0,1,0,1,0,1,1,0,1,2,3,1,0,6,1,0,4,1,0,0,0,1,0
VexiiRiscv_114,800MHz,31513.5220,2.0632e+07,0.4306,8.7929e+06,-0.0484,1.2307e+07,0.2883,18418.7390,2.0440e+07,0.4238,8.6246e+06,0.0000,1.2088e+07,0.2847,17901.1970,5.6324e+08,0.3779,3.7077e+08,-0.3658,4.5916e+08,0.1581,18059.8570,5.6261e+08,0.4343,3.7131e+08,-0.0012,4.5949e+08,0.2900,18459.7240,2.0623e+07,0.4447,8.7904e+06,-0.0303,1.2303e+07,0.3011,1,0,0,1,1,1,1,1,0,1,0,0,1,1,0,1,0,1,0,1,1,0,1,2,3,1,0,6,1,0,4,1,0,0,0,1,0
VexiiRiscv_115,100MHz,14036.2000,3.2138e+06,7.9987,8.6467e+05,5.3926,1.3383e+06,7.3745,8159.4230,3.1999e+06,7.9360,8.5028e+05,5.5541,1.3198e+06,7.2988,8048.3140,7.1949e+07,8.3804,4.6210e+07,6.4622,5.7413e+07,7.8575,8019.2850,7.0757e+07,7.7750,4.7005e+07,5.6657,5.7248e+07,7.1247,8189.3410,3.2128e+06,8.0446,8.6447e+05,5.4738,1.3379e+06,7.4181,1,1,0,0,0,0,1,0,0,1,0,1,0,1,1,1,1,0,0,1,1,0,0,0,1,0,1,1,0,1,4,1,1,0,1,1,0
VexiiRiscv_115,800MHz,14651.2800,1.4614e+07,0.4805,6.9489e+06,-0.0453,9.4226e+06,0.3350,8537.7840,1.4454e+07,0.4948,6.8363e+06,0.0002,9.2636e+06,0.3475,8409.9850,5.5741e+08,0.4334,3.6967e+08,-0.2584,4.5694e+08,0.2221,8441.6960,5.5676e+08,0.4553,3.6991e+08,0.0000,4.5697e+08,0.3092,8567.3740,1.4611e+07,0.5188,6.9479e+06,-0.0240,9.4207e+06,0.3726,1,1,0,0,0,0,1,0,0,1,0,1,0,1,1,1,1,0,0,1,1,0,0,0,1,0,1,1,0,1,4,1,1,0,1,1,0
VexiiRiscv_115,400MHz,14147.3090,8.2406e+06,1.2474,3.4592e+06,-0.1016,4.8420e+06,0.9007,8152.0350,8.2086e+06,1.1985,3.4046e+06,0.0003,4.7726e+06,0.8385,8109.7370,2.8002e+08,1.2447,1.8484e+08,0.0215,2.2864e+08,0.8948,8090.5710,2.7891e+08,1.0629,1.8538e+08,-0.0003,2.2853e+08,0.7287,8164.9900,8.2385e+06,1.2712,3.4586e+06,-0.0498,4.8409e+06,0.9231,1,1,0,0,0,0,1,0,0,1,0,1,0,1,1,1,1,0,0,1,1,0,0,0,1,0,1,1,0,1,4,1,1,0,1,1,0
VexiiRiscv_116,100MHz,41639.8680,1.8628e+07,6.8964,2.0736e+06,3.5234,5.7752e+06,6.0304,24242.7250,1.7678e+07,6.9318,1.8528e+06,3.7053,5.2568e+06,6.0762,23674.8680,8.6237e+07,-172.8633,4.6403e+07,-323.7129,6.0250e+07,-203.9381,23760.4910,8.2641e+07,7.1201,4.8584e+07,3.8497,5.9644e+07,6.3056,24257.8690,1.8624e+07,7.0423,2.0729e+06,3.7209,5.7735e+06,6.1856,1,1,0,0,0,0,0,1,0,1,1,1,1,0,0,1,1,3,0,1,0,1,1,1,2,0,0,3,2,2,4,0,1,1,0,1,0
VexiiRiscv_116,800MHz,42191.4180,6.1390e+07,0.3557,1.6836e+07,-0.0878,3.2364e+07,0.2430,24727.6810,5.5024e+07,0.4115,1.5084e+07,-0.0000,2.8658e+07,0.2908,23977.1140,5.8938e+08,-180.8647,3.7117e+08,-330.8203,4.6732e+08,-211.1516,24204.9130,5.8290e+08,0.4172,3.7200e+08,-0.0019,4.6594e+08,0.2793,24794.8770,6.1374e+07,0.4484,1.6832e+07,-0.0235,3.2355e+07,0.3168,1,1,0,0,0,0,0,1,0,1,1,1,1,0,0,1,1,3,0,1,0,1,1,1,2,0,0,3,2,2,4,0,1,1,0,1,0
VexiiRiscv_116,400MHz,41784.4660,3.7251e+07,1.1657,8.5361e+06,-0.1024,1.7425e+07,0.8753,24102.7370,3.4019e+07,1.2270,7.6501e+06,-0.0000,1.5522e+07,0.8829,23732.3650,3.0186e+08,-180.4122,1.8559e+08,-331.3823,2.3470e+08,-211.5131,23824.1310,2.9669e+08,1.0442,1.8718e+08,-0.0002,2.3371e+08,0.7555,24118.7980,3.7244e+07,1.2868,8.5340e+06,-0.0522,1.7420e+07,0.9415,1,1,0,0,0,0,0,1,0,1,1,1,1,0,0,1,1,3,0,1,0,1,1,1,2,0,0,3,2,2,4,0,1,1,0,1,0
VexiiRiscv_117,100MHz,3908.9240,9.3049e+05,7.0912,3.1918e+05,3.3323,4.5429e+05,6.1760,2325.1080,9.3038e+05,7.0984,3.1645e+05,3.6299,4.5185e+05,6.2046,2306.7490,6.9036e+07,8.1096,4.5791e+07,5.9557,5.6576e+07,7.5122,2299.4850,6.8751e+07,7.1845,4.6560e+07,3.5897,5.6542e+07,6.3139,2331.0860,9.3008e+05,7.2185,3.1905e+05,3.5214,4.5407e+05,6.3075,1,0,0,0,1,0,0,1,1,0,0,0,0,1,1,1,0,3,1,1,1,1,1,2,3,2,1,1,2,1,1,0,1,1,1,0,1
VexiiRiscv_117,400MHz,3953.3280,2.6158e+06,1.1402,1.2890e+06,-0.0709,1.7070e+06,0.8014,2331.4410,2.5965e+06,1.0924,1.2771e+06,0.0054,1.6904e+06,0.7542,2322.5630,2.7432e+08,1.3083,1.8316e+08,0.4040,2.2608e+08,1.0198,2318.2400,2.7407e+08,0.9721,1.8368e+08,0.0004,2.2607e+08,0.6695,2333.8490,2.6147e+06,1.1949,1.2885e+06,-0.0262,1.7063e+06,0.8540,1,0,0,0,1,0,0,1,1,0,0,0,0,1,1,1,0,3,1,1,1,1,1,2,3,2,1,1,2,1,1,0,1,1,1,0,1
VexiiRiscv_117,800MHz,3967.6650,4.9015e+06,0.5206,2.6101e+06,-0.0423,3.3928e+06,0.3724,2361.4280,4.8572e+06,0.5145,2.5837e+06,0.0002,3.3558e+06,0.3608,2338.3910,5.4799e+08,0.5339,3.6633e+08,-0.0417,4.5208e+08,0.3541,2335.6410,5.4785e+08,0.4782,3.6651e+08,0.0002,4.5214e+08,0.3430,2363.0970,4.8998e+06,0.5510,2.6092e+06,-0.0124,3.3917e+06,0.4002,1,0,0,0,1,0,0,1,1,0,0,0,0,1,1,1,0,3,1,1,1,1,1,2,3,2,1,1,2,1,1,0,1,1,1,0,1
VexiiRiscv_118,800MHz,14951.2830,1.3981e+07,0.4897,5.7317e+06,-0.0469,8.4689e+06,0.3534,8674.1460,1.3270e+07,0.5149,5.4722e+06,0.0001,8.0087e+06,0.3554,8562.3940,5.5709e+08,0.6115,3.6814e+08,0.0033,4.5587e+08,0.4346,8584.6650,5.5611e+08,0.4799,3.6850e+08,0.0003,4.5585e+08,0.3395,8683.6680,1.3978e+07,0.5465,5.7306e+06,-0.0177,8.4670e+06,0.3848,0,0,0,0,0,0,0,0,1,0,0,1,0,1,0,0,1,2,1,1,1,0,0,0,0,2,1,0,3,2,2,0,0,0,0,1,0
VexiiRiscv_118,100MHz,14878.7510,3.9608e+06,8.5971,7.0890e+05,6.9494,1.3338e+06,8.2280,8726.8000,3.8794e+06,8.6570,6.7649e+05,7.1614,1.2784e+06,8.2873,8539.3300,7.2771e+07,9.0761,4.6019e+07,8.0642,5.7416e+07,8.7981,8562.7640,7.1607e+07,8.5841,4.7006e+07,7.5803,5.7251e+07,8.2214,8746.4720,3.9597e+06,8.7168,7.0868e+05,7.0873,1.3333e+06,8.3483,0,0,0,0,0,0,0,0,1,0,0,1,0,1,0,0,1,2,1,1,1,0,0,0,0,2,1,0,3,2,2,0,0,0,0,1,0
VexiiRiscv_118,400MHz,,,,,,,,8652.4090,8.1073e+06,1.3333,2.6883e+06,0.0040,4.1847e+06,1.0208,8539.3300,2.8035e+08,1.5761,1.8407e+08,0.5642,2.2818e+08,1.2981,8558.6730,2.7921e+08,1.1134,1.8479e+08,0.0077,2.2807e+08,0.8337,,,,,,,,0,0,0,0,0,0,0,0,1,0,0,1,0,1,0,0,1,2,1,1,1,0,0,0,0,2,1,0,3,2,2,0,0,0,0,1,0
VexiiRiscv_119,800MHz,85393.9800,1.1109e+08,0.3678,3.0808e+07,-0.1090,5.8608e+07,0.2457,49841.3420,9.9976e+07,0.3764,2.7518e+07,-0.0307,5.1862e+07,0.2492,48182.8060,2.3260e+10,-774.3118,7.9664e+08,-1439.0447,6.1190e+09,-912.6520,48699.8280,6.2380e+08,0.3782,3.7962e+08,-0.0001,4.8302e+08,0.2639,49965.9120,1.1106e+08,0.4243,3.0800e+07,-0.0311,5.8592e+07,0.2877,0,1,1,1,0,0,1,0,0,1,1,0,0,0,0,0,0,0,1,1,1,0,0,1,0,0,1,4,2,1,6,0,0,0,1,1,0
VexiiRiscv_119,400MHz,85153.9500,7.0821e+07,0.9499,1.5013e+07,-0.0733,3.2339e+07,0.6613,48862.8390,6.4549e+07,0.9828,1.3353e+07,-0.0001,2.8631e+07,0.6896,48052.7780,1.1645e+10,-773.0076,3.9832e+08,-1437.8363,3.0617e+09,-911.3409,48414.3540,3.2313e+08,0.8747,1.9171e+08,-0.0023,2.4305e+08,0.5895,48899.3240,7.0803e+07,1.0493,1.5009e+07,-0.0119,3.2329e+07,0.7581,0,1,1,1,0,0,1,0,0,1,1,0,0,0,0,0,0,0,1,1,1,0,0,1,0,0,1,4,2,1,6,0,0,0,1,1,0
VexiiRiscv_119,100MHz,85120.6810,3.5583e+07,6.0592,3.7514e+06,1.1598,1.0686e+07,4.9101,48820.3360,3.3928e+07,6.3003,3.3306e+06,1.7156,9.7241e+06,5.1938,48038.6610,2.9327e+09,-765.5634,9.9588e+07,-1429.8041,7.6850e+08,-903.8715,48371.8240,9.8042e+07,6.5684,5.0855e+07,3.0810,6.3201e+07,5.5978,48854.4400,3.5576e+07,6.5278,3.7500e+06,1.8148,1.0682e+07,5.4075,0,1,1,1,0,0,1,0,0,1,1,0,0,0,0,0,0,0,1,1,1,0,0,1,0,0,1,4,2,1,6,0,0,0,1,1,0
VexiiRiscv_12,100MHz,136232.9640,3.6866e+07,5.4364,3.9754e+06,-0.1000,1.0552e+07,4.1257,78072.4570,3.5612e+07,5.4591,3.6388e+06,0.5168,9.7994e+06,4.1603,76809.6700,2.7233e+09,-765.5269,1.7229e+08,-1432.0249,7.8365e+08,-904.0072,77398.1840,9.9169e+07,5.6715,5.0813e+07,1.4837,6.3545e+07,4.4592,78220.8580,3.6855e+07,5.6747,3.9736e+06,0.3294,1.0548e+07,4.3776,1,1,1,1,0,0,1,1,0,1,0,0,0,0,0,0,0,3,1,1,1,0,0,6,0,3,0,6,0,2,3,1,0,1,1,1,1
VexiiRiscv_12,400MHz,136620.7920,6.2164e+07,0.8501,1.5912e+07,-0.0852,2.7971e+07,0.5593,78362.6920,5.9193e+07,0.8399,1.4636e+07,0.0006,2.5816e+07,0.5612,77042.6270,1.0795e+10,-773.0393,6.8913e+08,-1440.3306,3.1211e+09,-911.5220,77597.4470,3.2645e+08,0.8259,1.9366e+08,-0.0002,2.4507e+08,0.5506,78538.1930,6.2144e+07,0.9465,1.5907e+07,-0.0416,2.7962e+07,0.6596,1,1,1,1,0,0,1,1,0,1,0,0,0,0,0,0,0,3,1,1,1,0,0,6,0,3,0,6,0,2,3,1,0,1,1,1,1
VexiiRiscv_12,800MHz,136966.9780,1.0553e+08,0.2928,3.2152e+07,-0.1053,5.5594e+07,0.1783,79406.4900,9.8506e+07,0.3346,2.9557e+07,-0.0000,5.0813e+07,0.2206,77252.1500,2.1558e+10,-774.2858,1.3782e+09,-1440.7662,6.2378e+09,-912.7538,78121.8020,6.3051e+08,0.3876,3.8419e+08,-0.0013,4.8735e+08,0.2587,79626.5470,1.0550e+08,0.3788,3.2145e+07,-0.0247,5.5579e+07,0.2661,1,1,1,1,0,0,1,1,0,1,0,0,0,0,0,0,0,3,1,1,1,0,0,6,0,3,0,6,0,2,3,1,0,1,1,1,1
VexiiRiscv_120,800MHz,10870.8670,1.0079e+07,0.4903,5.1725e+06,-0.0459,6.7841e+06,0.3441,6419.5590,1.0009e+07,0.4929,5.1195e+06,0.0000,6.7131e+06,0.3387,6287.9850,5.5358e+08,0.3009,3.6831e+08,-0.4301,4.5489e+08,0.0762,6332.8830,5.5286e+08,0.4469,3.6849e+08,0.0000,4.5486e+08,0.3072,6445.0860,1.0077e+07,0.5208,5.1718e+06,-0.0217,6.7829e+06,0.3660,1,1,0,0,0,1,0,1,0,1,0,1,1,1,1,0,1,0,0,1,0,1,1,0,2,1,0,1,3,2,6,1,0,0,1,0,0
VexiiRiscv_120,100MHz,10437.3750,2.1930e+06,6.9808,6.3583e+05,3.0503,9.5769e+05,6.0143,6127.7100,2.1861e+06,7.0354,6.2926e+05,3.3268,9.5002e+05,6.0888,6025.5070,7.0737e+07,8.0504,4.6042e+07,5.8532,5.7058e+07,7.4413,5993.7280,6.9757e+07,7.0420,4.6795e+07,3.4975,5.6922e+07,6.1201,6163.7290,2.1924e+06,7.1488,6.3570e+05,3.3147,9.5739e+05,6.1993,1,1,0,0,0,1,0,1,0,1,0,1,1,1,1,0,1,0,0,1,0,1,1,0,2,1,0,1,3,2,6,1,0,0,1,0,0
VexiiRiscv_120,400MHz,10460.6860,5.9236e+06,1.1475,2.5560e+06,-0.0784,3.5172e+06,0.8205,6092.0190,5.9533e+06,1.1336,2.5340e+06,0.0001,3.5022e+06,0.7985,6053.7420,2.7755e+08,1.2415,1.8416e+08,-0.0534,2.2753e+08,0.8847,6041.1430,2.7670e+08,0.9680,1.8466e+08,0.0009,2.2744e+08,0.6398,6099.6250,5.9221e+06,1.1931,2.5556e+06,-0.0401,3.5164e+06,0.8604,1,1,0,0,0,1,0,1,0,1,0,1,1,1,1,0,1,0,0,1,0,1,1,0,2,1,0,1,3,2,6,1,0,0,1,0,0
VexiiRiscv_121,800MHz,93502.9370,5.7584e+07,0.3934,1.7350e+07,-0.0608,3.0071e+07,0.2612,54239.0800,5.3998e+07,0.4265,1.5803e+07,-0.0000,2.7376e+07,0.2870,52876.2780,5.9811e+08,-180.7423,3.7326e+08,-330.4493,4.7040e+08,-210.9829,53451.8640,5.9434e+08,0.4064,3.7517e+08,-0.0035,4.7078e+08,0.2681,54458.7940,5.7568e+07,0.4472,1.7346e+07,-0.0276,3.0064e+07,0.3136,0,1,1,0,0,1,1,0,1,0,0,1,1,0,1,1,1,3,1,0,0,0,0,4,2,1,0,3,1,2,0,1,1,0,0,0,1
VexiiRiscv_121,400MHz,93433.2230,3.7226e+07,0.9572,8.5974e+06,-0.0928,1.6336e+07,0.6909,53649.8680,3.5272e+07,1.0287,7.8228e+06,0.0004,1.4910e+07,0.7554,52777.1930,3.0960e+08,-180.3572,1.8663e+08,-331.0505,2.3664e+08,-211.4320,53237.9220,3.0437e+08,0.9072,1.8872e+08,-0.0008,2.3630e+08,0.6318,53875.5880,3.7215e+07,1.1346,8.5951e+06,-0.0253,1.6331e+07,0.8307,0,1,1,0,0,1,1,0,1,0,0,1,1,0,1,1,1,3,1,0,0,0,0,4,2,1,0,3,1,2,0,1,1,0,0,0,1
VexiiRiscv_121,100MHz,93433.2230,2.0824e+07,6.3461,2.1511e+06,1.8025,5.5913e+06,5.2825,53495.8310,2.0226e+07,6.6475,1.9638e+06,2.5203,5.2118e+06,5.6258,52776.2080,9.3498e+07,-172.8572,4.6665e+07,-323.5505,6.1365e+07,-203.9320,53194.0230,8.7028e+07,6.5330,4.8877e+07,3.2085,6.0462e+07,5.5839,53544.5320,2.0817e+07,6.7953,2.1500e+06,2.5049,5.5884e+06,5.7762,0,1,1,0,0,1,1,0,1,0,0,1,1,0,1,1,1,3,1,0,0,0,0,4,2,1,0,3,1,2,0,1,1,0,0,0,1
VexiiRiscv_122,800MHz,15469.2620,1.5777e+07,0.4266,6.5785e+06,-0.0712,9.5034e+06,0.2885,9128.1720,1.5291e+07,0.4476,6.3410e+06,0.0003,9.1225e+06,0.3067,8867.1440,5.5778e+08,0.3159,3.6885e+08,-0.4086,4.5656e+08,0.0828,8923.4230,5.5791e+08,0.4333,3.6924e+08,-0.0037,4.5681e+08,0.2944,9189.1980,1.5774e+07,0.4666,6.5774e+06,-0.0318,9.5016e+06,0.3282,1,0,1,1,0,0,1,1,1,1,1,0,1,1,1,0,0,0,0,0,1,1,0,4,0,0,0,3,0,0,2,1,0,1,1,1,1
VexiiRiscv_122,100MHz,15324.8280,4.1004e+06,6.8857,7.9707e+05,2.9872,1.4567e+06,5.9341,8866.5000,4.0268e+06,6.9664,7.6581e+05,3.2221,1.4027e+06,6.0151,8777.5940,7.2785e+07,8.0916,4.6108e+07,5.8780,5.7482e+07,7.4782,8761.2740,7.1664e+07,6.9851,4.7055e+07,3.4865,5.7332e+07,6.0588,8869.0580,4.0993e+06,7.0741,7.9684e+05,3.1811,1.4562e+06,6.1326,1,0,1,1,0,0,1,1,1,1,1,0,1,1,1,0,0,0,0,0,1,1,0,4,0,0,0,3,0,0,2,1,0,1,1,1,1
VexiiRiscv_122,400MHz,15353.0640,9.5841e+06,1.0795,3.2935e+06,-0.0844,5.1644e+06,0.7594,9001.3450,9.1794e+06,1.0612,3.1657e+06,0.0001,4.9093e+06,0.7241,8807.4720,2.8065e+08,1.2877,1.8443e+08,0.3589,2.2852e+08,0.9813,8795.4200,2.7976e+08,0.9739,1.8512e+08,0.0005,2.2847e+08,0.6620,9006.7210,9.5818e+06,1.1575,3.2928e+06,-0.0395,5.1632e+06,0.8197,1,0,1,1,0,0,1,1,1,1,1,0,1,1,1,0,0,0,0,0,1,1,0,4,0,0,0,3,0,0,2,1,0,1,1,1,1
VexiiRiscv_123,800MHz,74392.2770,4.6174e+07,0.3404,1.5051e+07,-0.0744,2.4228e+07,0.1999,43736.9430,4.4411e+07,0.3409,1.3981e+07,-0.0031,2.2598e+07,0.2119,42093.6200,5.8532e+08,-180.7023,3.7265e+08,-330.3744,4.6657e+08,-210.9353,42613.6920,5.8467e+08,0.4140,3.7424e+08,-0.0005,4.6745e+08,0.2790,43982.6630,4.6160e+07,0.3880,1.5047e+07,-0.0286,2.4221e+07,0.2553,0,0,1,0,1,1,1,1,1,1,0,1,0,0,1,0,0,0,1,1,1,0,1,5,1,1,0,6,2,2,2,1,1,1,1,0,0
VexiiRiscv_123,100MHz,74267.9530,1.5448e+07,6.4579,1.8297e+06,2.0174,4.2656e+06,5.4198,42536.6190,1.5100e+07,6.6669,1.6999e+06,2.5168,4.0268e+06,5.6521,41972.9890,8.8484e+07,-173.2752,4.6590e+07,-326.1869,6.0440e+07,-204.9074,42292.9780,8.2530e+07,6.6742,4.8361e+07,3.2073,5.9612e+07,5.6998,42578.5480,1.5442e+07,6.8111,1.8289e+06,2.5836,4.2634e+06,5.8082,0,0,1,0,1,1,1,1,1,1,0,1,0,0,1,0,0,0,1,1,1,0,1,5,1,1,0,6,2,2,2,1,1,1,1,0,0
VexiiRiscv_123,400MHz,74267.9530,2.7936e+07,0.8548,7.3270e+06,-0.0797,1.2637e+07,0.5843,42592.1730,2.6904e+07,0.9423,6.7910e+06,0.0008,1.1757e+07,0.6602,41975.3560,3.0220e+08,-180.7752,1.8634e+08,-333.6869,2.3464e+08,-212.4074,42374.3880,2.9768e+08,0.8605,1.8802e+08,-0.0027,2.3438e+08,0.5912,42704.3490,2.7926e+07,1.0442,7.3250e+06,-0.0043,1.2633e+07,0.7629,0,0,1,0,1,1,1,1,1,1,0,1,0,0,1,0,0,0,1,1,1,0,1,5,1,1,0,6,2,2,2,1,1,1,1,0,0
VexiiRiscv_124,800MHz,52450.8430,3.9297e+07,0.4176,1.4399e+07,-0.0509,2.2326e+07,0.2911,30458.8210,3.6802e+07,0.4576,1.3464e+07,0.0000,2.0694e+07,0.3190,29733.7940,5.8407e+08,0.3485,3.7275e+08,-0.3551,4.6634e+08,0.1266,29971.8810,5.7965e+08,0.4337,3.7374e+08,0.0000,4.6598e+08,0.3007,30535.8940,3.9288e+07,0.4841,1.4396e+07,-0.0238,2.2320e+07,0.3354,1,1,1,0,1,0,0,1,1,0,0,0,0,1,1,0,1,4,1,0,1,0,0,0,1,0,0,2,3,2,2,1,1,1,0,1,1
VexiiRiscv_124,400MHz,52262.7430,2.4769e+07,1.1898,7.0616e+06,-0.0958,1.1915e+07,0.8994,29924.9720,2.3537e+07,1.2227,6.5897e+06,0.0008,1.1071e+07,0.8950,29632.8910,2.9841e+08,1.4442,1.8638e+08,0.5986,2.3405e+08,1.1877,29792.0030,2.9374e+08,1.1057,1.8771e+08,0.0002,2.3348e+08,0.7715,29947.3250,2.4763e+07,1.3007,7.0601e+06,-0.0431,1.1912e+07,0.9621,1,1,1,0,1,0,0,1,1,0,0,0,0,1,1,0,1,4,1,0,1,0,0,0,1,0,0,2,3,2,2,1,1,1,0,1,1
VexiiRiscv_124,100MHz,52236.6970,1.3387e+07,7.7114,1.7657e+06,4.9757,4.0343e+06,7.1043,30216.9860,1.2976e+07,7.7619,1.6425e+06,5.1581,3.7819e+06,7.1185,29624.5060,8.4125e+07,8.3865,4.6597e+07,6.4862,5.9827e+07,7.8670,29783.8780,8.0019e+07,7.7165,4.8197e+07,5.6525,5.9221e+07,7.1138,30322.1990,1.3384e+07,7.8947,1.7650e+06,5.2023,4.0327e+06,7.2654,1,1,1,0,1,0,0,1,1,0,0,0,0,1,1,0,1,4,1,0,1,0,0,0,1,0,0,2,3,2,2,1,1,1,0,1,1
VexiiRiscv_125,100MHz,58762.8510,2.0163e+07,6.9088,2.6170e+06,3.1121,6.2123e+06,5.9808,33739.4910,1.9512e+07,6.8909,2.4048e+06,3.3028,5.7899e+06,5.9706,33226.5860,2.8573e+09,-765.4435,1.7060e+08,-1430.3003,8.1470e+08,-903.9249,33369.5830,8.6042e+07,6.9159,4.9202e+07,3.4075,6.0735e+07,6.0177,33729.7640,2.0159e+07,7.0215,2.6161e+06,3.2729,6.2102e+06,6.0984,1,0,1,1,1,0,0,1,1,0,1,0,1,1,1,1,0,4,0,1,1,1,0,6,0,0,1,3,3,1,1,1,1,0,1,1,1
VexiiRiscv_125,800MHz,58790.4840,6.3120e+07,0.3446,2.1177e+07,-0.0550,3.5282e+07,0.2328,34109.7120,5.8433e+07,0.4293,1.9503e+07,-0.0001,3.2207e+07,0.3035,33278.5150,2.2734e+10,-774.2135,1.3647e+09,-1439.1584,6.5000e+09,-912.8209,33559.0230,5.9674e+08,0.4257,3.7718e+08,-0.0003,4.7346e+08,0.2953,34243.3930,6.3105e+07,0.4576,2.1173e+07,-0.0193,3.5275e+07,0.3198,1,0,1,1,1,0,0,1,1,0,1,0,1,1,1,1,0,4,0,1,1,1,0,6,0,0,1,3,3,1,1,1,1,0,1,1,1
VexiiRiscv_125,400MHz,58762.8510,4.0829e+07,1.0733,1.0453e+07,-0.0818,1.9589e+07,0.7723,33619.6400,3.8015e+07,1.0484,9.6050e+06,0.0008,1.7829e+07,0.7383,33251.7990,1.1376e+10,-772.9437,6.8237e+08,-1437.8351,3.2513e+09,-911.4170,33377.9140,3.0451e+08,0.9599,1.8975e+08,0.0020,2.3754e+08,0.6404,33661.9930,4.0819e+07,1.1666,1.0451e+07,-0.0350,1.9585e+07,0.8509,1,0,1,1,1,0,0,1,1,0,1,0,1,1,1,1,0,4,0,1,1,1,0,6,0,0,1,3,3,1,1,1,1,0,1,1,1
VexiiRiscv_126,100MHz,14160.8790,2.2779e+06,7.1868,4.3835e+05,3.6101,7.5776e+05,6.3536,8166.6040,2.2563e+06,7.2702,4.2766e+05,3.9225,7.4087e+05,6.4446,8120.8030,7.1461e+07,8.6040,4.5873e+07,7.1817,5.7022e+07,8.1985,8140.8580,7.0110e+07,7.3030,4.6711e+07,4.5017,5.6823e+07,6.5169,8170.7630,2.2770e+06,7.3835,4.3819e+05,3.8850,7.5738e+05,6.5550,0,1,1,1,0,1,1,1,0,1,1,0,0,1,0,1,1,3,0,0,1,0,1,2,0,0,1,6,1,1,2,1,0,1,1,1,0
VexiiRiscv_126,400MHz,14160.8790,4.9042e+06,1.0321,1.7798e+06,-0.0673,2.5725e+06,0.7251,8223.7180,4.8272e+06,1.0470,1.7337e+06,0.0013,2.5025e+06,0.7321,8120.8030,2.7765e+08,1.1040,1.8349e+08,-0.3183,2.2699e+08,0.6985,8161.3510,2.7638e+08,0.9903,1.8409e+08,0.0004,2.2685e+08,0.6918,8243.4030,4.9028e+06,1.1250,1.7794e+06,-0.0070,2.5719e+06,0.8110,0,1,1,1,0,1,1,1,0,1,1,0,0,1,0,1,1,3,0,0,1,0,1,2,0,0,1,6,1,1,2,1,0,1,1,1,0
VexiiRiscv_126,800MHz,14384.5200,8.7525e+06,0.4361,3.5639e+06,-0.0613,5.0603e+06,0.3015,8505.1430,8.6182e+06,0.4395,3.4750e+06,0.0001,4.9279e+06,0.3006,8248.9440,5.5263e+08,0.4091,3.6698e+08,-0.3008,4.5362e+08,0.1976,8333.1990,5.5165e+08,0.4352,3.6729e+08,0.0001,4.5362e+08,0.3019,8546.7850,8.7508e+06,0.4758,3.5634e+06,-0.0259,5.0594e+06,0.3293,0,1,1,1,0,1,1,1,0,1,1,0,0,1,0,1,1,3,0,0,1,0,1,2,0,0,1,6,1,1,2,1,0,1,1,1,0
VexiiRiscv_127,400MHz,431753.4680,2.9334e+08,0.6582,5.9264e+07,-0.1083,1.3075e+08,0.4361,246882.0300,2.6781e+08,0.8936,5.2430e+07,0.0000,1.1563e+08,0.6236,242628.2620,5.4458e+10,-773.1651,4.3238e+08,-1439.0847,1.3058e+10,-911.7692,245093.1510,4.9018e+08,0.8221,2.1916e+08,-0.0007,3.0048e+08,0.5458,247465.2090,2.9326e+08,0.9923,5.9249e+07,-0.0414,1.3071e+08,0.7027,1,0,0,1,1,0,0,1,0,1,1,0,0,0,1,1,0,2,1,0,1,0,0,1,1,0,0,6,3,2,1,0,0,1,1,0,0
VexiiRiscv_127,100MHz,431903.2910,1.5185e+08,5.3390,1.4696e+07,-0.0774,4.3600e+07,4.0407,246159.3150,1.4519e+08,5.4517,1.2990e+07,0.0662,3.9731e+07,4.1081,242748.2760,1.3714e+10,-765.6672,1.0813e+08,-1431.7402,3.2788e+09,-904.3014,245094.9430,1.9829e+08,5.5140,6.4659e+07,0.6537,8.5490e+07,4.1517,246401.8750,1.5182e+08,5.8222,1.4690e+07,0.4816,4.3584e+07,4.5259,1,0,0,1,1,0,0,1,0,1,1,0,0,0,1,1,0,2,1,0,1,0,0,1,1,0,0,6,3,2,1,0,0,1,1,0,0
VexiiRiscv_127,800MHz,431978.2030,4.9862e+08,0.1150,1.1943e+08,-0.1939,2.5379e+08,0.0243,251430.4660,4.4308e+08,0.2336,1.0567e+08,-0.1016,2.2213e+08,0.1351,242848.7010,1.0879e+11,-774.4208,8.6472e+08,-1440.3396,2.6098e+10,-913.0509,246240.3290,8.8302e+08,0.2621,4.2585e+08,-0.0121,5.8835e+08,0.1465,253020.8480,4.9850e+08,0.3272,1.1941e+08,-0.1533,2.5373e+08,0.1862,1,0,0,1,1,0,0,1,0,1,1,0,0,0,1,1,0,2,1,0,1,0,0,1,1,0,0,6,3,2,1,0,0,1,1,0,0
VexiiRiscv_128,100MHz,21012.0970,5.0110e+06,7.8653,1.0064e+06,5.1519,1.7648e+06,7.1828,12212.5730,4.9561e+06,7.8987,9.7184e+05,5.3194,1.7141e+06,7.2274,11977.4960,7.3839e+07,8.4214,4.6251e+07,6.5637,5.7773e+07,7.9217,11982.4480,7.2543e+07,7.7628,4.7225e+07,5.5436,5.7611e+07,7.1093,12206.8280,5.0091e+06,7.9638,1.0060e+06,5.2822,1.7639e+06,7.2869,1,0,0,1,1,0,0,1,0,0,0,0,0,1,0,0,1,2,1,1,0,1,0,6,1,3,1,1,2,2,6,0,1,0,0,0,0
VexiiRiscv_128,800MHz,21437.7910,1.8667e+07,0.4530,8.1701e+06,-0.0479,1.1565e+07,0.3267,12435.8040,1.8084e+07,0.4762,7.9063e+06,0.0001,1.1138e+07,0.3307,12215.6110,5.6130e+08,0.4334,3.7000e+08,-0.2585,4.5830e+08,0.2221,12265.1730,5.6067e+08,0.4597,3.7044e+08,-0.0001,4.5847e+08,0.3223,12472.9590,1.8662e+07,0.5279,8.1683e+06,-0.0210,1.1562e+07,0.3747,1,0,0,1,1,0,0,1,0,0,0,0,0,1,0,0,1,2,1,1,0,1,0,6,1,3,1,1,2,2,6,0,1,0,0,0,0
VexiiRiscv_128,400MHz,21028.6220,1.1186e+07,1.1512,3.9851e+06,-0.0764,5.9851e+06,0.8268,12122.3950,1.0895e+07,1.1352,3.8496e+06,0.0012,5.7630e+06,0.7889,11998.2490,2.8279e+08,1.2836,1.8500e+08,-0.0767,2.2943e+08,0.9438,12001.1900,2.8165e+08,1.0764,1.8574e+08,0.0015,2.2939e+08,0.7354,12130.0970,1.1183e+07,1.2137,3.9841e+06,-0.0383,5.9834e+06,0.8678,1,0,0,1,1,0,0,1,0,0,0,0,0,1,0,0,1,2,1,1,0,1,0,6,1,3,1,1,2,2,6,0,1,0,0,0,0
VexiiRiscv_129,100MHz,25424.7730,5.2941e+06,6.3979,1.2497e+06,1.8371,2.0355e+06,5.2782,14686.2740,5.2721e+06,6.4179,1.2308e+06,2.0864,2.0085e+06,5.3136,14531.6490,7.4348e+07,7.9772,4.6513e+07,5.6766,5.8073e+07,7.3429,14540.6780,7.2534e+07,6.1926,4.7353e+07,2.2130,5.7830e+07,5.0681,14722.0470,5.2923e+06,6.5469,1.2494e+06,2.0359,2.0347e+06,5.4322,1,0,1,0,0,0,0,0,0,1,0,0,0,1,1,0,0,0,1,0,0,0,0,1,3,0,1,0,0,2,1,1,1,0,1,0,1
VexiiRiscv_129,800MHz,26194.9290,2.2309e+07,0.4308,1.0337e+07,-0.0662,1.4061e+07,0.2917,15540.5080,2.2259e+07,0.4401,1.0179e+07,0.0000,1.3880e+07,0.3016,14965.3460,5.6854e+08,0.3167,3.7208e+08,-0.4234,4.6144e+08,0.0840,15055.9350,5.6454e+08,0.4421,3.7270e+08,-0.0003,4.6106e+08,0.3014,15575.8570,2.2303e+07,0.4696,1.0335e+07,-0.0409,1.4057e+07,0.3294,1,0,1,0,0,0,0,0,0,1,0,0,0,1,1,0,0,0,1,0,0,0,0,1,3,0,1,0,0,2,1,1,1,0,1,0,1
VexiiRiscv_129,400MHz,25705.8700,1.3699e+07,1.0779,5.0400e+06,-0.0727,7.4156e+06,0.7647,14860.1470,1.3661e+07,1.0310,4.9564e+06,-0.0000,7.3087e+06,0.7152,14679.8030,2.8613e+08,1.1861,1.8605e+08,-0.0287,2.3094e+08,0.8351,14679.5980,2.8309e+08,0.9223,1.8678e+08,0.0000,2.3058e+08,0.6152,14890.1880,1.3695e+07,1.1186,5.0390e+06,-0.0390,7.4134e+06,0.7990,1,0,1,0,0,0,0,0,0,1,0,0,0,1,1,0,0,0,1,0,0,0,0,1,3,0,1,0,0,2,1,1,1,0,1,0,1
VexiiRiscv_13,400MHz,60907.0270,4.0748e+07,0.9568,9.2893e+06,-0.0997,1.8785e+07,0.6671,35143.8930,3.7343e+07,0.9489,8.3783e+06,-0.0000,1.6793e+07,0.6517,34447.2250,3.1080e+08,-768.6109,1.8644e+08,-1429.3484,2.3724e+08,-909.1092,34714.5050,3.0130e+08,0.9082,1.8823e+08,-0.0026,2.3544e+08,0.6200,35196.8620,4.0738e+07,1.0228,9.2869e+06,-0.0266,1.8779e+07,0.7249,1,0,1,1,1,0,0,1,1,0,1,0,0,0,0,1,0,4,1,1,1,0,1,4,0,3,1,6,2,1,2,1,1,0,0,0,1
VexiiRiscv_13,100MHz,60907.0270,2.0720e+07,5.6418,2.3077e+06,0.0480,6.2801e+06,4.3364,35096.8890,1.9768e+07,5.7626,2.0790e+06,0.5902,5.7465e+06,4.4794,34448.0190,9.0909e+07,-761.1105,4.6615e+07,-1421.7854,6.1198e+07,-901.4443,34631.7000,8.5040e+07,5.9825,4.8881e+07,1.7674,6.0202e+07,4.7819,35098.9950,2.0715e+07,5.9307,2.3068e+06,0.5587,6.2779e+06,4.6491,1,0,1,1,1,0,0,1,1,0,1,0,0,0,0,1,0,4,1,1,1,0,1,4,0,3,1,6,2,1,2,1,1,0,0,0,1
VexiiRiscv_13,800MHz,61053.7030,6.6869e+07,0.3618,1.8988e+07,-0.1226,3.5138e+07,0.2215,35575.3460,6.0830e+07,0.3994,1.7179e+07,-0.0003,3.1462e+07,0.2702,34481.5070,6.0502e+08,-769.9265,3.7288e+08,-1429.6367,4.7214e+08,-910.1699,34885.3950,5.8984e+08,0.4127,3.7405e+08,-0.0001,4.6917e+08,0.2784,35654.7450,6.6852e+07,0.4357,1.8983e+07,-0.0474,3.5128e+07,0.2992,1,0,1,1,1,0,0,1,1,0,1,0,0,0,0,1,0,4,1,1,1,0,1,4,0,3,1,6,2,1,2,1,1,0,0,0,1
VexiiRiscv_130,400MHz,28852.9250,1.8012e+07,0.9067,4.1573e+06,-0.0781,8.2691e+06,0.6086,16746.4400,1.6608e+07,0.9693,3.7497e+06,0.0003,7.4094e+06,0.6884,16419.1870,2.8892e+08,-180.7439,1.8427e+08,-333.5988,2.3041e+08,-212.3616,16599.5580,2.8580e+08,0.9327,1.8529e+08,-0.0005,2.2978e+08,0.6433,16757.0970,1.8009e+07,0.9688,4.1564e+06,-0.0159,8.2672e+06,0.6773,0,1,0,1,1,1,1,1,1,0,0,0,0,0,1,0,1,0,0,1,1,1,1,1,2,0,0,2,0,0,6,1,0,0,0,0,1
VexiiRiscv_130,800MHz,28891.6680,2.5908e+07,0.3672,8.3469e+06,-0.0564,1.3913e+07,0.2430,16930.1900,2.3891e+07,0.3375,7.5525e+06,-0.0000,1.2546e+07,0.2143,16467.5740,5.6955e+08,-181.9972,3.6851e+08,-334.8711,4.5962e+08,-213.6199,16706.7960,5.6539e+08,0.3998,3.6897e+08,0.0000,4.5872e+08,0.2640,16970.0680,2.5903e+07,0.4092,8.3453e+06,-0.0290,1.3910e+07,0.2793,0,1,0,1,1,1,1,1,1,0,0,0,0,0,1,0,1,0,0,1,1,1,1,1,2,0,0,2,0,0,6,1,0,0,0,0,1
VexiiRiscv_130,100MHz,28852.9250,9.0972e+06,6.8100,1.0415e+06,2.7704,2.6890e+06,5.8629,16636.3430,8.7499e+06,7.0039,9.4040e+05,3.1648,2.4788e+06,6.0664,16419.1870,7.8480e+07,-173.2439,4.6069e+07,-326.0988,5.8501e+07,-204.8616,16542.1290,7.5931e+07,7.0125,4.7530e+07,3.7722,5.8066e+07,6.0913,16640.2560,9.0952e+06,7.1363,1.0412e+06,3.2628,2.6880e+06,6.2136,0,1,0,1,1,1,1,1,1,0,0,0,0,0,1,0,1,0,0,1,1,1,1,1,2,0,0,2,0,0,6,1,0,0,0,0,1
VexiiRiscv_131,400MHz,7532.2350,4.2858e+06,1.1196,1.9945e+06,-0.0644,2.6782e+06,0.8002,4368.8720,4.2446e+06,1.1294,1.9683e+06,0.0003,2.6392e+06,0.8051,4345.0140,2.7609e+08,1.2373,1.8369e+08,-0.0681,2.2687e+08,0.8744,4329.2960,2.7565e+08,1.1094,1.8421e+08,0.0005,2.2685e+08,0.7914,4372.6620,4.2848e+06,1.1820,1.9941e+06,-0.0103,2.6776e+06,0.8578,0,1,0,1,0,1,0,1,0,0,1,1,1,1,1,0,0,1,1,0,0,1,1,2,0,0,0,2,2,1,4,0,1,0,0,1,0
VexiiRiscv_131,800MHz,7787.9690,8.0885e+06,0.4343,3.9840e+06,-0.0424,5.2987e+06,0.3016,4607.8620,8.0140e+06,0.4678,3.9333e+06,0.0001,5.2286e+06,0.3278,4486.5060,5.5100e+08,0.3923,3.6738e+08,-0.3332,4.5359e+08,0.1734,4509.2840,5.5087e+08,0.4665,3.6758e+08,-0.0001,4.5369e+08,0.3222,4632.1980,8.0870e+06,0.4804,3.9834e+06,-0.0184,5.2978e+06,0.3468,0,1,0,1,0,1,0,1,0,0,1,1,1,1,1,0,0,1,1,0,0,1,1,2,0,0,0,2,2,1,4,0,1,0,0,1,0
VexiiRiscv_131,100MHz,7532.2350,1.6211e+06,7.6445,4.9529e+05,4.6967,7.2917e+05,6.9376,4339.8710,1.6119e+06,7.7340,4.8902e+05,4.9629,7.2040e+05,7.0420,4345.7530,6.9984e+07,8.7368,4.5922e+07,7.4498,5.6841e+07,8.3799,4325.1510,6.9409e+07,7.6777,4.6696e+07,5.4483,5.6764e+07,7.0265,4345.1920,1.6206e+06,7.8189,4.9517e+05,4.9588,7.2892e+05,7.1234,0,1,0,1,0,1,0,1,0,0,1,1,1,1,1,0,0,1,1,0,0,1,1,2,0,0,0,2,2,1,4,0,1,0,0,1,0
VexiiRiscv_132,800MHz,38001.0150,3.1386e+07,0.4281,1.0583e+07,-0.0626,1.7256e+07,0.2868,22149.5620,2.9140e+07,0.4430,9.7543e+06,-0.0000,1.5783e+07,0.3022,21573.3190,5.7840e+08,-180.6127,3.7029e+08,-329.9117,4.6307e+08,-210.7420,21832.4320,5.7050e+08,0.4139,3.7083e+08,-0.0056,4.6143e+08,0.2773,22210.1780,3.1380e+07,0.4701,1.0581e+07,-0.0204,1.7253e+07,0.3227,0,1,0,1,0,1,0,0,1,0,0,0,0,0,0,1,0,2,0,0,1,0,1,1,2,2,1,3,2,0,1,1,0,0,1,0,1
VexiiRiscv_132,100MHz,37934.3670,1.0700e+07,6.3486,1.2976e+06,1.9322,3.2166e+06,5.3116,21742.2670,1.0318e+07,6.6442,1.1910e+06,2.6109,2.9865e+06,5.6400,21497.6960,8.0788e+07,-171.9801,4.6289e+07,-321.6472,5.9078e+07,-202.2111,21627.7790,7.7296e+07,6.7519,4.7768e+07,3.5244,5.8475e+07,5.7925,21750.9810,1.0697e+07,6.7943,1.2972e+06,2.5690,3.2155e+06,5.7831,0,1,0,1,0,1,0,0,1,0,0,0,0,0,0,1,0,2,0,0,1,0,1,1,2,2,1,3,2,0,1,1,0,0,1,0,1
VexiiRiscv_132,400MHz,37934.3670,2.1296e+07,0.9091,5.1739e+06,-0.0794,9.8240e+06,0.6335,21892.1860,1.9855e+07,1.0042,4.7488e+06,-0.0004,8.9343e+06,0.7001,21497.6960,2.9410e+08,-179.4801,1.8515e+08,-329.1472,2.3223e+08,-209.7111,21687.8480,2.8870e+08,0.9083,1.8621e+08,-0.0000,2.3115e+08,0.6272,21897.2070,2.1292e+07,1.0273,5.1729e+06,-0.0073,9.8217e+06,0.7392,0,1,0,1,0,1,0,0,1,0,0,0,0,0,0,1,0,2,0,0,1,0,1,1,2,2,1,3,2,0,1,1,0,0,1,0,1
VexiiRiscv_133,400MHz,,,,,,,,,,,,,,,131559.4520,1.0715e+10,-180.5028,6.9382e+08,-331.0350,3.1167e+09,-211.4222,132847.6430,3.9284e+08,0.9163,2.0302e+08,-0.0002,2.6686e+08,0.6609,,,,,,,,1,1,1,0,0,0,0,1,1,0,0,1,0,0,0,1,1,3,1,0,0,1,0,5,3,2,1,5,3,1,0,0,1,0,1,0,1
VexiiRiscv_133,800MHz,234061.9550,2.2771e+08,0.1989,6.5968e+07,-0.0653,1.1998e+08,0.1142,135443.1770,2.0704e+08,0.3125,5.8630e+07,-0.0000,1.0642e+08,0.1955,131618.8650,2.1382e+10,-181.7652,1.3875e+09,-331.6535,6.2290e+09,-211.1848,133587.9230,7.3236e+08,0.3027,3.9842e+08,-0.0046,5.2658e+08,0.1988,135928.3380,2.2766e+08,0.3605,6.5955e+07,-0.0292,1.1995e+08,0.2500,1,1,1,0,0,0,0,1,1,0,0,1,0,0,0,1,1,3,1,0,0,1,0,5,3,2,1,5,3,1,0,0,1,0,1,0,1
VexiiRiscv_133,100MHz,233664.4410,8.2730e+07,7.2018,8.1997e+06,4.3026,2.3892e+07,6.5422,133436.5260,7.9110e+07,7.4051,7.2514e+06,4.5157,2.1758e+07,6.7151,131481.5850,2.7334e+09,-173.0029,1.7348e+08,-322.9744,7.8698e+08,-202.4379,132851.8560,1.4036e+08,7.2933,5.6599e+07,5.0400,7.2519e+07,6.6308,133597.5390,8.2711e+07,7.6155,8.1966e+06,4.7594,2.3884e+07,6.9698,1,1,1,0,0,0,0,1,1,0,0,1,0,0,0,1,1,3,1,0,0,1,0,5,3,2,1,5,3,1,0,0,1,0,1,0,1
VexiiRiscv_134,100MHz,10629.4970,2.1637e+06,7.5328,6.3311e+05,4.5863,9.3620e+05,6.8581,6178.5310,2.1596e+06,7.5688,6.2815e+05,4.6379,9.3045e+05,6.8547,6130.6380,1.3864e+08,-166.0411,9.1604e+07,-236.7429,1.1325e+08,-194.5238,6145.2070,1.3777e+08,7.5934,9.3111e+07,5.3660,1.1310e+08,6.9596,6179.8860,2.1630e+06,7.7440,6.3296e+05,4.8274,9.3587e+05,7.0562,0,1,1,0,0,1,0,0,1,1,1,0,0,1,1,1,0,2,0,0,0,0,1,1,2,3,1,1,2,1,5,1,1,1,0,1,0
VexiiRiscv_134,400MHz,10629.4970,5.9358e+06,1.1486,2.5487e+06,-0.0615,3.4925e+06,0.8070,6312.1990,5.9157e+06,1.1639,2.5254e+06,0.0000,3.4625e+06,0.8209,6130.2000,5.4961e+08,-173.5408,3.6641e+08,-244.2217,4.5240e+08,-202.0225,6150.8290,5.4835e+08,1.0961,3.6730e+08,0.0008,4.5211e+08,0.7811,6320.0370,5.9343e+06,1.1990,2.5482e+06,-0.0312,3.4917e+06,0.8582,0,1,1,0,0,1,0,0,1,1,1,0,0,1,1,1,0,2,0,0,0,0,1,1,2,3,1,1,2,1,5,1,1,1,0,1,0
VexiiRiscv_134,800MHz,10664.7910,1.0850e+07,0.4331,5.1174e+06,-0.0543,6.8741e+06,0.2990,6387.2880,1.0713e+07,0.4590,5.0642e+06,0.0000,6.7928e+06,0.3185,6172.7030,1.0978e+09,-174.3589,7.3282e+08,-244.3836,9.0464e+08,-202.6909,6232.5120,1.0961e+09,0.4206,7.3290e+08,0.0000,9.0420e+08,0.2835,6412.3220,1.0848e+07,0.4732,5.1166e+06,-0.0216,6.8727e+06,0.3297,0,1,1,0,0,1,0,0,1,1,1,0,0,1,1,1,0,2,0,0,0,0,1,1,2,3,1,1,2,1,5,1,1,1,0,1,0
VexiiRiscv_135,800MHz,276193.8640,3.0133e+08,0.3066,7.8536e+07,-0.0685,1.5638e+08,0.1917,159090.0960,2.7215e+08,0.3484,6.9727e+07,-0.0004,1.3806e+08,0.2252,155286.6870,8.6855e+10,-774.2897,1.0010e+09,-1440.7996,2.1120e+10,-912.4103,157171.1480,7.6648e+08,0.3318,4.0555e+08,-0.0015,5.4142e+08,0.2174,159690.4840,3.0125e+08,0.4163,7.8518e+07,-0.0267,1.5634e+08,0.2964,1,0,0,1,1,0,0,1,0,1,0,1,1,0,0,0,1,2,1,0,0,0,0,3,3,2,0,6,2,2,3,0,0,1,0,0,1
VexiiRiscv_135,100MHz,275642.3150,9.7678e+07,7.1526,9.6889e+06,3.8475,2.8292e+07,6.4024,157254.7470,9.3550e+07,7.3605,8.5812e+06,4.3541,2.5809e+07,6.6430,154992.0470,1.0932e+10,-765.5029,1.2515e+08,-1432.0903,2.6507e+09,-903.6550,156506.3140,1.5304e+08,7.4679,5.8491e+07,5.4166,7.5518e+07,6.8959,157497.8130,9.7654e+07,7.4811,9.6848e+06,4.4105,2.8282e+07,6.7678,1,0,0,1,1,0,0,1,0,1,0,1,1,0,0,0,1,2,1,0,0,0,0,3,3,2,0,6,2,2,3,0,0,1,0,0,1
VexiiRiscv_135,400MHz,275702.1780,1.8109e+08,1.0126,3.8967e+07,-0.0725,8.1364e+07,0.7405,157278.4400,1.6716e+08,1.0909,3.4585e+07,0.0000,7.2430e+07,0.7848,155019.2430,4.3470e+10,-773.0235,5.0055e+08,-1439.5546,1.0566e+10,-911.1562,156420.5120,4.1479e+08,0.9987,2.0717e+08,-0.0004,2.7496e+08,0.7178,157626.8150,1.8104e+08,1.2074,3.8957e+07,-0.0329,8.1341e+07,0.9073,1,0,0,1,1,0,0,1,0,1,0,1,1,0,0,0,1,2,1,0,0,0,0,3,3,2,0,6,2,2,3,0,0,1,0,0,1
VexiiRiscv_136,800MHz,61081.8840,4.8485e+07,0.4554,1.8613e+07,-0.0603,2.8153e+07,0.3102,35386.6310,4.6552e+07,0.4596,1.7596e+07,0.0001,2.6537e+07,0.3132,34513.7510,6.1879e+08,0.3430,3.7555e+08,-0.3803,4.7669e+08,0.1148,34838.1310,5.8831e+08,0.4528,3.7725e+08,-0.0020,4.7093e+08,0.3141,35556.7410,4.8473e+07,0.4950,1.8610e+07,-0.0329,2.8147e+07,0.3475,1,1,0,0,1,1,1,1,1,1,0,1,1,1,0,1,0,2,0,1,0,0,0,4,1,1,1,2,3,2,3,0,1,0,0,0,1
VexiiRiscv_136,400MHz,60935.1520,3.2458e+07,1.0446,9.0834e+06,-0.0927,1.5740e+07,0.7322,34945.8330,3.1102e+07,1.0004,8.5595e+06,0.0004,1.4741e+07,0.6968,34469.0850,3.1634e+08,1.1049,1.8778e+08,-0.1132,2.3928e+08,0.7514,34703.5330,2.9892e+08,0.9307,1.8945e+08,0.0003,2.3604e+08,0.6233,35043.4130,3.2449e+07,1.1224,9.0815e+06,-0.0277,1.5736e+07,0.8055,1,1,0,0,1,1,1,1,1,1,0,1,1,1,0,1,0,2,0,1,0,0,0,4,1,1,1,2,3,2,3,0,1,0,0,0,1
VexiiRiscv_136,100MHz,60907.0270,1.5421e+07,5.9837,2.2845e+06,1.0483,4.8074e+06,4.8112,34917.6400,1.5075e+07,6.0641,2.1575e+06,1.3382,4.5723e+06,4.8903,34449.3460,9.0268e+07,7.9811,4.6949e+07,5.7391,6.1359e+07,7.3526,34589.7300,8.1915e+07,6.0897,4.8629e+07,1.9731,5.9913e+07,4.9444,34929.5410,1.5416e+07,6.2627,2.2837e+06,1.4276,4.8055e+06,5.1077,1,1,0,0,1,1,1,1,1,1,0,1,1,1,0,1,0,2,0,1,0,0,0,4,1,1,1,2,3,2,3,0,1,0,0,0,1
VexiiRiscv_137,100MHz,84064.9130,2.4064e+07,6.8644,2.5436e+06,3.0874,6.7949e+06,5.9741,48178.9220,2.3281e+07,7.0150,2.3106e+06,3.4623,6.3033e+06,6.1457,47477.2610,7.9835e+08,-172.8455,1.1298e+08,-322.6951,2.8471e+08,-202.2521,47809.9860,8.8978e+07,7.0082,4.9350e+07,4.0243,6.1101e+07,6.1535,48279.1550,2.4057e+07,7.1418,2.5424e+06,3.3884,6.7920e+06,6.2624,0,1,1,0,0,1,1,1,0,0,0,0,0,1,0,0,1,3,0,1,0,0,0,5,0,0,0,5,1,1,0,0,1,1,0,0,0
VexiiRiscv_137,400MHz,84064.9130,4.1615e+07,0.9834,1.0184e+07,-0.0721,1.8657e+07,0.7172,48185.2830,3.9376e+07,1.0278,9.2756e+06,-0.0000,1.7059e+07,0.7239,47477.2610,3.1267e+09,-180.3455,4.5189e+08,-330.1951,1.1296e+09,-209.7521,47857.1140,3.0832e+08,0.9994,1.8974e+08,-0.0088,2.3815e+08,0.6931,48279.0870,4.1601e+07,1.1052,1.0181e+07,-0.0037,1.8651e+07,0.8086,0,1,1,0,0,1,1,1,0,0,0,0,0,1,0,0,1,3,0,1,0,0,0,5,0,0,0,5,1,1,0,0,1,1,0,0,0
VexiiRiscv_137,800MHz,84303.4110,6.4076e+07,0.4305,2.0675e+07,-0.0557,3.4414e+07,0.2991,48693.7280,5.9981e+07,0.4319,1.8878e+07,-0.0000,3.1383e+07,0.2905,47590.8600,6.2344e+09,-181.5993,9.0377e+08,-331.4347,2.2568e+09,-210.9967,48066.8140,6.0131e+08,0.4338,3.7696e+08,-0.0019,4.7433e+08,0.2950,48845.8220,6.4058e+07,0.4828,2.0670e+07,-0.0240,3.4404e+07,0.3372,0,1,1,0,0,1,1,1,0,0,0,0,0,1,0,0,1,3,0,1,0,0,0,5,0,0,0,5,1,1,0,0,1,1,0,0,0
VexiiRiscv_138,400MHz,129879.8620,5.2887e+07,0.5851,1.2221e+07,-0.1426,2.2198e+07,0.3217,76256.4510,5.2506e+07,0.5386,1.1579e+07,-0.2366,2.1259e+07,0.2732,73271.5160,6.9643e+09,-180.3508,1.3203e+09,-331.0193,2.7932e+09,-211.4177,73930.5500,3.1384e+08,0.6548,1.9174e+08,-0.0003,2.4067e+08,0.4147,76132.1270,5.2867e+07,0.6222,1.2218e+07,-0.0901,2.2189e+07,0.3583,0,0,1,1,1,1,1,1,0,1,0,0,1,0,0,1,0,2,1,1,1,0,0,5,2,2,0,0,3,1,4,0,1,1,1,0,1
VexiiRiscv_138,100MHz,129879.8620,2.9680e+07,5.1664,3.0384e+06,0.0803,7.9298e+06,3.9282,74943.2530,2.9146e+07,5.1549,2.8694e+06,0.1917,7.5843e+06,3.9238,73264.0330,1.7613e+09,-172.8508,3.3007e+08,-323.5193,7.0101e+08,-203.9177,73775.2820,9.0831e+07,6.0965,4.9460e+07,2.4912,6.1620e+07,5.0802,74976.2360,2.9670e+07,5.4119,3.0367e+06,0.4265,7.9255e+06,4.1961,0,0,1,1,1,1,1,1,0,1,0,0,1,0,0,1,0,2,1,1,1,0,0,5,2,2,0,0,3,1,4,0,1,1,1,0,1
VexiiRiscv_138,800MHz,130003.1460,8.9858e+07,0.2362,2.5078e+07,-0.1924,4.3694e+07,0.1034,78483.0900,8.5622e+07,-0.7305,2.3729e+07,-1.2374,4.1069e+07,-0.9341,73396.4010,1.3901e+10,-181.5354,2.6405e+09,-331.1673,5.5828e+09,-210.8817,74220.4570,6.1029e+08,0.3450,3.8148e+08,-0.0013,4.7935e+08,0.2205,79356.7080,8.9830e+07,0.2661,2.5071e+07,-0.1545,4.3680e+07,0.1235,0,0,1,1,1,1,1,1,0,1,0,0,1,0,0,1,0,2,1,1,1,0,0,5,2,2,0,0,3,1,4,0,1,1,1,0,1
VexiiRiscv_139,800MHz,45022.6860,6.5256e+07,0.3415,1.8239e+07,-0.1313,3.4424e+07,0.2065,26546.4500,5.9077e+07,0.3788,1.6469e+07,-0.0519,3.0755e+07,0.2424,25573.0230,5.9224e+08,-769.9193,3.7218e+08,-1429.6852,4.6880e+08,-910.1595,25897.1290,5.8628e+08,0.3916,3.7308e+08,-0.0022,4.6756e+08,0.2652,26651.8140,6.5241e+07,0.4053,1.8235e+07,-0.0799,3.4415e+07,0.2624,1,0,1,1,1,1,0,0,0,1,1,1,0,0,1,0,0,3,0,0,0,0,1,1,0,0,1,2,2,0,0,0,1,1,0,1,1
VexiiRiscv_139,100MHz,44380.7930,1.9060e+07,5.6777,2.2466e+06,-0.0177,5.9996e+06,4.3818,25779.0710,1.8137e+07,5.7697,2.0217e+06,0.5128,5.4837e+06,4.4828,25207.8620,8.6932e+07,-761.1693,4.6526e+07,-1420.9414,6.0474e+07,-901.4093,25309.7370,8.3184e+07,6.2659,4.8708e+07,2.3249,5.9847e+07,5.1356,25813.7630,1.9057e+07,5.9570,2.2460e+06,0.5144,5.9978e+06,4.6659,1,0,1,1,1,1,0,0,0,1,1,1,0,0,1,0,0,3,0,0,0,0,1,1,0,0,1,2,2,0,0,0,1,1,0,1,1
VexiiRiscv_139,400MHz,44578.1950,3.8471e+07,0.8774,8.9316e+06,-0.1041,1.8001e+07,0.6065,25855.2680,3.5351e+07,0.9021,8.0512e+06,-0.0001,1.6132e+07,0.6196,25299.8060,3.0340e+08,-768.6672,1.8609e+08,-1428.4484,2.3545e+08,-908.9113,25459.1090,2.9857e+08,0.8550,1.8771e+08,-0.0000,2.3452e+08,0.5573,25881.0140,3.8463e+07,1.0041,8.9296e+06,-0.0372,1.7997e+07,0.7105,1,0,1,1,1,1,0,0,0,1,1,1,0,0,1,0,0,3,0,0,0,0,1,1,0,0,1,2,2,0,0,0,1,1,0,1,1
VexiiRiscv_14,100MHz,19776.6560,3.1686e+06,6.4165,6.3068e+05,1.9072,1.0652e+06,5.3290,11471.6790,3.1510e+06,6.5090,6.1888e+05,2.2676,1.0485e+06,5.4391,11278.7360,7.3295e+07,8.0408,4.6009e+07,5.8666,5.7464e+07,7.4369,11295.4800,7.0875e+07,6.6567,4.6853e+07,3.1382,5.7074e+07,5.6211,11503.3750,3.1675e+06,6.6298,6.3048e+05,2.2392,1.0647e+06,5.5620,1,0,1,0,1,1,1,0,0,0,0,1,1,1,1,1,1,4,1,0,0,0,1,4,0,2,1,2,0,2,3,1,1,1,1,1,1
VexiiRiscv_14,800MHz,20306.6740,1.2105e+07,0.4401,5.2078e+06,-0.0560,7.2244e+06,0.3008,11945.3350,1.2068e+07,0.4751,5.1073e+06,0.0000,7.1096e+06,0.3287,11577.1240,5.6277e+08,0.2933,3.6806e+08,-0.4723,4.5675e+08,0.0638,11714.1700,5.5509e+08,0.4256,3.6858e+08,-0.0002,4.5544e+08,0.2956,12026.6490,1.2101e+07,0.5025,5.2068e+06,-0.0250,7.2227e+06,0.3518,1,0,1,0,1,1,1,0,0,0,0,1,1,1,1,1,1,4,1,0,0,0,1,4,0,2,1,2,0,2,3,1,1,1,1,1,1
VexiiRiscv_14,400MHz,19908.5040,7.1198e+06,1.0764,2.5135e+06,-0.0903,3.6784e+06,0.7676,11458.2180,7.1308e+06,1.0567,2.4672e+06,0.0004,3.6243e+06,0.7470,11353.2100,2.8303e+08,1.1677,1.8403e+08,-0.0418,2.2857e+08,0.8365,11399.1610,2.7822e+08,0.8871,1.8472e+08,0.0001,2.2775e+08,0.5992,11493.0610,7.1179e+06,1.1465,2.5130e+06,-0.0489,3.6775e+06,0.8285,1,0,1,0,1,1,1,0,0,0,0,1,1,1,1,1,1,4,1,0,0,0,1,4,0,2,1,2,0,2,3,1,1,1,1,1,1
VexiiRiscv_140,100MHz,4859.8200,1.0600e+06,7.8677,2.8464e+05,5.1372,4.4095e+05,7.2186,2861.1590,1.0550e+06,7.8624,2.8016e+05,5.3528,4.3575e+05,7.2209,2847.2320,1.3208e+06,8.7383,2.4290e+05,7.4269,4.3135e+05,8.3667,2839.0240,1.0253e+06,7.8503,2.5473e+05,5.7006,4.0082e+05,7.2163,2872.5810,1.0597e+06,7.9512,2.8457e+05,5.2699,4.4081e+05,7.3009,0,1,0,1,1,1,1,0,1,0,0,1,1,1,0,1,1,0,0,0,0,1,1,5,3,1,1,3,3,0,6,0,0,1,0,1,0
VexiiRiscv_140,400MHz,4859.8200,2.6828e+06,1.1788,1.1709e+06,-0.0637,1.6145e+06,0.8495,2854.0720,2.6444e+06,1.1603,1.1537e+06,0.0011,1.5868e+06,0.8379,2848.1080,2.8655e+06,1.2353,9.7066e+05,-0.0840,1.4209e+06,0.8626,2843.9080,2.6784e+06,1.1032,1.0168e+06,0.0004,1.4453e+06,0.7742,2856.8360,2.6822e+06,1.2129,1.1706e+06,-0.0188,1.6141e+06,0.8831,0,1,0,1,1,1,1,0,1,0,0,1,1,1,0,1,1,0,0,0,0,1,1,5,3,1,1,3,3,0,6,0,0,1,0,1,0
VexiiRiscv_140,800MHz,4975.1150,4.9497e+06,0.4569,2.3399e+06,-0.0457,3.1728e+06,0.3098,2967.4790,4.8598e+06,0.4734,2.3023e+06,-0.0000,3.1117e+06,0.3245,2900.8030,4.9622e+06,0.5302,1.9412e+06,-0.0604,2.7455e+06,0.3527,2917.4240,5.0519e+06,0.4313,2.0371e+06,0.0003,2.8708e+06,0.2983,2983.0330,4.9485e+06,0.4931,2.3394e+06,-0.0223,3.1720e+06,0.3469,0,1,0,1,1,1,1,0,1,0,0,1,1,1,0,1,1,0,0,0,0,1,1,5,3,1,1,3,3,0,6,0,0,1,0,1,0
VexiiRiscv_141,800MHz,198321.9140,1.5244e+08,0.2606,4.4016e+07,-0.1480,7.7287e+07,0.1522,117199.3910,1.4605e+08,-0.1161,4.0388e+07,-0.4951,7.1378e+07,-0.2447,111522.0130,4.5935e+10,-776.6103,1.2249e+09,-1439.9476,1.1771e+10,-912.6968,112931.3270,6.6627e+08,0.3631,3.9125e+08,-0.0005,5.0209e+08,0.2338,117666.3170,1.5239e+08,0.3015,4.4004e+07,-0.1006,7.7263e+07,0.1758,1,0,0,0,0,0,0,0,0,1,1,0,1,1,0,1,0,2,0,1,1,0,0,6,1,2,1,5,2,2,6,0,0,0,1,1,0
VexiiRiscv_141,100MHz,197641.1430,5.4632e+07,5.1916,5.4314e+06,-0.0956,1.5190e+07,3.9204,113589.6500,5.2787e+07,5.1825,4.9694e+06,0.0576,1.4127e+07,3.9105,111251.1910,5.7835e+09,-765.5931,1.5313e+08,-1430.1919,1.4770e+09,-903.9064,112188.0790,1.1272e+08,5.4185,5.2534e+07,1.3300,6.6506e+07,4.2814,113649.2270,5.4616e+07,5.3709,5.4288e+06,0.1718,1.5183e+07,4.0883,1,0,0,0,0,0,0,0,0,1,1,0,1,1,0,1,0,2,0,1,1,0,0,6,1,2,1,5,2,2,6,0,0,0,1,1,0
VexiiRiscv_141,400MHz,,,,,,,,118378.7440,9.6750e+07,0.2016,1.9976e+07,-0.8592,3.9455e+07,-0.1002,111321.2600,2.2991e+10,-775.3260,6.1243e+08,-1438.7075,5.8887e+09,-911.3787,112339.9680,3.4926e+08,0.8319,1.9764e+08,-0.0008,2.5301e+08,0.5471,,,,,,,,1,0,0,0,0,0,0,0,0,1,1,0,1,1,0,1,0,2,0,1,1,0,0,6,1,2,1,5,2,2,6,0,0,0,1,1,0
VexiiRiscv_142,800MHz,66482.7480,2.9001e+07,0.3294,1.0383e+07,-0.0873,1.5631e+07,0.2045,38486.3820,2.8499e+07,0.3602,9.9014e+06,-0.0344,1.4962e+07,0.2275,37687.1280,5.7250e+08,-198.7751,3.7169e+08,-372.5115,4.6208e+08,-235.9679,38036.5560,5.7077e+08,0.3760,3.7202e+08,-0.0173,4.6195e+08,0.2407,38573.5510,2.8991e+07,0.3653,1.0380e+07,-0.0522,1.5627e+07,0.2369,1,0,0,1,0,1,0,1,1,0,1,1,0,0,1,0,0,0,0,1,0,0,0,2,3,1,1,3,0,2,3,1,1,0,0,1,0
VexiiRiscv_142,400MHz,66453.3630,1.8004e+07,0.8957,5.1220e+06,-0.0858,8.1766e+06,0.6133,38193.1510,1.7748e+07,0.9259,4.8855e+06,0.0002,7.8457e+06,0.6380,37662.5310,2.9197e+08,-198.0270,1.8585e+08,-372.0373,2.3179e+08,-235.2905,37898.4420,2.8862e+08,0.8215,1.8662e+08,-0.0000,2.3132e+08,0.5341,38312.2350,1.7997e+07,0.9580,5.1204e+06,-0.0314,8.1733e+06,0.6776,1,0,0,1,0,1,0,1,1,0,1,1,0,0,1,0,0,0,0,1,0,0,0,2,3,1,1,3,0,2,3,1,1,0,0,1,0
VexiiRiscv_142,100MHz,66453.3630,1.0221e+07,5.8843,1.2730e+06,0.6711,2.7353e+06,4.6529,38080.5230,1.0141e+07,6.0073,1.2129e+06,0.9720,2.6476e+06,4.7795,37638.5220,8.1407e+07,-172.9809,4.6465e+07,-324.8223,5.9039e+07,-203.2786,37819.2350,7.7228e+07,5.8309,4.7584e+07,1.5154,5.8410e+07,4.6103,38144.5320,1.0216e+07,6.1766,1.2723e+06,1.0772,2.7334e+06,4.9501,1,0,0,1,0,1,0,1,1,0,1,1,0,0,1,0,0,0,0,1,0,0,0,2,3,1,1,3,0,2,3,1,1,0,0,1,0
VexiiRiscv_143,800MHz,45996.7290,5.5971e+07,0.3434,1.4664e+07,-0.0709,2.9014e+07,0.2114,26986.2210,4.9979e+07,0.3489,1.2914e+07,-0.0300,2.5405e+07,0.2166,26079.9900,4.5373e+09,-1176.9756,3.7756e+08,-2332.2056,1.4129e+09,-1415.7776,26370.3340,5.8203e+08,0.3775,3.7086e+08,-0.0002,4.6488e+08,0.2498,27019.0670,5.5954e+07,0.3874,1.4659e+07,-0.0334,2.9005e+07,0.2556,0,0,0,1,0,0,1,0,0,1,0,1,1,0,1,0,0,4,1,0,1,1,1,3,1,1,1,0,2,0,1,0,1,0,1,0,0
VexiiRiscv_143,400MHz,45820.6130,3.5010e+07,0.9795,7.2994e+06,-0.0768,1.5752e+07,0.7115,26490.8000,3.1771e+07,0.9821,6.4195e+06,0.0001,1.3852e+07,0.7096,26009.2640,2.2944e+09,-1382.0479,1.8876e+08,-2710.7837,7.1189e+08,-1651.8633,26193.6710,2.9683e+08,0.8972,1.8665e+08,0.0022,2.3324e+08,0.6292,26509.7060,3.5000e+07,1.1193,7.2969e+06,-0.0080,1.5747e+07,0.8191,0,0,0,1,0,0,1,0,0,1,0,1,1,0,1,0,0,4,1,0,1,1,1,3,1,1,1,0,2,0,1,0,1,0,1,0,0
VexiiRiscv_143,100MHz,45820.6130,1.8344e+07,6.6615,1.8103e+06,2.3805,5.3740e+06,5.6629,26398.6930,1.7486e+07,6.7230,1.5907e+06,2.6722,4.8808e+06,5.7228,26009.2640,5.8513e+08,-1374.5479,4.7195e+07,-2703.2837,1.7965e+08,-1644.3633,26166.8990,8.3151e+07,6.9860,4.8511e+07,4.0027,5.9576e+07,6.1031,26413.1250,1.8340e+07,6.8578,1.8095e+06,2.7084,5.3720e+06,5.8802,0,0,0,1,0,0,1,0,0,1,0,1,1,0,1,0,0,4,1,0,1,1,1,3,1,1,1,0,2,0,1,0,1,0,1,0,0
VexiiRiscv_144,400MHz,8418.6990,3.4585e+06,1.2228,1.3640e+06,-0.0635,1.9338e+06,0.8800,4873.6910,3.4144e+06,1.2330,1.3385e+06,0.0002,1.8951e+06,0.8866,4861.9810,2.7545e+08,1.3873,1.8321e+08,0.1084,2.2632e+08,1.0497,4856.4820,2.7480e+08,1.1475,1.8374e+08,0.0008,2.2625e+08,0.8268,4876.5920,3.4577e+06,1.2530,1.3638e+06,-0.0119,1.9333e+06,0.9103,0,1,0,0,0,0,1,1,0,1,1,0,1,1,0,0,1,2,0,0,0,1,1,6,1,2,1,2,0,2,5,0,1,0,1,1,1
VexiiRiscv_144,100MHz,8418.6990,1.4702e+06,8.0455,3.4053e+05,5.6388,5.4914e+05,7.5005,4881.2290,1.4515e+06,8.0917,3.3354e+05,5.8759,5.3778e+05,7.5234,4860.5180,6.9999e+07,8.8924,4.5803e+07,7.6084,5.6729e+07,8.5497,4853.8830,6.9297e+07,7.9900,4.6601e+07,5.7584,5.6629e+07,7.4757,4910.4500,1.4697e+06,8.1627,3.4043e+05,5.8427,5.4891e+05,7.5894,0,1,0,0,0,0,1,1,0,1,1,0,1,1,0,0,1,2,0,0,0,1,1,6,1,2,1,2,0,2,5,0,1,0,1,1,1
VexiiRiscv_144,800MHz,8667.7030,6.0074e+06,0.4829,2.8078e+06,-0.0445,3.7973e+06,0.3359,5106.0740,5.8881e+06,0.5108,2.7555e+06,-0.0000,3.7145e+06,0.3516,4987.9060,5.4947e+08,0.4038,3.6642e+08,-0.2895,4.5246e+08,0.1955,5008.8640,5.4910e+08,0.4854,3.6662e+08,-0.0001,4.5249e+08,0.3403,5120.4930,6.0061e+06,0.5454,2.8073e+06,-0.0215,3.7965e+06,0.3882,0,1,0,0,0,0,1,1,0,1,1,0,1,1,0,0,1,2,0,0,0,1,1,6,1,2,1,2,0,2,5,0,1,0,1,1,1
VexiiRiscv_145,400MHz,53718.4870,1.8320e+07,1.1753,5.5012e+06,-0.0672,8.6135e+06,0.8433,30923.7490,1.8077e+07,1.1379,5.3462e+06,0.0002,8.3810e+06,0.8029,30413.2660,2.8987e+08,1.1610,1.8600e+08,0.2288,2.3145e+08,0.8446,30633.1720,2.8772e+08,0.9377,1.8719e+08,0.0005,2.3174e+08,0.6650,30952.5870,1.8312e+07,1.2106,5.4996e+06,-0.0221,8.6101e+06,0.8724,1,1,0,1,0,0,0,0,1,0,1,1,0,1,0,0,1,1,0,1,1,0,1,3,3,0,1,6,2,2,2,0,0,0,1,0,1
VexiiRiscv_145,800MHz,53771.3470,2.8863e+07,0.3914,1.1282e+07,-0.0444,1.6235e+07,0.2761,31108.1970,2.9027e+07,0.4329,1.0937e+07,0.0001,1.5884e+07,0.3001,30463.0620,5.7026e+08,0.4178,3.7200e+08,-0.1985,4.6169e+08,0.2396,30758.3450,5.7062e+08,0.4079,3.7333e+08,-0.0002,4.6299e+08,0.2765,31206.8440,2.8852e+07,0.4635,1.1280e+07,-0.0155,1.6229e+07,0.3289,1,1,0,1,0,0,0,0,1,0,1,1,0,1,0,0,1,1,0,1,1,0,1,3,3,0,1,6,2,2,2,0,0,0,1,0,1
VexiiRiscv_145,100MHz,53692.0570,9.4130e+06,7.2296,1.3669e+06,3.7889,2.7300e+06,6.3684,30953.9540,9.3285e+06,7.2179,1.3286e+06,3.9639,2.6634e+06,6.3762,30389.7910,7.9518e+07,8.1316,4.6506e+07,6.3440,5.8768e+07,7.6217,30641.9960,7.6070e+07,7.2285,4.7589e+07,4.0928,5.8381e+07,6.4512,30985.2270,9.4087e+06,7.3256,1.3662e+06,3.8863,2.7281e+06,6.4676,1,1,0,1,0,0,0,0,1,0,1,1,0,1,0,0,1,1,0,1,1,0,1,3,3,0,1,6,2,2,2,0,0,0,1,0,1
VexiiRiscv_146,800MHz,225320.6260,1.5115e+08,0.3263,4.5202e+07,-0.1020,7.8970e+07,0.2043,130287.0340,1.4146e+08,0.3707,4.0920e+07,-0.0008,7.1585e+07,0.2447,126778.1960,1.1819e+10,-198.7602,1.4449e+09,-372.3853,4.0408e+09,-235.8695,128129.2190,6.7634e+08,0.3460,3.9154e+08,-0.0004,5.0504e+08,0.2366,130836.8880,1.5111e+08,0.4011,4.5192e+07,-0.0294,7.8950e+07,0.2717,1,0,0,1,1,0,0,1,1,0,1,0,0,0,0,0,0,1,0,0,1,0,0,4,3,0,1,5,2,0,4,0,1,1,0,1,0
VexiiRiscv_146,100MHz,224984.6720,5.4497e+07,5.7569,5.5976e+06,0.5652,1.4871e+07,4.5553,128183.6520,5.3040e+07,5.8447,5.0575e+06,0.7649,1.3838e+07,4.6614,126651.4510,1.5269e+09,-173.0962,1.8064e+08,-324.7119,5.1193e+08,-203.3228,127588.0790,1.1812e+08,5.8760,5.3083e+07,1.6257,6.7460e+07,4.6769,128451.9300,5.4480e+07,6.1146,5.5949e+06,0.9513,1.4864e+07,4.8781,1,0,0,1,1,0,0,1,1,0,1,0,0,0,0,0,0,1,0,0,1,0,0,4,3,0,1,5,2,0,4,0,1,1,0,1,0
VexiiRiscv_146,400MHz,224984.6720,9.5900e+07,0.7970,2.2336e+07,-0.1076,4.2211e+07,0.5473,128493.0790,9.0900e+07,0.9280,2.0191e+07,0.0000,3.8438e+07,0.6453,126651.6280,5.9370e+09,-198.0331,7.2248e+08,-372.1597,2.0239e+09,-235.3551,127590.1860,3.5681e+08,0.8636,1.9808e+08,-0.0006,2.5484e+08,0.5808,128878.8550,9.5870e+07,1.0411,2.2330e+07,-0.0320,4.2198e+07,0.7526,1,0,0,1,1,0,0,1,1,0,1,0,0,0,0,0,0,1,0,0,1,0,0,4,3,0,1,5,2,0,4,0,1,1,0,1,0
VexiiRiscv_147,100MHz,224486.9130,8.2800e+07,5.9241,8.2145e+06,0.7796,2.4137e+07,4.6983,128226.6760,7.9005e+07,6.0475,7.2662e+06,1.2264,2.1952e+07,4.8460,126355.7990,1.1153e+10,-765.5261,1.2281e+08,-1431.7386,2.6994e+09,-904.1576,127604.4140,1.3949e+08,6.1170,5.6592e+07,1.8982,7.2442e+07,4.9753,128491.4930,8.2780e+07,6.2663,8.2111e+06,1.2991,2.4128e+07,5.0679,1,0,0,0,1,0,0,0,1,1,0,0,0,0,0,1,0,1,0,1,1,1,0,0,1,1,1,5,3,2,2,1,0,0,1,0,0
VexiiRiscv_147,800MHz,224984.6720,2.2717e+08,0.2904,6.5754e+07,-0.0854,1.1959e+08,0.1622,130017.4560,2.0688e+08,0.3308,5.8431e+07,-0.0001,1.0617e+08,0.2097,126641.0810,8.8351e+10,-774.2756,9.8402e+08,-1440.4702,2.1439e+10,-912.8971,128299.6170,7.3168e+08,0.3266,3.9879e+08,-0.1108,5.2683e+08,0.2065,130654.8340,2.2710e+08,0.4120,6.5738e+07,-0.0204,1.1956e+08,0.2922,1,0,0,0,1,0,0,0,1,1,0,0,0,0,0,1,0,1,0,1,1,1,0,0,1,1,1,5,3,2,2,1,0,0,1,0,0
VexiiRiscv_147,400MHz,224540.9210,1.5868e+08,0.8740,3.2798e+07,-0.0640,7.1452e+07,0.6049,128404.1460,1.4481e+08,0.9021,2.9039e+07,0.0008,6.3109e+07,0.6100,126422.1600,4.4210e+10,-773.0231,4.9201e+08,-1439.2163,1.0724e+10,-911.6230,127619.4750,3.9243e+08,0.8643,2.0319e+08,-0.0002,2.6700e+08,0.5796,128629.7980,1.5864e+08,0.9672,3.2790e+07,-0.0074,7.1433e+07,0.6932,1,0,0,0,1,0,0,0,1,1,0,0,0,0,0,1,0,1,0,1,1,1,0,0,1,1,1,5,3,2,2,1,0,0,1,0,0
VexiiRiscv_148,400MHz,5762.3990,2.9602e+06,1.2206,1.3131e+06,-0.0638,1.7856e+06,0.8793,3374.2130,2.9259e+06,1.2103,1.2930e+06,0.0013,1.7560e+06,0.8706,3363.2690,3.3001e+06,1.1796,1.0800e+06,-0.1508,1.6020e+06,0.8135,3356.7430,2.9761e+06,1.1462,1.1324e+06,0.0003,1.6095e+06,0.8466,3375.5940,2.9594e+06,1.2676,1.3128e+06,-0.0037,1.7851e+06,0.9287,0,1,1,0,1,0,0,1,1,1,0,1,1,1,0,1,1,1,0,0,1,1,1,4,2,0,0,3,1,0,3,0,0,0,0,1,1
VexiiRiscv_148,100MHz,5771.0450,1.1897e+06,8.2754,3.2417e+05,6.1088,4.9466e+05,7.7412,3386.0870,1.1865e+06,8.2777,3.1887e+05,6.2213,4.8792e+05,7.7621,3364.5550,1.5686e+06,8.6782,2.7030e+05,7.3498,4.9617e+05,8.3121,3358.4950,1.1640e+06,8.2013,2.8647e+05,6.1257,4.4925e+05,7.7596,3383.6250,1.1893e+06,8.3444,3.2407e+05,6.2014,4.9447e+05,7.8087,0,1,1,0,1,0,0,1,1,1,0,1,1,1,0,1,1,1,0,0,1,1,1,4,2,0,0,3,1,0,3,0,0,0,0,1,1
VexiiRiscv_148,800MHz,5879.1170,5.4073e+06,0.4683,2.6674e+06,-0.0451,3.5605e+06,0.3259,3466.5810,5.3049e+06,0.4797,2.6241e+06,-0.0000,3.4906e+06,0.3420,3411.7100,5.6320e+06,0.4846,2.1608e+06,-0.0903,3.0806e+06,0.2998,3413.2420,5.5601e+06,0.4634,2.2745e+06,0.0001,3.1963e+06,0.3345,3478.3320,5.4057e+06,0.4985,2.6668e+06,-0.0201,3.5595e+06,0.3534,0,1,1,0,1,0,0,1,1,1,0,1,1,1,0,1,1,1,0,0,1,1,1,4,2,0,0,3,1,0,3,0,0,0,0,1,1
VexiiRiscv_149,100MHz,29390.4680,6.4539e+06,6.2632,1.4687e+06,1.5725,2.4388e+06,5.1266,17067.8240,6.4096e+06,6.2943,1.4364e+06,1.8184,2.3923e+06,5.1642,16754.6210,7.6352e+07,7.8151,4.6626e+07,5.4674,5.8523e+07,7.1490,16841.7080,7.3743e+07,6.2402,4.7547e+07,2.1992,5.8144e+07,5.1313,17086.0190,6.4518e+06,6.4656,1.4683e+06,1.8837,2.4379e+06,5.3442,1,0,1,1,1,0,1,1,1,1,0,1,0,1,0,0,0,2,0,1,1,0,0,1,3,2,0,0,2,2,5,1,0,0,0,0,0
VexiiRiscv_149,400MHz,29492.3840,1.5922e+07,1.0953,5.8157e+06,-0.0879,8.6298e+06,0.7817,17191.3690,1.5822e+07,1.0770,5.6848e+06,0.0006,8.4415e+06,0.7556,16783.4450,2.8920e+08,1.0616,1.8649e+08,-0.0046,2.3198e+08,0.7067,16887.3580,2.8530e+08,0.8952,1.8730e+08,0.0005,2.3147e+08,0.6136,17200.5340,1.5918e+07,1.1577,5.8147e+06,-0.0331,8.6279e+06,0.8308,1,0,1,1,1,0,1,1,1,1,0,1,0,1,0,0,0,2,0,1,1,0,0,1,3,2,0,0,2,2,5,1,0,0,0,0,0
VexiiRiscv_149,800MHz,29551.1530,2.5875e+07,0.4491,1.1988e+07,-0.0573,1.6403e+07,0.3090,17215.3220,2.5579e+07,0.4391,1.1728e+07,0.0000,1.6048e+07,0.2965,16836.7560,5.7277e+08,0.2902,3.7299e+08,-0.4609,4.6323e+08,0.0551,16990.8750,5.6770e+08,0.4222,3.7369e+08,-0.0001,4.6269e+08,0.2913,17272.6010,2.5869e+07,0.4692,1.1986e+07,-0.0224,1.6400e+07,0.3279,1,0,1,1,1,0,1,1,1,1,0,1,0,1,0,0,0,2,0,1,1,0,0,1,3,2,0,0,2,2,5,1,0,0,0,0,0
VexiiRiscv_15,100MHz,15967.2140,2.6533e+06,7.2066,4.7174e+05,3.6672,8.4761e+05,6.3737,9274.0550,2.6334e+06,7.2806,4.5957e+05,3.9887,8.2985e+05,6.4591,9155.9010,4.3599e+06,8.6777,3.5466e+05,7.3126,1.0382e+06,8.3072,9201.8520,2.5381e+06,7.2962,4.5236e+05,4.6324,7.5393e+05,6.5120,9281.9890,2.6522e+06,7.3800,4.7155e+05,3.9527,8.4715e+05,6.5542,0,0,0,1,1,1,0,0,0,0,1,0,0,1,0,1,1,1,1,1,1,0,1,3,1,1,1,3,1,1,1,0,0,0,0,0,1
VexiiRiscv_15,400MHz,15967.2140,5.6366e+06,1.0224,1.8584e+06,-0.0702,2.8387e+06,0.7322,9266.9280,5.6412e+06,1.0788,1.8057e+06,0.0009,2.7736e+06,0.7634,9155.9010,8.9361e+06,1.1777,1.4153e+06,-0.1874,3.0509e+06,0.8072,9212.5220,5.3983e+06,1.0384,1.6366e+06,0.0028,2.4953e+06,0.7437,9292.4270,5.6349e+06,1.1488,1.8580e+06,-0.0086,2.8379e+06,0.8483,0,0,0,1,1,1,0,0,0,0,1,0,0,1,0,1,1,1,1,1,1,0,1,3,1,1,1,3,1,1,1,0,0,0,0,0,1
VexiiRiscv_15,800MHz,16161.1420,9.1816e+06,0.4415,3.7964e+06,-0.0425,5.3690e+06,0.3131,9435.3420,9.2151e+06,0.4560,3.6953e+06,0.0002,5.2619e+06,0.3196,9250.3890,1.5238e+07,0.4754,2.8312e+06,-0.1427,5.7719e+06,0.2882,9331.4430,9.3316e+06,0.4449,3.2372e+06,0.0001,4.8622e+06,0.2988,9466.2040,9.1787e+06,0.4848,3.7956e+06,-0.0222,5.3676e+06,0.3429,0,0,0,1,1,1,0,0,0,0,1,0,0,1,0,1,1,1,1,1,1,0,1,3,1,1,1,3,1,1,1,0,0,0,0,0,1
VexiiRiscv_150,400MHz,81810.0120,3.2384e+07,0.8705,7.6640e+06,-0.0822,1.4046e+07,0.5963,47284.1000,3.1231e+07,0.8847,7.1077e+06,-0.0000,1.3086e+07,0.6087,46204.0360,3.0429e+08,-181.2036,1.8638e+08,-331.6629,2.3510e+08,-212.3447,46608.6770,2.9846e+08,0.9305,1.8807e+08,0.0025,2.3455e+08,0.6422,47367.0550,3.2374e+07,0.9361,7.6618e+06,-0.0576,1.4041e+07,0.6458,0,0,1,1,1,1,0,1,0,1,0,1,0,0,1,0,1,3,1,1,1,0,1,4,2,0,1,6,3,1,0,0,1,1,0,0,0
VexiiRiscv_150,800MHz,82077.9480,4.7528e+07,0.2936,1.5327e+07,-0.0762,2.4833e+07,0.1799,47709.0960,4.5670e+07,0.3283,1.4203e+07,-0.0001,2.3100e+07,0.2134,46331.5880,5.8984e+08,-182.9892,3.7273e+08,-335.5324,4.6759e+08,-214.8929,46907.5300,5.8602e+08,0.3894,3.7432e+08,0.0000,4.6782e+08,0.2581,47851.2720,4.7512e+07,0.4023,1.5323e+07,-0.0189,2.4825e+07,0.2891,0,0,1,1,1,1,0,1,0,1,0,1,0,0,1,0,1,3,1,1,1,0,1,4,2,0,1,6,3,1,0,0,1,1,0,0,0
VexiiRiscv_150,100MHz,81810.0120,1.7597e+07,6.3554,1.8660e+06,1.9287,4.7123e+06,5.3276,46896.0660,1.7154e+07,6.2871,1.7280e+06,2.1051,4.4341e+06,5.2343,46198.9060,8.9835e+07,-173.7036,4.6600e+07,-324.1629,6.0661e+07,-204.8447,46543.4640,8.3212e+07,6.4048,4.8409e+07,2.8376,5.9703e+07,5.4503,46937.1750,1.7591e+07,6.5610,1.8651e+06,2.2546,4.7098e+06,5.5415,0,0,1,1,1,1,0,1,0,1,0,1,0,0,1,0,1,3,1,1,1,0,1,4,2,0,1,6,3,1,0,0,1,1,0,0,0
VexiiRiscv_151,400MHz,60648.1730,5.3996e+07,1.1279,1.1891e+07,-0.0409,2.5140e+07,0.8511,34826.5990,4.9029e+07,1.1382,1.0625e+07,0.0003,2.2266e+07,0.8511,34296.1020,5.9182e+09,-772.9331,4.3419e+08,-1437.1426,1.7615e+09,-911.3585,34471.8210,3.1028e+08,1.0633,1.8982e+08,0.0014,2.3884e+08,0.7866,34859.3350,5.3983e+07,1.3252,1.1888e+07,-0.0157,2.5133e+07,0.9892,0,1,1,0,1,0,1,0,0,0,1,1,1,0,0,0,1,0,1,1,1,0,0,0,2,3,0,2,3,2,1,1,0,0,1,1,1
VexiiRiscv_151,100MHz,60648.1730,2.7621e+07,7.3544,2.9628e+06,4.1524,8.4545e+06,6.6424,35218.9410,2.6226e+07,7.6707,2.6422e+06,4.7715,7.6864e+06,6.9846,34296.1020,1.4955e+09,-765.4331,1.0855e+08,-1429.6426,4.4271e+08,-903.8585,34459.4680,9.0363e+07,7.5502,4.9806e+07,5.5610,6.1536e+07,6.8994,35254.0030,2.7615e+07,7.7392,2.9617e+06,4.7223,8.4518e+06,7.0389,0,1,1,0,1,0,1,0,0,0,1,1,1,0,0,0,1,0,1,1,1,0,0,0,2,3,0,2,3,2,1,1,0,0,1,1,1
VexiiRiscv_151,800MHz,60878.9000,9.5976e+07,0.3444,2.4167e+07,-0.1578,4.9992e+07,0.2163,35404.4690,8.4627e+07,0.4121,2.1577e+07,0.0000,4.3783e+07,0.2925,34417.6490,1.1815e+10,-774.2634,8.6835e+08,-1438.4885,3.5200e+09,-912.6324,34687.9520,6.0427e+08,0.4023,3.7653e+08,-0.0011,4.7538e+08,0.2767,35675.6210,9.5950e+07,0.4286,2.4161e+07,-0.0473,4.9978e+07,0.3143,0,1,1,0,1,0,1,0,0,0,1,1,1,0,0,0,1,0,1,1,1,0,0,0,2,3,0,2,3,2,1,1,0,0,1,1,1
VexiiRiscv_152,800MHz,121019.4360,6.6860e+07,0.2678,1.8900e+07,-0.1239,3.1843e+07,0.1461,72077.3760,6.8234e+07,0.0330,1.8046e+07,-0.4418,3.1034e+07,-0.1289,68167.7960,5.9236e+08,0.5053,3.7525e+08,-0.1102,4.6957e+08,0.3167,68870.9340,5.9429e+08,0.3691,3.7794e+08,-0.0027,4.7234e+08,0.2522,72460.0740,6.6829e+07,0.2974,1.8894e+07,-0.0901,3.1829e+07,0.1703,0,1,0,0,1,0,1,1,0,0,0,0,1,1,0,0,1,4,0,0,1,0,0,5,2,2,1,4,0,1,0,0,1,1,1,1,0
VexiiRiscv_152,400MHz,120773.2780,4.2455e+07,0.9143,9.1283e+06,-0.1379,1.6975e+07,0.6277,70115.3210,4.2219e+07,0.9616,8.6733e+06,0.0007,1.6301e+07,0.6876,68045.6190,3.0711e+08,1.3986,1.8763e+08,0.1084,2.3620e+08,1.0497,68592.1080,3.0315e+08,0.9446,1.8974e+08,0.0007,2.3679e+08,0.6853,70186.2380,4.2436e+07,0.9811,9.1247e+06,-0.0696,1.6967e+07,0.6871,0,1,0,0,1,0,1,1,0,0,0,0,1,1,0,0,1,4,0,0,1,0,0,5,2,2,1,4,0,1,0,0,1,1,1,1,0
VexiiRiscv_152,100MHz,120773.2780,2.4672e+07,6.6177,2.2557e+06,3.2321,6.1406e+06,5.8148,69992.9400,2.4228e+07,6.7488,2.1503e+06,3.5397,5.8950e+06,5.9342,68044.3470,9.3045e+07,8.8986,4.6913e+07,7.6084,6.1148e+07,8.5497,68661.3560,8.6039e+07,7.1770,4.8622e+07,5.0848,6.0349e+07,6.5394,70286.1160,2.4662e+07,6.7942,2.2542e+06,3.5040,6.1366e+06,5.9881,0,1,0,0,1,0,1,1,0,0,0,0,1,1,0,0,1,4,0,0,1,0,0,5,2,2,1,4,0,1,0,0,1,1,1,1,0
VexiiRiscv_153,100MHz,19383.7390,4.6450e+06,7.2261,8.3555e+05,3.8079,1.5606e+06,6.4290,11167.0660,4.5618e+06,7.3966,7.9894e+05,4.1926,1.4996e+06,6.5965,11056.6550,7.3732e+07,8.7256,4.6110e+07,7.4491,5.7638e+07,8.3688,11066.1620,7.2248e+07,7.5925,4.7105e+07,5.0513,5.7427e+07,6.8798,11167.2300,4.6436e+06,7.5069,8.3527e+05,4.1794,1.5600e+06,6.7043,0,1,1,1,1,1,1,0,1,1,0,1,0,1,0,1,0,3,0,0,0,1,0,1,3,2,1,1,2,0,1,1,1,1,0,0,0
VexiiRiscv_153,800MHz,19482.4270,1.6678e+07,0.4472,6.7893e+06,-0.0591,9.9790e+06,0.3049,11381.6100,1.5990e+07,0.4798,6.5010e+06,0.0000,9.4912e+06,0.3341,11109.6520,5.5936e+08,0.3186,3.6887e+08,-0.4345,4.5694e+08,0.0800,11182.7710,5.5873e+08,0.4463,3.6928e+08,-0.0000,4.5705e+08,0.3100,11422.4170,1.6674e+07,0.4931,6.7881e+06,-0.0299,9.9769e+06,0.3466,0,1,1,1,1,1,1,0,1,1,0,1,0,1,0,1,0,3,0,0,0,1,0,1,3,2,1,1,2,0,1,1,1,1,0,0,0
VexiiRiscv_153,400MHz,19383.7390,1.0156e+07,1.0346,3.3262e+06,-0.0696,5.2350e+06,0.7323,11222.1010,9.8102e+06,1.1280,3.1817e+06,0.0003,4.9812e+06,0.8008,11056.6550,2.8175e+08,1.2256,1.8443e+08,-0.0509,2.2875e+08,0.8688,11092.3320,2.8065e+08,1.0657,1.8518e+08,0.0000,2.2868e+08,0.7316,11226.7250,1.0154e+07,1.1671,3.3256e+06,-0.0253,5.2338e+06,0.8584,0,1,1,1,1,1,1,0,1,1,0,1,0,1,0,1,0,3,0,0,0,1,0,1,3,2,1,1,2,0,1,1,1,1,0,0,0
VexiiRiscv_154,400MHz,40999.5620,1.8100e+07,1.2289,5.1759e+06,-0.0697,8.6273e+06,0.8834,23640.0660,1.7530e+07,1.2143,4.8347e+06,0.0011,8.0943e+06,0.8644,23307.6280,2.9014e+08,1.4072,1.8528e+08,0.5475,2.3130e+08,1.1342,23462.1570,2.8848e+08,1.0453,1.8659e+08,0.0011,2.3147e+08,0.7118,23720.5040,1.8094e+07,1.2688,5.1744e+06,-0.0203,8.6244e+06,0.9245,1,0,0,0,1,0,1,0,1,0,1,1,0,1,0,1,1,1,0,0,0,0,0,2,3,0,0,4,0,0,1,1,1,0,1,1,1
VexiiRiscv_154,100MHz,40999.5620,9.4030e+06,7.8039,1.2981e+06,4.9936,2.7486e+06,7.0951,23679.9430,9.2148e+06,7.7780,1.2192e+06,5.1328,2.6169e+06,7.0902,23306.2050,7.9828e+07,8.3227,4.6321e+07,6.3535,5.8824e+07,7.7840,23474.4970,7.7055e+07,7.7432,4.7735e+07,5.4355,5.8492e+07,7.0396,23708.0010,9.3998e+06,7.8525,1.2975e+06,5.0627,2.7472e+06,7.1475,1,0,0,0,1,0,1,0,1,0,1,1,0,1,0,1,1,1,0,0,0,0,0,2,3,0,0,4,0,0,1,1,1,0,1,1,1
VexiiRiscv_154,800MHz,41022.6540,2.8663e+07,0.4619,1.0461e+07,-0.0410,1.6152e+07,0.3343,23789.3560,2.7567e+07,0.5133,9.7813e+06,0.0000,1.5120e+07,0.3658,23329.2840,5.7059e+08,0.5726,3.7055e+08,0.0254,4.6129e+08,0.3976,23540.5990,5.7080e+08,0.4519,3.7174e+08,-0.0001,4.6218e+08,0.3145,23889.5620,2.8654e+07,0.5379,1.0458e+07,-0.0218,1.6147e+07,0.3986,1,0,0,0,1,0,1,0,1,0,1,1,0,1,0,1,1,1,0,0,0,0,0,2,3,0,0,4,0,0,1,1,1,0,1,1,1
VexiiRiscv_155,800MHz,58056.6620,5.4783e+07,0.4087,1.8061e+07,-0.0549,3.0048e+07,0.2959,33611.4870,5.0702e+07,0.4498,1.6460e+07,-0.0000,2.7255e+07,0.3076,32848.4160,2.4062e+10,-774.2405,1.3541e+09,-1439.3583,6.7999e+09,-912.8597,33183.8230,5.9196e+08,0.4448,3.7502e+08,-0.0015,4.7059e+08,0.3083,33706.6180,5.4770e+07,0.4896,1.8057e+07,-0.0166,3.0041e+07,0.3567,1,1,0,0,0,1,1,1,1,0,1,1,1,1,1,0,1,0,1,1,0,1,0,3,1,3,1,6,0,2,5,0,0,0,1,1,1
VexiiRiscv_155,100MHz,58029.1920,1.9243e+07,6.8420,2.2387e+06,2.8854,5.6699e+06,5.8797,33296.7510,1.8577e+07,6.8929,2.0326e+06,3.1846,5.2512e+06,5.9406,32801.0560,3.0233e+09,-765.4785,1.6927e+08,-1430.6655,8.5218e+08,-904.0466,33039.3620,8.5388e+07,6.8890,4.8972e+07,3.5488,6.0381e+07,5.9325,33330.0480,1.9238e+07,6.9955,2.2379e+06,3.0710,5.6679e+06,6.0229,1,1,0,0,0,1,1,1,1,0,1,1,1,1,1,0,1,0,1,1,0,1,0,3,1,3,1,6,0,2,5,0,0,0,1,1,1
VexiiRiscv_155,400MHz,58029.1920,3.6222e+07,1.0818,8.9221e+06,-0.0723,1.6761e+07,0.7595,33225.2180,3.3733e+07,1.0201,8.1027e+06,0.0005,1.5181e+07,0.7008,32818.9770,1.2040e+10,-772.9984,6.7707e+08,-1438.1147,3.4011e+09,-911.6538,33060.3880,3.0228e+08,1.0084,1.8871e+08,-0.0000,2.3616e+08,0.6880,33256.0390,3.6212e+07,1.1291,8.9201e+06,-0.0296,1.6757e+07,0.8085,1,1,0,0,0,1,1,1,1,0,1,1,1,1,1,0,1,0,1,1,0,1,0,3,1,3,1,6,0,2,5,0,0,0,1,1,1
VexiiRiscv_156,400MHz,6513.2120,3.7245e+06,1.1577,1.7255e+06,-0.0719,2.3124e+06,0.8245,3792.4380,3.7031e+06,1.1515,1.7055e+06,0.0021,2.2854e+06,0.8159,3787.1570,2.7574e+08,1.2251,1.8352e+08,-0.0269,2.2667e+08,0.8778,3779.8520,2.7518e+08,1.0842,1.8404e+08,0.0008,2.2661e+08,0.7533,3792.6700,3.7236e+06,1.2055,1.7252e+06,-0.0413,2.3119e+06,0.8710,0,1,0,0,1,0,1,0,1,0,1,0,0,1,0,1,1,1,0,1,1,1,1,5,0,3,1,1,1,0,1,1,0,0,0,1,1
VexiiRiscv_156,100MHz,6513.2120,1.4720e+06,8.0003,4.3272e+05,5.4798,6.4639e+05,7.3860,3801.3980,1.4601e+06,8.0374,4.2678e+05,5.6567,6.3752e+05,7.4244,3784.0240,6.9923e+07,8.6395,4.5881e+07,7.3421,5.6801e+07,8.2801,3770.8370,6.9236e+07,8.0525,4.6661e+07,5.6034,5.6702e+07,7.4584,3812.8760,1.4715e+06,8.1049,4.3260e+05,5.6253,6.4615e+05,7.4919,0,1,0,0,1,0,1,0,1,0,1,0,0,1,0,1,1,1,0,1,1,1,1,5,0,3,1,1,1,0,1,1,0,0,0,1,1
VexiiRiscv_156,800MHz,6588.9720,7.0070e+06,0.4817,3.5446e+06,-0.0513,4.6918e+06,0.3407,3879.3060,6.9221e+06,0.5251,3.4985e+06,-0.0001,4.6224e+06,0.3626,3823.5190,5.5018e+08,0.4890,3.6703e+08,-0.1099,4.5314e+08,0.3061,3841.7000,5.4992e+08,0.4649,3.6724e+08,-0.0039,4.5321e+08,0.3321,3886.7070,7.0055e+06,0.5420,3.5439e+06,-0.0162,4.6908e+06,0.3870,0,1,0,0,1,0,1,0,1,0,1,0,0,1,0,1,1,1,0,1,1,1,1,5,0,3,1,1,1,0,1,1,0,0,0,1,1
VexiiRiscv_157,100MHz,110247.5570,3.7648e+07,7.3349,3.9442e+06,3.8466,1.0819e+07,6.5090,62940.0380,3.6231e+07,7.4506,3.5262e+06,4.2280,9.9394e+06,6.6633,62164.4500,5.6634e+09,-765.4352,8.2116e+07,-1430.2853,1.3877e+09,-904.0727,62661.2400,1.0162e+08,7.5352,5.1232e+07,4.9146,6.3966e+07,6.7751,63010.5860,3.7638e+07,7.5695,3.9426e+06,4.2036,1.0815e+07,6.7663,0,0,1,1,0,0,0,0,1,1,0,1,0,1,1,0,0,3,0,0,1,1,0,5,1,3,1,6,1,1,4,0,0,0,0,1,0
VexiiRiscv_157,800MHz,110399.0220,1.0496e+08,0.3097,3.2290e+07,-0.0612,5.5892e+07,0.2159,63830.6200,9.6822e+07,0.3837,2.9020e+07,-0.0001,5.0207e+07,0.2567,62305.6830,4.5071e+10,-774.2058,6.5687e+08,-1439.2657,1.1068e+10,-912.8714,62945.8520,6.3403e+08,0.3965,3.8197e+08,-0.0012,4.8728e+08,0.2726,63979.6090,1.0494e+08,0.4028,3.2283e+07,-0.0284,5.5878e+07,0.2700,0,0,1,1,0,0,0,0,1,1,0,1,0,1,1,0,0,3,0,0,1,1,0,5,1,3,1,6,1,1,4,0,0,0,0,1,0
VexiiRiscv_157,400MHz,110285.4240,7.3407e+07,1.0245,1.5942e+07,-0.0771,3.3214e+07,0.7495,62984.6210,6.7682e+07,1.0491,1.4253e+07,0.0003,2.9628e+07,0.7696,62185.0660,2.2552e+10,-772.9380,3.2844e+08,-1437.9932,5.5361e+09,-911.6257,62692.5260,3.2931e+08,1.0586,1.9296e+08,-0.0001,2.4530e+08,0.7544,63086.8250,7.3389e+07,1.1237,1.5938e+07,-0.0034,3.3206e+07,0.8284,0,0,1,1,0,0,0,0,1,1,0,1,0,1,1,0,0,3,0,0,1,1,0,5,1,3,1,6,1,1,4,0,0,0,0,1,0
VexiiRiscv_158,400MHz,21028.6220,8.1538e+06,1.0087,2.9276e+06,-0.0700,4.2672e+06,0.7068,12157.1290,8.1995e+06,1.0409,2.8627e+06,-0.0000,4.2002e+06,0.7339,11985.7870,2.8358e+08,1.0925,1.8427e+08,-0.2740,2.2890e+08,0.7123,12061.3960,2.7921e+08,1.0395,1.8501e+08,0.0009,2.2820e+08,0.7145,12192.9290,8.1514e+06,1.0820,2.9270e+06,-0.0189,4.2661e+06,0.7721,0,1,0,1,0,1,1,1,0,1,0,0,0,1,0,1,0,2,1,0,1,0,1,4,0,0,1,5,1,0,6,1,0,0,0,1,0
VexiiRiscv_158,800MHz,21300.9640,1.3658e+07,0.4267,6.0190e+06,-0.0519,8.3053e+06,0.2918,12495.0110,1.3612e+07,0.4452,5.8954e+06,0.0001,8.1578e+06,0.3039,12130.0420,5.6349e+08,0.3289,3.6854e+08,-0.4127,4.5733e+08,0.1068,12262.0130,5.5643e+08,0.4272,3.6912e+08,-0.0011,4.5621e+08,0.2872,12548.7050,1.3653e+07,0.4624,6.0177e+06,-0.0267,8.3029e+06,0.3250,0,1,0,1,0,1,1,1,0,1,0,0,0,1,0,1,0,2,1,0,1,0,1,4,0,0,1,5,1,0,6,1,0,0,0,1,0
VexiiRiscv_158,100MHz,21028.6220,3.6162e+06,7.1738,7.2040e+05,3.5729,1.2279e+06,6.3552,12110.4800,3.6067e+06,7.1954,7.0619e+05,3.6918,1.2095e+06,6.3421,11985.7870,7.3746e+07,8.5925,4.6068e+07,7.2260,5.7596e+07,8.2123,12018.1120,7.1251e+07,7.3260,4.6930e+07,4.5940,5.7194e+07,6.5446,12130.9310,3.6148e+06,7.3653,7.2017e+05,3.7944,1.2274e+06,6.5281,0,1,0,1,0,1,1,1,0,1,0,0,0,1,0,1,0,2,1,0,1,0,1,4,0,0,1,5,1,0,6,1,0,0,0,1,0
VexiiRiscv_159,100MHz,56934.4910,9.5865e+06,6.0354,1.1897e+06,1.1915,2.5793e+06,4.8754,32646.0200,9.4254e+06,6.2486,1.1265e+06,1.8262,2.4683e+06,5.1371,32218.0820,1.4109e+07,8.1191,7.3898e+05,6.2650,2.8477e+06,7.5858,32432.5980,9.4129e+06,6.2758,1.2912e+06,2.4455,2.2547e+06,5.1712,32693.8320,9.5825e+06,6.3627,1.1890e+06,1.7316,2.5777e+06,5.2366,1,0,0,1,1,1,0,1,1,0,0,0,0,1,0,1,1,3,1,0,0,0,1,3,3,0,0,2,3,2,2,1,0,1,1,0,1
VexiiRiscv_159,400MHz,56907.2950,1.7139e+07,0.9609,4.7552e+06,-0.0845,7.7397e+06,0.6660,32643.8050,1.6932e+07,1.0103,4.4790e+06,0.0001,7.3756e+06,0.7060,32205.3060,1.9683e+07,0.9395,2.9392e+06,-0.2207,6.4089e+06,0.5496,32449.1240,1.7107e+07,0.8998,3.8526e+06,0.0006,6.6416e+06,0.6193,32774.4900,1.7132e+07,1.1221,4.7538e+06,-0.0106,7.7368e+06,0.8157,1,0,0,1,1,1,0,1,1,0,0,0,0,1,0,1,1,3,1,0,0,0,1,3,3,0,0,2,3,2,2,1,0,1,1,0,1
VexiiRiscv_159,800MHz,56934.4910,2.7266e+07,0.3555,9.6228e+06,-0.0493,1.4722e+07,0.2372,33073.6290,2.7002e+07,0.3847,9.0571e+06,-0.0000,1.4005e+07,0.2560,32236.5910,2.7279e+07,0.2413,5.8780e+06,-0.5632,1.1188e+07,-0.0214,32555.3760,2.7706e+07,0.4082,7.3110e+06,-0.0001,1.2588e+07,0.2712,33212.7000,2.7257e+07,0.4390,9.6205e+06,-0.0179,1.4718e+07,0.3063,1,0,0,1,1,1,0,1,1,0,0,0,0,1,0,1,1,3,1,0,0,0,1,3,3,0,0,2,3,2,2,1,0,1,1,0,1
VexiiRiscv_16,400MHz,79946.7130,3.1188e+07,1.1057,7.4273e+06,-0.0846,1.3574e+07,0.7975,45966.4830,2.9811e+07,1.1041,6.8611e+06,0.0000,1.2554e+07,0.8106,45180.5670,3.0213e+08,-180.8020,1.8618e+08,-333.7614,2.3449e+08,-212.4479,45599.9000,2.9741e+08,1.0029,1.8786e+08,0.0013,2.3417e+08,0.7308,46055.5800,3.1177e+07,1.1839,7.4250e+06,-0.0069,1.3569e+07,0.8739,0,0,1,0,1,0,0,0,0,0,0,0,0,0,0,0,1,3,0,1,1,0,1,6,0,1,1,5,0,0,2,0,1,0,0,1,0
VexiiRiscv_16,800MHz,80211.5860,4.9053e+07,0.3513,1.5049e+07,-0.0887,2.5310e+07,0.2413,46897.5850,4.6854e+07,0.2929,1.3929e+07,-0.0521,2.3411e+07,0.1893,45319.3640,5.8666e+08,-181.5992,3.7233e+08,-332.2679,4.6656e+08,-212.6654,45839.6280,5.8411e+08,0.4064,3.7389e+08,-0.0001,4.6707e+08,0.2747,46870.7860,4.9034e+07,0.4064,1.5045e+07,-0.0463,2.5300e+07,0.2910,0,0,1,0,1,0,0,0,0,0,0,0,0,0,0,0,1,3,0,1,1,0,1,6,0,1,1,5,0,0,2,0,1,0,0,1,0
VexiiRiscv_16,100MHz,79946.7130,1.7819e+07,6.9200,1.8281e+06,3.5716,4.8204e+06,6.1311,46125.4720,1.7325e+07,6.9663,1.6915e+06,3.5459,4.5227e+06,6.1487,45174.4520,8.8460e+07,-172.8399,4.6549e+07,-323.4953,6.0375e+07,-203.9016,45594.2360,8.2927e+07,7.4495,4.8356e+07,4.9026,5.9611e+07,6.8076,46153.8440,1.7813e+07,7.1536,1.8271e+06,3.8752,4.8177e+06,6.3751,0,0,1,0,1,0,0,0,0,0,0,0,0,0,0,0,1,3,0,1,1,0,1,6,0,1,1,5,0,0,2,0,1,0,0,1,0
VexiiRiscv_160,400MHz,364599.1960,9.4427e+07,0.6962,2.4391e+07,-0.1074,3.9999e+07,0.4917,209326.0520,9.6056e+07,0.8890,2.3022e+07,0.0001,3.8814e+07,0.6229,205034.3210,4.3324e+08,-759.9553,2.0493e+08,-1414.4464,2.7749e+08,-896.1317,206858.8230,3.6759e+08,0.7555,2.0245e+08,-0.0008,2.5971e+08,0.5233,210753.4500,9.4389e+07,1.0035,2.4383e+07,0.0364,3.9982e+07,0.7290,0,1,0,1,0,1,1,1,1,1,0,0,0,1,0,1,1,1,0,0,0,0,0,6,3,1,0,0,2,2,1,0,1,1,0,1,0
VexiiRiscv_160,800MHz,,,,,,,,211658.8480,1.5526e+08,0.2086,4.7032e+07,-0.0004,7.5150e+07,0.1132,204865.9890,7.9434e+08,-761.2053,4.0986e+08,-1415.6964,5.4544e+08,-897.3817,208023.2370,6.9841e+08,0.3065,4.0278e+08,-0.0022,5.1617e+08,0.1913,213346.7550,1.5129e+08,0.3348,4.9884e+07,-0.0246,7.7597e+07,0.2325,0,1,0,1,0,1,1,1,1,1,0,0,0,1,0,1,1,1,0,0,0,0,0,6,3,1,0,0,2,2,1,0,1,1,0,1,0
VexiiRiscv_160,100MHz,364599.1960,5.7097e+07,5.3776,6.0342e+06,0.5171,1.4342e+07,4.2322,208352.1180,5.7111e+07,5.9992,5.6877e+06,1.4802,1.3903e+07,4.9219,205008.2880,1.6192e+08,-752.4553,5.1252e+07,-1406.9464,7.6444e+07,-888.6317,206602.7740,1.2244e+08,5.8810,5.2640e+07,2.1619,6.8327e+07,4.8291,209568.3380,5.7072e+07,6.0020,6.0302e+06,1.3305,1.4332e+07,4.8794,0,1,0,1,0,1,1,1,1,1,0,0,0,1,0,1,1,1,0,0,0,0,0,6,3,1,0,0,2,2,1,0,1,1,0,1,0
VexiiRiscv_161,100MHz,6132.0600,1.1751e+06,8.0511,3.0170e+05,5.5485,4.6703e+05,7.4387,3583.5440,1.1745e+06,8.0720,2.9662e+05,5.7341,4.6129e+05,7.4694,3569.5500,1.5763e+06,8.7113,2.5792e+05,7.4188,4.8301e+05,8.3551,3576.8140,1.1828e+06,8.1297,2.7257e+05,5.8346,4.3461e+05,7.5458,3583.9550,1.1747e+06,8.1438,3.0161e+05,5.6712,4.6684e+05,7.5308,0,1,1,0,1,0,1,0,1,1,0,1,1,1,0,1,1,1,1,0,0,1,1,4,0,3,0,1,0,1,6,1,1,0,1,0,0
VexiiRiscv_161,400MHz,6132.0600,2.9083e+06,1.2083,1.2116e+06,-0.0668,1.6825e+06,0.8794,3583.1750,2.8853e+06,1.2187,1.1920e+06,0.0017,1.6562e+06,0.8855,3568.1270,3.2437e+06,1.2058,1.0305e+06,-0.0927,1.5431e+06,0.8474,3568.0860,2.8824e+06,1.0708,1.0688e+06,-0.0002,1.5291e+06,0.7761,3585.3230,2.9075e+06,1.2578,1.2114e+06,0.0035,1.6820e+06,0.9231,0,1,1,0,1,0,1,0,1,1,0,1,1,1,0,1,1,1,1,0,0,1,1,4,0,3,0,1,0,1,6,1,1,0,1,0,0
VexiiRiscv_161,800MHz,6205.5760,5.2508e+06,0.4882,2.5012e+06,-0.0452,3.3753e+06,0.3352,3685.8020,5.1371e+06,0.5072,2.4546e+06,0.0002,3.2967e+06,0.3596,3612.7240,5.4669e+06,0.5532,2.0606e+06,0.0454,2.9555e+06,0.3880,3641.2600,5.4362e+06,0.4556,2.1576e+06,0.0000,3.0614e+06,0.3127,3704.1060,5.2492e+06,0.5237,2.5006e+06,-0.0161,3.3743e+06,0.3682,0,1,1,0,1,0,1,0,1,1,0,1,1,1,0,1,1,1,1,0,0,1,1,4,0,3,0,1,0,1,6,1,1,0,1,0,0
VexiiRiscv_162,400MHz,240209.2820,1.3431e+08,1.0006,3.1710e+07,-0.0638,5.9499e+07,0.7292,137009.5640,1.2541e+08,1.0458,2.8171e+07,0.0001,5.3365e+07,0.7684,135126.0750,1.0316e+10,-180.3454,4.1291e+08,-330.1367,2.7746e+09,-209.8232,136148.2440,3.9304e+08,0.9977,2.0280e+08,0.0008,2.6667e+08,0.7342,137163.0680,1.3427e+08,1.1878,3.1702e+07,-0.0186,5.9481e+07,0.9297,0,1,1,1,0,0,1,0,1,1,0,1,1,0,1,0,1,4,1,1,0,1,0,3,2,0,0,5,3,0,0,0,1,0,1,0,1
VexiiRiscv_162,100MHz,240209.2820,8.3491e+07,7.4635,7.9687e+06,4.6260,2.3945e+07,6.7965,136736.3200,7.9712e+07,7.7216,7.0367e+06,5.0599,2.1761e+07,7.1040,135126.0750,2.6353e+09,-172.8454,1.0325e+08,-322.6367,7.0169e+08,-202.3232,136208.8330,1.4087e+08,7.7102,5.6588e+07,5.7532,7.2529e+07,7.1245,136867.9760,8.3471e+07,7.8401,7.9655e+06,5.1146,2.3937e+07,7.2066,0,1,1,1,0,0,1,0,1,1,0,1,1,0,1,0,1,4,1,1,0,1,0,3,2,0,0,5,3,0,0,0,1,0,1,0,1
VexiiRiscv_162,800MHz,240265.1500,2.1965e+08,0.3134,6.3964e+07,-0.0881,1.1520e+08,0.2043,138742.1360,2.0013e+08,0.3824,5.6811e+07,-0.0000,1.0220e+08,0.2549,135170.9170,2.0539e+10,-182.0699,8.2593e+08,-335.0415,5.5341e+09,-213.7170,136774.1720,7.3182e+08,0.3538,3.9784e+08,-0.0076,5.2596e+08,0.2451,139194.1500,2.1959e+08,0.4469,6.3951e+07,-0.0571,1.1518e+08,0.3130,0,1,1,1,0,0,1,0,1,1,0,1,1,0,1,0,1,4,1,1,0,1,0,3,2,0,0,5,3,0,0,0,1,0,1,0,1
VexiiRiscv_163,800MHz,217287.8940,1.9684e+08,0.3466,5.8928e+07,-0.0544,1.0346e+08,0.2242,125407.1320,1.8104e+08,0.4001,5.2519e+07,-0.0000,9.2371e+07,0.2656,122365.4520,8.0245e+10,-774.2770,4.3965e+08,-1439.3206,1.9070e+10,-912.7798,123711.9340,7.1603e+08,0.4108,3.9594e+08,-0.0011,5.2023e+08,0.2790,125809.9940,1.9678e+08,0.4468,5.8915e+07,-0.0174,1.0343e+08,0.3039,0,1,0,1,0,1,1,0,1,1,0,0,0,1,1,0,1,4,1,1,1,1,0,5,1,1,0,5,3,1,2,0,1,0,1,0,0
VexiiRiscv_163,100MHz,217287.8940,7.2541e+07,7.1197,7.3064e+06,3.5427,2.0432e+07,6.2778,124135.2610,6.9762e+07,7.3214,6.4921e+06,4.0388,1.8733e+07,6.5132,122364.8500,1.0089e+10,-765.5592,5.4987e+07,-1430.1010,2.3920e+09,-904.1207,123263.5440,1.3399e+08,7.3510,5.5699e+07,4.8173,7.1117e+07,6.5848,124163.3740,7.2524e+07,7.4557,7.3035e+06,4.0496,2.0425e+07,6.6627,0,1,0,1,0,1,1,0,1,1,0,0,0,1,1,0,1,4,1,1,1,1,0,5,1,1,0,5,3,1,2,0,1,0,1,0,0
VexiiRiscv_163,400MHz,217234.7610,1.2592e+08,0.8690,2.9274e+07,-0.0715,5.6030e+07,0.6383,123975.1500,1.1762e+08,1.0302,2.6064e+07,0.0003,5.0299e+07,0.7550,122331.9090,4.0156e+10,-773.0613,2.1984e+08,-1438.0729,9.5397e+09,-911.5081,123254.8160,3.8263e+08,0.9617,2.0149e+08,0.0003,2.6345e+08,0.7029,124187.6420,1.2589e+08,1.1283,2.9267e+07,0.0098,5.6015e+07,0.8260,0,1,0,1,0,1,1,0,1,1,0,0,0,1,1,0,1,4,1,1,1,1,0,5,1,1,0,5,3,1,2,0,1,0,1,0,0
VexiiRiscv_164,100MHz,78891.6030,1.7917e+07,6.6448,2.0550e+06,2.7493,4.9439e+06,5.7087,45366.2050,1.7547e+07,6.6458,1.9289e+06,2.8973,4.7023e+06,5.7464,44606.1850,8.8882e+08,-765.3611,1.1239e+08,-1431.0229,3.0496e+08,-903.9022,44874.7920,8.3269e+07,6.8523,4.8530e+07,3.9503,5.9904e+07,6.0343,45412.9220,1.7910e+07,6.7982,2.0538e+06,3.0063,4.9411e+06,5.9002,0,0,1,0,0,0,0,0,0,1,1,0,0,1,0,0,0,2,1,0,1,0,0,5,1,2,0,5,0,2,1,1,0,1,0,1,0
VexiiRiscv_164,400MHz,78891.6030,3.2059e+07,0.9421,8.2358e+06,-0.0909,1.4370e+07,0.6387,45469.1880,3.0697e+07,0.9725,7.7390e+06,0.0001,1.3460e+07,0.6880,44606.1850,3.5029e+09,-772.8611,4.4953e+08,-1438.5229,1.2128e+09,-911.4022,44902.3430,2.9954e+08,0.8953,1.8887e+08,0.0006,2.3555e+08,0.6214,45506.0010,3.2048e+07,1.0295,8.2333e+06,-0.0416,1.4364e+07,0.7360,0,0,1,0,0,0,0,0,0,1,1,0,0,1,0,0,0,2,1,0,1,0,0,5,1,2,0,5,0,2,1,1,0,1,0,1,0
VexiiRiscv_164,800MHz,79154.7230,4.9191e+07,0.3106,1.6943e+07,-0.0564,2.6563e+07,0.1876,46072.4070,4.6915e+07,0.3192,1.5951e+07,-0.0017,2.4907e+07,0.1991,44741.5070,6.9885e+09,-774.2242,8.9899e+08,-1439.6733,2.4238e+09,-912.7931,45166.7220,5.8875e+08,0.4236,3.7606e+08,-0.0001,4.6994e+08,0.2833,46122.8180,4.9174e+07,0.3473,1.6938e+07,-0.0247,2.6554e+07,0.2256,0,0,1,0,0,0,0,0,0,1,1,0,0,1,0,0,0,2,1,0,1,0,0,5,1,2,0,5,0,2,1,1,0,1,0,1,0
VexiiRiscv_165,100MHz,41639.8680,5.7491e+06,6.6736,5.8571e+05,2.4036,1.4018e+06,5.6655,23966.5940,5.6777e+06,6.7856,5.5636e+05,2.6883,1.3516e+06,5.7652,23683.1170,7.6148e+07,-172.6256,4.6689e+07,-323.8053,5.8493e+07,-202.9936,23778.4260,7.2741e+07,6.6455,4.6896e+07,3.4600,5.7232e+07,5.6881,23969.2350,5.7464e+06,6.9432,5.8523e+05,2.7419,1.4006e+06,5.9364,0,0,0,0,1,1,0,1,1,0,1,1,1,0,1,0,0,0,1,1,1,1,0,1,1,1,1,3,0,0,0,0,1,1,1,0,0
VexiiRiscv_165,800MHz,41663.1240,1.4480e+07,0.2948,4.8397e+06,-0.1115,7.4273e+06,0.1758,24203.7500,1.4005e+07,0.3088,4.6076e+06,-0.0670,7.0514e+06,0.1787,23705.5380,5.6678e+08,-198.7824,3.7350e+08,-372.5948,4.6263e+08,-235.9920,23929.8490,5.5642e+08,0.3831,3.6774e+08,-0.0045,4.5502e+08,0.2588,24229.0440,1.4475e+07,0.3388,4.8380e+06,-0.0737,7.4245e+06,0.2094,0,0,0,0,1,1,0,1,1,0,1,1,1,0,1,0,0,0,1,1,1,1,0,1,1,1,1,3,0,0,0,0,1,1,1,0,0
VexiiRiscv_165,400MHz,41639.8680,9.2724e+06,0.9161,2.3108e+06,-0.0750,3.9212e+06,0.6487,24021.4370,8.9618e+06,0.8775,2.1922e+06,0.0005,3.7041e+06,0.6023,23683.1170,2.8638e+08,-180.1256,1.8675e+08,-331.3053,2.3167e+08,-210.4936,23851.8880,2.8006e+08,0.8341,1.8439e+08,0.0000,2.2770e+08,0.5566,24025.2680,9.2686e+06,0.9877,2.3098e+06,-0.0121,3.9193e+06,0.7003,0,0,0,0,1,1,0,1,1,0,1,1,1,0,1,0,0,0,1,1,1,1,0,1,1,1,1,3,0,0,0,0,1,1,1,0,0
VexiiRiscv_166,100MHz,54915.4600,1.2807e+07,6.7057,1.4414e+06,2.5228,3.5221e+06,5.7587,31628.4200,1.2463e+07,6.8888,1.3246e+06,2.9890,3.3035e+06,5.9448,31117.4310,8.3418e+07,-171.9100,4.6369e+07,-321.2875,5.9503e+07,-202.0667,31352.1390,7.9399e+07,6.9262,4.7955e+07,3.9405,5.8847e+07,6.0602,31703.0850,1.2803e+07,7.0095,1.4407e+06,2.9527,3.5204e+06,6.0603,0,1,1,0,1,0,1,1,1,1,0,0,0,0,1,1,0,4,0,0,0,0,0,3,1,3,0,0,0,1,0,1,1,1,1,0,0
VexiiRiscv_166,400MHz,54915.4600,2.4417e+07,0.9287,5.7723e+06,-0.0834,1.0874e+07,0.6540,31689.0500,2.2841e+07,1.0013,5.2929e+06,-0.0001,9.9028e+06,0.7122,31117.4310,2.9655e+08,-179.4100,1.8546e+08,-328.7875,2.3291e+08,-209.5667,31395.8460,2.9174e+08,0.8813,1.8663e+08,-0.0000,2.3204e+08,0.6138,31714.4810,2.4411e+07,1.0413,5.7709e+06,-0.0023,1.0871e+07,0.7613,0,1,1,0,1,0,1,1,1,1,0,0,0,0,1,1,0,4,0,0,0,0,0,3,1,3,0,0,0,1,0,1,1,1,1,0,0
VexiiRiscv_166,800MHz,55081.5070,3.5214e+07,0.3863,1.1753e+07,-0.0778,1.8932e+07,0.2592,32135.7430,3.2785e+07,0.4081,1.0826e+07,-0.0001,1.7315e+07,0.2792,31172.0960,5.8079e+08,-181.6074,3.7092e+08,-332.3481,4.6412e+08,-212.6869,31606.9690,5.7524e+08,0.4096,3.7155e+08,-0.0009,4.6307e+08,0.2720,32178.2870,3.5206e+07,0.4362,1.1751e+07,-0.0287,1.8928e+07,0.3084,0,1,1,0,1,0,1,1,1,1,0,0,0,0,1,1,0,4,0,0,0,0,0,3,1,3,0,0,0,1,0,1,1,1,1,0,0
VexiiRiscv_167,800MHz,9108.8820,1.1080e+07,0.4561,4.9469e+06,-0.0480,6.9531e+06,0.3252,5401.3560,1.0746e+07,0.4902,4.8032e+06,0.0001,6.7155e+06,0.3464,5237.2650,5.5340e+08,0.4583,3.6780e+08,-0.2039,4.5462e+08,0.2529,5246.7170,5.5331e+08,0.4614,3.6806e+08,-0.0000,4.5473e+08,0.3228,5420.3710,1.1077e+07,0.5140,4.9459e+06,-0.0259,6.9514e+06,0.3759,0,1,0,0,1,0,1,1,0,0,0,1,1,1,1,1,0,1,1,0,0,1,0,6,2,0,1,1,1,1,0,0,0,0,0,1,1
VexiiRiscv_167,100MHz,8931.0970,2.5372e+06,8.1059,6.0873e+05,5.7633,1.0028e+06,7.5852,5199.6720,2.5078e+06,8.1844,5.9193e+05,6.0372,9.7741e+05,7.6428,5138.5770,7.1003e+07,8.8727,4.5976e+07,7.6084,5.7077e+07,8.5357,5124.5960,7.0253e+07,8.1205,4.6838e+07,6.2673,5.6977e+07,7.6148,5213.9270,2.5366e+06,8.2465,6.0857e+05,5.9259,1.0025e+06,7.7081,0,1,0,0,1,0,1,1,0,0,0,1,1,1,1,1,0,1,1,0,0,1,0,6,2,0,1,1,1,1,0,0,0,0,0,1,1
VexiiRiscv_167,400MHz,8931.0970,5.9944e+06,1.2210,2.4251e+06,-0.0781,3.4656e+06,0.8997,5159.5210,5.8558e+06,1.2194,2.3554e+06,0.0005,3.3551e+06,0.8921,5137.8800,2.7774e+08,1.3675,1.8390e+08,0.1084,2.2745e+08,1.0317,5121.1900,2.7711e+08,1.1903,1.8450e+08,0.0010,2.2741e+08,0.8757,5163.7760,5.9930e+06,1.2625,2.4246e+06,-0.0138,3.4647e+06,0.9415,0,1,0,0,1,0,1,1,0,0,0,1,1,1,1,1,0,1,1,0,0,1,0,6,2,0,1,1,1,1,0,0,0,0,0,1,1
VexiiRiscv_168,100MHz,29362.9030,1.5702e+07,6.1782,1.5514e+06,1.2013,4.6879e+06,5.0499,17074.7060,1.4846e+07,6.4775,1.3480e+06,1.9078,4.2148e+06,5.3801,16716.3580,4.4433e+08,-761.9403,4.7714e+07,-1407.2072,1.4654e+08,-890.2604,16824.9640,8.1102e+07,6.9291,4.8325e+07,3.6242,5.9195e+07,5.9916,17077.1410,1.5699e+07,6.5798,1.5508e+06,1.8076,4.6864e+06,5.4622,0,0,0,0,1,1,0,0,0,1,0,1,1,0,1,1,1,0,0,1,1,1,1,6,3,0,1,5,3,1,1,1,1,0,0,0,0
VexiiRiscv_168,800MHz,29504.9420,5.7132e+07,0.3706,1.2711e+07,-0.1093,2.9137e+07,0.2425,17375.5150,4.9326e+07,0.3667,1.1061e+07,-0.0450,2.4985e+07,0.2389,16782.8020,2.3917e+09,-769.7864,3.8657e+08,-1413.8040,9.0969e+08,-897.7410,16986.6610,5.7730e+08,0.4221,3.6996e+08,-0.0002,4.6310e+08,0.2890,17435.5980,5.7118e+07,0.3963,1.2708e+07,-0.0524,2.9128e+07,0.2707,0,0,0,0,1,1,0,0,0,1,0,1,1,0,1,1,1,0,0,1,1,1,1,6,3,0,1,5,3,1,1,1,1,0,0,0,0
VexiiRiscv_168,400MHz,29364.3530,3.2031e+07,0.9372,6.2220e+06,-0.0581,1.4505e+07,0.6625,17087.0450,2.8597e+07,0.9315,5.4132e+06,0.0000,1.2582e+07,0.6684,16716.3580,1.7411e+09,-769.4403,1.9084e+08,-1414.7072,5.8080e+08,-897.7604,16849.0820,2.9377e+08,0.9442,1.8616e+08,0.0014,2.3229e+08,0.6560,17091.3550,3.2024e+07,1.0378,6.2204e+06,-0.0183,1.4501e+07,0.7603,0,0,0,0,1,1,0,0,0,1,0,1,1,0,1,1,1,0,0,1,1,1,1,6,3,0,1,5,3,1,1,1,1,0,0,0,0
VexiiRiscv_169,400MHz,5887.8720,2.7855e+06,1.1617,1.1610e+06,-0.0536,1.6211e+06,0.8342,3440.3430,2.7473e+06,1.1771,1.1401e+06,0.0006,1.5882e+06,0.8349,3419.9590,2.9639e+06,1.2516,9.5317e+05,-0.0428,1.4195e+06,0.8876,3416.3750,2.7899e+06,1.1111,1.0070e+06,0.0003,1.4510e+06,0.7882,3441.4920,2.7848e+06,1.2038,1.1608e+06,-0.0127,1.6207e+06,0.8667,0,0,1,1,1,1,0,0,1,0,1,1,1,1,0,0,1,1,1,0,1,1,1,1,1,3,0,5,2,2,4,0,1,1,0,1,0
VexiiRiscv_169,800MHz,5968.7200,5.2304e+06,0.4942,2.3617e+06,-0.0409,3.2490e+06,0.3437,3544.8160,5.0984e+06,0.4832,2.3171e+06,-0.0001,3.1693e+06,0.3395,3471.7240,5.1022e+06,0.5063,1.9081e+06,-0.0846,2.7413e+06,0.3198,3486.0740,5.0873e+06,0.4515,2.0244e+06,-0.0052,2.8688e+06,0.3214,3560.3700,5.2290e+06,0.5210,2.3612e+06,-0.0157,3.2482e+06,0.3697,0,0,1,1,1,1,0,0,1,0,1,1,1,1,0,0,1,1,1,0,1,1,1,1,1,3,0,5,2,2,4,0,1,1,0,1,0
VexiiRiscv_169,100MHz,5887.8720,1.1371e+06,7.5777,2.8736e+05,4.6786,4.5195e+05,6.8810,3437.5380,1.1346e+06,7.7281,2.8310e+05,5.0575,4.4708e+05,7.0506,3419.9590,1.4231e+06,8.7516,2.3857e+05,7.4572,4.3963e+05,8.3876,3410.9310,1.0974e+06,7.6310,2.5692e+05,5.3265,4.0590e+05,6.9514,3438.0990,1.1367e+06,7.7695,2.8728e+05,4.9497,4.5178e+05,7.0817,0,0,1,1,1,1,0,0,1,0,1,1,1,1,0,0,1,1,1,0,1,1,1,1,1,3,0,5,2,2,4,0,1,1,0,1,0
VexiiRiscv_17,800MHz,77977.4780,4.6034e+07,0.4049,1.5509e+07,-0.0720,2.4681e+07,0.2672,45095.7920,4.4181e+07,0.4104,1.4403e+07,-0.0001,2.2966e+07,0.2759,44053.4030,5.8913e+08,-180.7467,3.7298e+08,-330.4506,4.6765e+08,-210.9828,44553.4350,5.8537e+08,0.3986,3.7456e+08,-0.0001,4.6792e+08,0.2630,45258.5160,4.6018e+07,0.4632,1.5505e+07,-0.0191,2.4674e+07,0.3266,0,1,1,1,1,0,0,1,0,0,0,0,0,0,0,0,1,2,1,1,0,0,1,4,2,1,0,1,1,1,3,0,1,1,0,0,0
VexiiRiscv_17,400MHz,77779.9110,3.0193e+07,1.0585,7.5070e+06,-0.0707,1.3582e+07,0.7630,44558.7150,2.8618e+07,1.1795,6.9706e+06,0.0003,1.2540e+07,0.8554,43961.5150,3.0313e+08,-179.4967,1.8650e+08,-329.1996,2.3500e+08,-209.7325,44262.6800,2.9792e+08,1.0428,1.8820e+08,0.0001,2.3461e+08,0.7563,44595.6240,3.0184e+07,1.2383,7.5051e+06,-0.0272,1.3578e+07,0.9112,0,1,1,1,1,0,0,1,0,0,0,0,0,0,0,0,1,2,1,1,0,0,1,4,2,1,0,1,1,1,3,0,1,1,0,0,0
VexiiRiscv_17,100MHz,77779.9110,1.6215e+07,7.3585,1.8820e+06,4.2076,4.5265e+06,6.6446,44549.2760,1.5787e+07,7.4748,1.7475e+06,4.5847,4.2535e+06,6.8061,43974.3330,8.9026e+07,-171.8850,4.6630e+07,-321.2055,6.0566e+07,-202.0198,44305.5120,8.3022e+07,7.4289,4.8421e+07,5.1811,5.9720e+07,6.7855,44596.1440,1.6210e+07,7.6626,1.8811e+06,4.6345,4.5243e+06,6.9896,0,1,1,1,1,0,0,1,0,0,0,0,0,0,0,0,1,2,1,1,0,0,1,4,2,1,0,1,1,1,3,0,1,1,0,0,0
VexiiRiscv_170,100MHz,7891.0350,1.8536e+06,7.6707,5.7402e+05,4.7086,8.4471e+05,6.9515,4582.5400,1.8466e+06,7.6985,5.6724e+05,4.9185,8.3558e+05,6.9878,4555.7690,7.0224e+07,8.5943,4.5991e+07,7.2372,5.6945e+07,8.2072,4531.2130,6.9558e+07,7.6842,4.6759e+07,5.0508,5.6855e+07,7.0152,4588.8060,1.8529e+06,7.8008,5.7386e+05,4.8786,8.4439e+05,7.0855,0,0,1,0,1,1,0,0,1,0,1,0,0,1,0,0,0,1,1,1,0,1,1,1,1,3,1,4,2,0,4,1,1,0,0,0,1
VexiiRiscv_170,800MHz,7994.7560,9.2539e+06,0.5031,4.6497e+06,-0.0547,6.1545e+06,0.3494,4705.5370,9.1752e+06,0.5173,4.5974e+06,0.0001,6.0806e+06,0.3603,4622.5540,5.5215e+08,0.4671,3.6793e+08,-0.1639,4.5431e+08,0.2659,4630.8850,5.5186e+08,0.4513,3.6813e+08,0.0001,4.5437e+08,0.3163,4718.6700,9.2516e+06,0.5372,4.6489e+06,-0.0261,6.1532e+06,0.3796,0,0,1,0,1,1,0,0,1,0,1,0,0,1,0,0,0,1,1,1,0,1,1,1,1,3,1,4,2,0,4,1,1,0,0,0,1
VexiiRiscv_170,400MHz,7891.0350,4.9250e+06,1.1201,2.2997e+06,-0.0705,3.0871e+06,0.8058,4594.2640,4.9212e+06,1.1314,2.2767e+06,0.0003,3.0624e+06,0.8111,4555.3170,2.7673e+08,1.0959,1.8396e+08,-0.2600,2.2724e+08,0.7096,4545.1260,2.7622e+08,1.0896,1.8448e+08,-0.0011,2.2721e+08,0.7748,4594.2780,4.9235e+06,1.1657,2.2993e+06,-0.0144,3.0863e+06,0.8561,0,0,1,0,1,1,0,0,1,0,1,0,0,1,0,0,0,1,1,1,0,1,1,1,1,3,1,4,2,0,4,1,1,0,0,0,1
VexiiRiscv_171,800MHz,31165.4470,5.4100e+07,0.3454,1.2194e+07,-0.1078,2.7542e+07,0.2182,18371.6520,4.6842e+07,0.3703,1.0530e+07,-0.0111,2.3553e+07,0.2561,17706.0370,1.0145e+09,-198.8745,2.5610e+07,-371.4814,2.6590e+08,-236.1469,17903.7130,3.3705e+07,0.3855,5.1503e+06,-0.0005,1.3377e+07,0.2545,18425.5640,5.4084e+07,0.4459,1.2190e+07,-0.0447,2.7533e+07,0.3098,0,0,0,0,1,1,1,0,1,0,0,0,0,0,1,1,1,2,0,0,1,1,1,0,2,0,1,6,3,1,3,1,1,0,0,0,0
VexiiRiscv_171,400MHz,31184.5180,3.2455e+07,0.9239,6.0039e+06,-0.0760,1.4545e+07,0.6679,18125.8090,2.8735e+07,0.9884,5.1754e+06,0.0002,1.2513e+07,0.6958,17735.5590,1.0527e+09,-769.3989,1.0366e+07,-1414.4399,2.5887e+08,-897.6426,17840.7720,2.2118e+07,0.9266,3.3329e+06,0.0012,7.4439e+06,0.6280,18112.9360,3.2447e+07,1.0288,6.0022e+06,-0.0260,1.4541e+07,0.7552,0,0,0,0,1,1,1,0,1,0,0,0,0,0,1,1,1,2,0,0,1,1,1,0,2,0,1,6,3,1,3,1,1,0,0,0,0
VexiiRiscv_171,100MHz,31185.2290,1.5793e+07,6.4429,1.4837e+06,1.9950,4.6245e+06,5.4047,17986.2450,1.4953e+07,6.6758,1.2779e+06,2.5712,4.1517e+06,5.6839,17735.5590,2.7262e+08,-761.8989,2.5947e+06,-1406.9399,6.6116e+07,-890.1426,17791.0450,1.3332e+07,7.0026,1.9849e+06,3.8569,3.0015e+06,6.0765,17991.9910,1.5790e+07,6.7661,1.4832e+06,2.4924,4.6231e+06,5.7617,0,0,0,0,1,1,1,0,1,0,0,0,0,0,1,1,1,2,0,0,1,1,1,0,2,0,1,6,3,1,3,1,1,0,0,0,0
VexiiRiscv_172,100MHz,3829.4420,8.0637e+05,8.0838,2.2609e+05,5.7299,3.4162e+05,7.4996,2255.2300,8.0266e+05,8.0798,2.2236e+05,5.8345,3.3682e+05,7.4952,2252.5620,1.0822e+06,8.7018,1.9173e+05,7.3874,3.4606e+05,8.3326,2248.9510,8.0716e+05,8.0940,2.0232e+05,5.7817,3.1728e+05,7.5535,2257.8150,8.0610e+05,8.1628,2.2601e+05,5.8380,3.4148e+05,7.5769,0,1,0,0,1,1,1,0,1,1,0,0,1,1,1,1,1,2,0,0,0,1,1,5,1,2,0,2,3,2,6,0,0,0,0,1,1
VexiiRiscv_172,800MHz,3880.4690,3.8137e+06,0.5094,1.8790e+06,-0.0386,2.4985e+06,0.3642,2341.6060,3.7544e+06,0.5282,1.8497e+06,0.0003,2.4549e+06,0.3703,2280.4010,3.9667e+06,0.5059,1.5318e+06,-0.0695,2.1729e+06,0.3191,2301.0860,3.9657e+06,0.4680,1.6310e+06,0.0001,2.2845e+06,0.3254,2353.8220,3.8128e+06,0.5479,1.8786e+06,-0.0162,2.4979e+06,0.3950,0,1,0,0,1,1,1,0,1,1,0,0,1,1,1,1,1,2,0,0,0,1,1,5,1,2,0,2,3,2,6,0,0,0,0,1,1
VexiiRiscv_172,400MHz,3829.4420,2.0545e+06,1.2084,9.3003e+05,-0.0705,1.2564e+06,0.8804,2259.0600,2.0349e+06,1.1937,9.1693e+05,0.0008,1.2380e+06,0.8631,2252.7540,2.3132e+06,1.2006,7.6606e+05,-0.1177,1.1284e+06,0.8304,2249.9360,2.1001e+06,1.1172,8.0253e+05,0.0003,1.1387e+06,0.8073,2262.0560,2.0539e+06,1.2319,9.2978e+05,-0.0222,1.2560e+06,0.9024,0,1,0,0,1,1,1,0,1,1,0,0,1,1,1,1,1,2,0,0,0,1,1,5,1,2,0,2,3,2,6,0,0,0,0,1,1
VexiiRiscv_173,400MHz,54696.3330,2.6669e+07,1.1594,6.9827e+06,-0.0679,1.2442e+07,0.8580,31387.3780,2.5148e+07,1.1490,6.4343e+06,0.0006,1.1428e+07,0.8357,30997.7990,3.0082e+08,-180.3652,1.8617e+08,-331.0634,2.3448e+08,-211.4448,31211.2210,2.9422e+08,1.0297,1.8744e+08,0.0010,2.3330e+08,0.6979,31390.6750,2.6662e+07,1.2521,6.9811e+06,-0.0330,1.2439e+07,0.9274,1,0,1,0,1,0,0,1,1,0,0,1,0,0,0,0,1,3,1,1,0,0,0,3,0,3,1,1,2,2,6,1,1,1,1,1,0
VexiiRiscv_173,100MHz,54696.3330,1.4265e+07,7.6939,1.7664e+06,4.7961,4.2292e+06,7.0542,31521.9620,1.3802e+07,7.7447,1.6269e+06,5.0143,3.9436e+06,7.0544,30991.7530,8.5457e+07,-172.8628,4.6545e+07,-323.5535,6.0054e+07,-203.9405,31212.3430,8.0716e+07,7.7969,4.8250e+07,5.4826,5.9276e+07,7.1049,31544.9990,1.4261e+07,7.8127,1.7658e+06,5.0404,4.2276e+06,7.1094,1,0,1,0,1,0,0,1,1,0,0,1,0,0,0,0,1,3,1,1,0,0,0,3,0,3,1,1,2,2,6,1,1,1,1,1,0
VexiiRiscv_173,800MHz,54835.3500,4.0709e+07,0.4003,1.4242e+07,-0.0623,2.2755e+07,0.2711,31753.6740,3.7924e+07,0.4082,1.3167e+07,0.0000,2.0863e+07,0.2689,31037.3480,5.8798e+08,-181.6129,3.7233e+08,-332.3066,4.6706e+08,-212.6908,31389.5950,5.7949e+08,0.4093,3.7304e+08,-0.0018,4.6544e+08,0.2773,31791.4860,4.0701e+07,0.4422,1.4240e+07,-0.0266,2.2750e+07,0.3082,1,0,1,0,1,0,0,1,1,0,0,1,0,0,0,0,1,3,1,1,0,0,0,3,0,3,1,1,2,2,6,1,1,1,1,1,0
VexiiRiscv_174,100MHz,98574.9610,1.8615e+07,7.2967,2.0390e+06,4.3038,4.8061e+06,6.5866,56986.5030,1.8366e+07,7.2757,1.9540e+06,4.4969,4.6381e+06,6.5778,55714.1810,9.0173e+07,9.0130,4.6860e+07,7.9296,6.0701e+07,8.7149,56272.3660,8.2982e+07,7.2254,4.8385e+07,5.0871,5.9857e+07,6.5918,57058.9520,1.8607e+07,7.5217,2.0378e+06,4.6351,4.8030e+06,6.8537,0,1,0,0,1,0,1,1,1,0,0,1,1,1,0,0,1,0,1,0,0,0,0,4,3,1,1,0,2,0,6,1,1,1,1,1,1
VexiiRiscv_174,400MHz,98610.7470,2.8922e+07,1.0890,8.1793e+06,-0.0671,1.3229e+07,0.8018,56441.8600,2.9194e+07,1.1619,7.7910e+06,0.0007,1.2820e+07,0.8623,55749.1190,3.0319e+08,1.5125,1.8742e+08,0.4287,2.3523e+08,1.2143,56249.0540,2.9946e+08,1.0448,1.8946e+08,0.0000,2.3592e+08,0.7764,56706.6500,2.8910e+07,1.2345,8.1769e+06,0.0025,1.3223e+07,0.9559,0,1,0,0,1,0,1,1,1,0,0,1,1,1,0,0,1,0,1,0,0,0,0,4,3,1,1,0,2,0,6,1,1,1,1,1,1
VexiiRiscv_174,800MHz,98761.5290,4.7885e+07,0.2836,1.6794e+07,-0.0661,2.5405e+07,0.1873,57263.9190,4.8161e+07,0.3201,1.6028e+07,-0.0000,2.4587e+07,0.2099,55767.2720,5.8716e+08,0.5420,3.7483e+08,0.0348,4.6793e+08,0.3916,56434.3910,5.8865e+08,0.3958,3.7741e+08,-0.0005,4.7060e+08,0.2632,57524.2910,4.7865e+07,0.3528,1.6789e+07,-0.0297,2.5396e+07,0.2426,0,1,0,0,1,0,1,1,1,0,0,1,1,1,0,0,1,0,1,0,0,0,0,4,3,1,1,0,2,0,6,1,1,1,1,1,1
VexiiRiscv_175,100MHz,56711.3710,1.5481e+07,5.5947,2.1949e+06,0.1522,4.8834e+06,4.2817,32528.6050,1.5026e+07,5.7871,2.0540e+06,0.6834,4.5923e+06,4.5184,32118.8210,8.6649e+07,-172.8512,4.6902e+07,-323.5366,6.0622e+07,-203.9250,32310.3820,8.1613e+07,5.7720,4.8590e+07,1.3231,5.9787e+07,4.5616,32544.7750,1.5477e+07,5.9655,2.1942e+06,0.6018,4.8816e+06,4.6851,1,1,0,1,0,1,0,1,0,0,0,1,0,0,1,1,0,2,0,1,0,0,0,1,3,0,0,3,0,0,5,1,1,1,1,0,1
VexiiRiscv_175,400MHz,56880.0990,3.0900e+07,0.9168,8.7882e+06,-0.0829,1.5002e+07,0.6415,32688.1960,2.9496e+07,0.9540,8.2375e+06,0.0001,1.4009e+07,0.6516,32182.4050,3.0650e+08,-180.3512,1.8758e+08,-331.0394,2.3696e+08,-211.4252,32440.0820,2.9791e+08,0.8453,1.8894e+08,0.0001,2.3540e+08,0.5453,32736.9650,3.0893e+07,1.0586,8.7864e+06,-0.0252,1.4998e+07,0.7589,1,1,0,1,0,1,0,1,0,0,0,1,0,0,1,1,0,2,0,1,0,0,0,1,3,0,0,3,0,0,5,1,1,1,1,0,1
VexiiRiscv_175,800MHz,57354.7400,4.8692e+07,0.4046,1.7839e+07,-0.0512,2.7734e+07,0.2803,33536.0820,4.6071e+07,0.4313,1.6735e+07,-0.0000,2.5846e+07,0.3005,32443.1320,5.9947e+08,-182.0589,3.7518e+08,-335.0169,4.7207e+08,-213.7058,32868.6350,5.8663e+08,0.4190,3.7614e+08,-0.0022,4.6966e+08,0.2747,33562.0880,4.8679e+07,0.4548,1.7836e+07,-0.0237,2.7728e+07,0.3207,1,1,0,1,0,1,0,1,0,0,0,1,0,0,1,1,0,2,0,1,0,0,0,1,3,0,0,3,0,0,5,1,1,1,1,0,1
VexiiRiscv_176,400MHz,47945.8830,2.0147e+07,1.0370,6.6633e+06,-0.0861,1.0219e+07,0.7262,27522.0950,1.9566e+07,1.0468,6.3888e+06,0.0001,9.7717e+06,0.7325,27207.6050,2.9331e+08,1.0441,1.8671e+08,-0.2372,2.3301e+08,0.6804,27306.2380,2.9023e+08,0.8818,1.8769e+08,-0.0021,2.3271e+08,0.5893,27552.1630,2.0142e+07,1.1205,6.6620e+06,-0.0352,1.0217e+07,0.8135,1,1,1,0,1,1,1,0,0,0,1,0,0,1,0,1,0,4,1,1,1,0,0,1,2,3,0,4,0,2,6,0,0,0,1,1,0
VexiiRiscv_176,800MHz,48356.6660,3.4268e+07,0.4669,1.3695e+07,-0.0705,2.0130e+07,0.3334,28417.9970,3.2899e+07,0.4825,1.3152e+07,-0.0000,1.9189e+07,0.3388,27441.1500,5.7675e+08,0.3566,3.7341e+08,-0.3530,4.6470e+08,0.1387,27706.8150,5.7498e+08,0.4246,3.7419e+08,-0.0010,4.6489e+08,0.2918,28469.2840,3.4261e+07,0.5181,1.3693e+07,-0.0257,2.0126e+07,0.3659,1,1,1,0,1,1,1,0,0,0,1,0,0,1,0,1,0,4,1,1,1,0,0,1,2,3,0,4,0,2,6,0,0,0,1,1,0
VexiiRiscv_176,100MHz,47741.1480,9.9846e+06,5.9406,1.6519e+06,0.7987,3.1745e+06,4.6999,27402.1210,9.8288e+06,6.0871,1.5823e+06,1.3363,3.0595e+06,4.9002,27094.9500,8.0754e+07,7.8536,4.6680e+07,5.5226,5.9250e+07,7.1972,27179.8350,7.7101e+07,6.0006,4.7883e+07,1.8003,5.8726e+07,4.8141,27399.4260,9.9813e+06,6.1935,1.6513e+06,1.1339,3.1731e+06,4.9756,1,1,1,0,1,1,1,0,0,0,1,0,0,1,0,1,0,4,1,1,1,0,0,1,2,3,0,4,0,2,6,0,0,0,1,1,0
VexiiRiscv_177,800MHz,137965.8090,1.6425e+08,0.3235,4.2821e+07,-0.0951,8.5067e+07,0.2010,79935.2490,1.4716e+08,0.3589,3.7881e+07,-0.0031,7.4749e+07,0.2336,77783.7000,3.8685e+10,-774.2083,7.0097e+08,-1438.8733,9.6249e+09,-912.6840,78714.1040,6.6323e+08,0.4050,3.8539e+08,-0.0006,4.9812e+08,0.2768,80164.8000,1.6420e+08,0.3937,4.2810e+07,-0.0386,8.5045e+07,0.2671,0,0,1,1,0,1,1,0,0,1,1,0,0,0,1,0,0,3,1,0,0,1,0,0,3,0,1,6,1,1,3,1,1,1,0,1,0
VexiiRiscv_177,100MHz,137660.6640,5.4586e+07,6.1005,5.3196e+06,1.5203,1.5995e+07,5.0183,78946.8150,5.1763e+07,6.5834,4.6832e+06,2.3275,1.4466e+07,5.5606,77635.4230,4.8756e+09,-765.3987,8.7634e+07,-1430.4053,1.2089e+09,-903.8180,78218.2320,1.1398e+08,6.6723,5.2981e+07,3.4110,6.6607e+07,5.7574,79237.1320,5.4574e+07,6.5952,5.3174e+06,2.1978,1.5989e+07,5.5575,0,0,1,1,0,1,1,0,0,1,1,0,0,0,1,0,0,3,1,0,0,1,0,0,3,0,1,6,1,1,3,1,1,1,0,1,0
VexiiRiscv_177,400MHz,137660.6640,9.4656e+07,0.9340,2.0971e+07,-0.0761,4.2514e+07,0.6438,78774.8580,8.7097e+07,0.9392,1.8527e+07,0.0002,3.7733e+07,0.6578,77629.7190,1.9364e+10,-772.9119,3.5047e+08,-1437.6438,4.8157e+09,-911.6279,78258.5880,3.4885e+08,0.9180,1.9541e+08,-0.0002,2.5142e+08,0.6257,78869.5100,9.4632e+07,1.0194,2.0965e+07,-0.0094,4.2502e+07,0.7295,0,0,1,1,0,1,1,0,0,1,1,0,0,0,1,0,0,3,1,0,0,1,0,0,3,0,1,6,1,1,3,1,1,1,0,1,0
VexiiRiscv_178,100MHz,2697.8050,7.2678e+05,8.1727,2.3796e+05,5.8679,3.4644e+05,7.6159,1622.5300,7.2257e+05,8.1951,2.3516e+05,6.0392,3.4270e+05,7.6488,1613.7340,8.4587e+05,8.7434,2.0059e+05,7.4711,3.2287e+05,8.3925,1607.2360,6.8620e+05,8.2296,2.0589e+05,5.9392,3.1134e+05,7.6951,1626.7570,7.2650e+05,8.2521,2.3787e+05,5.9796,3.4629e+05,7.6955,0,0,0,1,0,0,0,1,1,0,0,0,1,1,1,1,0,4,1,0,0,1,1,2,3,3,0,0,0,2,1,0,1,1,0,0,0
VexiiRiscv_178,400MHz,2697.8050,1.9874e+06,1.1969,9.5290e+05,-0.0629,1.2730e+06,0.8563,1623.0360,1.9789e+06,1.2124,9.4141e+05,0.0014,1.2593e+06,0.8783,1613.5560,2.0965e+06,1.2464,8.0187e+05,-0.0230,1.1304e+06,0.8959,1608.6170,2.0086e+06,1.1751,8.4181e+05,0.0003,1.1677e+06,0.8464,1624.1850,1.9867e+06,1.2430,9.5257e+05,-0.0133,1.2725e+06,0.9012,0,0,0,1,0,0,0,1,1,0,0,0,1,1,1,1,0,4,1,0,0,1,1,2,3,3,0,0,0,2,1,0,1,1,0,0,0
VexiiRiscv_178,800MHz,2740.6780,3.7085e+06,0.5388,1.9391e+06,-0.0386,2.5491e+06,0.3800,1652.6390,3.6665e+06,0.5249,1.9160e+06,0.0000,2.5160e+06,0.3648,1636.6200,3.8038e+06,0.5265,1.6068e+06,-0.0050,2.2169e+06,0.3523,1630.9020,3.7763e+06,0.4782,1.6916e+06,0.0004,2.3125e+06,0.3460,1653.9120,3.7071e+06,0.5595,1.9385e+06,-0.0193,2.5482e+06,0.3991,0,0,0,1,0,0,0,1,1,0,0,0,1,1,1,1,0,4,1,0,0,1,1,2,3,3,0,0,0,2,1,0,1,1,0,0,0
VexiiRiscv_179,800MHz,379933.5450,1.6484e+08,0.1492,5.5480e+07,-0.1693,8.5308e+07,0.0801,221529.6240,1.6895e+08,0.2515,5.2445e+07,-0.0000,8.2863e+07,0.1494,213597.7830,8.0518e+08,-761.2053,4.1494e+08,-1415.6964,5.5178e+08,-897.3817,217434.0380,7.1311e+08,0.2909,4.0730e+08,-0.0017,5.2330e+08,0.1706,224819.0490,1.6479e+08,0.4023,5.5466e+07,-0.0264,8.5283e+07,0.2758,1,1,0,1,1,1,1,0,0,1,1,1,0,1,1,0,0,3,1,0,1,0,0,6,3,2,1,0,3,0,1,0,0,0,0,0,0
VexiiRiscv_179,400MHz,379286.6190,1.0004e+08,0.6326,2.7223e+07,-0.0958,4.3921e+07,0.4313,217911.5660,1.0166e+08,0.8514,2.5751e+07,0.0001,4.2613e+07,0.6066,213203.2380,4.3935e+08,-759.9553,2.0750e+08,-1414.4464,2.8075e+08,-896.1317,215589.0160,3.7400e+08,0.7538,2.0473e+08,-0.0006,2.6299e+08,0.4845,219629.6780,1.0000e+08,1.0041,2.7216e+07,-0.0383,4.3904e+07,0.7561,1,1,0,1,1,1,1,0,0,1,1,1,0,1,1,0,0,3,1,0,1,0,0,6,3,2,1,0,3,0,1,0,0,0,0,0,0
VexiiRiscv_179,100MHz,379722.7640,5.8645e+07,4.9851,6.7560e+06,-0.1197,1.5298e+07,3.7467,216734.2100,5.8738e+07,5.2914,6.3887e+06,0.1225,1.4844e+07,4.0014,213362.8150,1.6652e+08,-752.4553,5.1890e+07,-1406.9464,7.7688e+07,-888.6317,215048.3960,1.2447e+08,4.9257,5.3239e+07,0.0304,6.9144e+07,3.5960,217850.5120,5.8619e+07,5.5623,6.7520e+06,0.4223,1.5287e+07,4.3202,1,1,0,1,1,1,1,0,0,1,1,1,0,1,1,0,0,3,1,0,1,0,0,6,3,2,1,0,3,0,1,0,0,0,0,0,0
VexiiRiscv_18,400MHz,14778.6410,5.1838e+06,1.0701,1.7112e+06,-0.0751,2.5915e+06,0.7618,8653.4210,5.1375e+06,1.0961,1.6675e+06,0.0003,2.5278e+06,0.7691,8488.7000,2.7755e+08,1.1330,1.8346e+08,-0.2976,2.2693e+08,0.7468,8542.2850,2.7636e+08,1.0082,1.8404e+08,0.0000,2.2678e+08,0.6974,8637.7710,5.1825e+06,1.1338,1.7109e+06,-0.0121,2.5908e+06,0.8216,0,0,0,0,0,1,0,1,0,1,0,0,1,1,1,0,0,3,1,1,1,0,1,1,1,1,1,1,0,1,2,1,0,0,1,0,0
VexiiRiscv_18,100MHz,14778.6410,2.3600e+06,7.1600,4.3161e+05,3.5822,7.6280e+05,6.3240,8589.5630,2.3396e+06,7.2780,4.2106e+05,4.0154,7.4648e+05,6.4742,8488.7000,7.1418e+07,8.6330,4.5865e+07,7.2024,5.7000e+07,8.2468,8521.8470,7.0090e+07,7.3417,4.6695e+07,4.7269,5.6802e+07,6.5842,8592.5310,2.3591e+06,7.3893,4.3144e+05,3.9763,7.6240e+05,6.5852,0,0,0,0,0,1,0,1,0,1,0,0,1,1,1,0,0,3,1,1,1,0,1,1,1,1,1,1,0,1,2,1,0,0,1,0,0
VexiiRiscv_18,800MHz,14979.1890,8.4164e+06,0.4130,3.5417e+06,-0.0655,4.9703e+06,0.2863,8808.7570,8.3160e+06,0.4515,3.4566e+06,0.0001,4.8509e+06,0.3138,8588.2760,5.5237e+08,0.3681,3.6691e+08,-0.3594,4.5349e+08,0.1468,8669.1530,5.5130e+08,0.4491,3.6720e+08,0.0005,4.5345e+08,0.3132,8830.4260,8.4142e+06,0.4743,3.5410e+06,-0.0224,4.9691e+06,0.3412,0,0,0,0,0,1,0,1,0,1,0,0,1,1,1,0,0,3,1,1,1,0,1,1,1,1,1,1,0,1,2,1,0,0,1,0,0
VexiiRiscv_180,100MHz,45173.0290,1.9065e+07,5.7614,2.0628e+06,0.4885,5.8259e+06,4.4946,26013.3130,1.8107e+07,5.8696,1.8345e+06,0.8551,5.2925e+06,4.6213,25636.8670,2.8447e+08,-761.2433,4.7307e+07,-1419.9272,1.0804e+08,-900.8050,25799.1800,8.3539e+07,5.8954,4.8637e+07,1.7320,5.9774e+07,4.6684,26039.8390,1.9060e+07,6.0511,2.0620e+06,0.9701,5.8240e+06,4.8188,1,0,0,1,1,1,0,1,0,0,0,1,0,0,0,1,1,1,1,1,1,0,1,2,2,0,0,2,2,0,5,0,1,1,1,1,1
VexiiRiscv_180,400MHz,45372.1820,3.6447e+07,0.9161,8.5246e+06,-0.0976,1.6956e+07,0.6406,26248.5410,3.3486e+07,0.9738,7.6157e+06,0.0002,1.5129e+07,0.6840,25734.9800,1.1668e+09,-782.7242,1.8888e+08,-1435.1921,4.4293e+08,-913.2134,25898.5660,2.9824e+08,0.8889,1.8718e+08,0.0001,2.3400e+08,0.5817,26298.8830,3.6438e+07,1.0645,8.5223e+06,-0.0415,1.6952e+07,0.7699,1,0,0,1,1,1,0,1,0,0,0,1,0,0,0,1,1,1,1,1,1,0,1,2,2,0,0,2,2,0,5,0,1,1,1,1,1
VexiiRiscv_180,800MHz,45820.6130,6.2402e+07,0.4080,1.6832e+07,-0.0744,3.2720e+07,0.2772,26804.2770,5.6174e+07,0.4330,1.5028e+07,-0.0010,2.8969e+07,0.2973,26004.5580,2.1815e+09,-769.9690,3.7839e+08,-1428.7534,8.5147e+08,-909.6481,26262.0290,5.8476e+08,0.4123,3.7190e+08,0.0000,4.6637e+08,0.2699,26890.5570,6.2387e+07,0.4688,1.6828e+07,-0.0338,3.2711e+07,0.3319,1,0,0,1,1,1,0,1,0,0,0,1,0,0,0,1,1,1,1,1,1,0,1,2,2,0,0,2,2,0,5,0,1,1,1,1,1
VexiiRiscv_181,400MHz,77779.9110,4.7363e+07,1.1080,9.9835e+06,-0.0672,2.1074e+07,0.8084,44623.7770,4.3426e+07,1.1672,8.8418e+06,0.0001,1.8678e+07,0.8570,43981.3920,3.4242e+08,-1848.5229,1.8614e+08,-3669.4795,2.4432e+08,-2217.6724,44323.7340,3.0751e+08,1.0725,1.8861e+08,0.0000,2.3703e+08,0.7847,44680.0300,4.7351e+07,1.2492,9.9806e+06,-0.0068,2.1068e+07,0.9528,0,1,0,1,1,0,0,0,1,1,1,1,1,0,0,1,1,4,0,0,0,0,0,5,0,3,0,4,0,1,0,1,1,0,0,1,0
VexiiRiscv_181,800MHz,77843.4960,7.4308e+07,0.3915,2.0347e+07,-0.0475,3.8611e+07,0.2730,45205.7520,6.7325e+07,0.4095,1.8068e+07,-0.0001,3.4152e+07,0.2800,44019.8190,6.6145e+08,-1849.7776,3.7227e+08,-3670.7261,4.8526e+08,-2218.9189,44521.4510,5.9892e+08,0.4122,3.7428e+08,-0.0000,4.7187e+08,0.2818,45358.6260,7.4288e+07,0.4499,2.0342e+07,-0.0205,3.8600e+07,0.3243,0,1,0,1,1,0,0,0,1,1,1,1,1,0,0,1,1,4,0,0,0,0,0,5,0,3,0,4,0,1,0,1,1,0,0,1,0
VexiiRiscv_181,100MHz,77779.9110,2.6006e+07,7.3091,2.4887e+06,4.1184,7.4503e+06,6.5917,44704.1610,2.4779e+07,7.5766,2.2004e+06,4.6260,6.7726e+06,6.8711,43981.3920,1.0273e+08,-1841.0229,4.6540e+07,-3661.9795,6.3521e+07,-2210.1724,44355.7040,8.9799e+07,7.4543,4.9373e+07,5.0036,6.1034e+07,6.7337,44736.2270,2.5999e+07,7.6507,2.4874e+06,4.6087,7.4471e+06,6.9566,0,1,0,1,1,0,0,0,1,1,1,1,1,0,0,1,1,4,0,0,0,0,0,5,0,3,0,4,0,1,0,1,1,0,0,1,0
VexiiRiscv_182,800MHz,121098.7800,6.6688e+07,0.3190,2.1262e+07,-0.0637,3.4495e+07,0.2278,70568.6770,6.4770e+07,0.3532,1.9830e+07,-0.0000,3.2382e+07,0.2287,68218.3980,6.0468e+08,-182.0453,3.7571e+08,-334.9891,4.7333e+08,-213.6879,69117.5980,6.0221e+08,0.3787,3.7849e+08,-0.0001,4.7499e+08,0.2531,70860.9230,6.6662e+07,0.4032,2.1256e+07,-0.0361,3.4482e+07,0.2736,0,1,1,0,0,1,0,0,1,1,0,1,1,0,1,0,0,2,0,0,0,0,1,4,3,1,0,1,0,0,5,1,1,0,1,0,0
VexiiRiscv_182,400MHz,120812.8950,4.4561e+07,0.8080,1.0441e+07,-0.1099,1.9012e+07,0.5573,69874.3750,4.3435e+07,0.8550,9.7269e+06,0.0011,1.7838e+07,0.5946,68109.6550,3.1475e+08,-180.7982,1.8786e+08,-333.7442,2.3832e+08,-212.4415,68900.0040,3.0914e+08,0.8752,1.9026e+08,-0.0007,2.3843e+08,0.5949,70022.0100,4.4545e+07,0.9037,1.0438e+07,-0.0669,1.9005e+07,0.6382,0,1,1,0,0,1,0,0,1,1,0,1,1,0,1,0,0,2,0,0,0,0,1,4,3,1,0,1,0,0,5,1,1,0,1,0,0
VexiiRiscv_182,100MHz,120812.8950,2.6635e+07,5.7750,2.5232e+06,0.9410,6.7894e+06,4.6382,69587.2870,2.5996e+07,6.1087,2.3537e+06,1.6474,6.4228e+06,5.0224,68110.1070,9.7656e+07,-173.2982,4.6972e+07,-326.2442,6.2131e+07,-204.9415,68718.7030,8.8847e+07,6.1528,4.9085e+07,2.4916,6.0971e+07,5.1363,69731.5560,2.6626e+07,6.2219,2.5218e+06,1.5475,6.7858e+06,5.1076,0,1,1,0,0,1,0,0,1,1,0,1,1,0,1,0,0,2,0,0,0,0,1,4,3,1,0,1,0,0,5,1,1,0,1,0,0
VexiiRiscv_183,400MHz,24924.9880,1.1677e+07,1.0601,4.4681e+06,-0.0807,6.4474e+06,0.7523,14336.1070,1.1578e+07,1.0410,4.3607e+06,0.0002,6.3026e+06,0.7203,14218.0480,2.8601e+08,1.2276,1.8547e+08,-0.0127,2.3045e+08,0.8731,14252.9190,2.8255e+08,0.9362,1.8623e+08,0.0002,2.2997e+08,0.6175,14367.6940,1.1673e+07,1.1239,4.4672e+06,-0.0472,6.4457e+06,0.8068,1,1,0,0,0,1,0,1,0,0,0,1,0,1,1,1,1,4,1,1,0,0,0,3,1,3,0,0,2,0,0,0,0,0,1,1,0
VexiiRiscv_183,800MHz,25257.6300,2.0160e+07,0.4628,9.1647e+06,-0.0591,1.2638e+07,0.3254,14746.7530,1.9933e+07,0.4859,8.9392e+06,0.0000,1.2333e+07,0.3383,14436.4220,5.6746e+08,0.3631,3.7094e+08,-0.3154,4.6032e+08,0.1601,14546.2860,5.6264e+08,0.4286,3.7152e+08,-0.0001,4.5971e+08,0.2905,14826.7120,2.0155e+07,0.5183,9.1631e+06,-0.0222,1.2635e+07,0.3657,1,1,0,0,0,1,0,1,0,0,0,1,0,1,1,1,1,4,1,1,0,0,0,3,1,3,0,0,2,0,0,0,0,0,1,1,0
VexiiRiscv_183,100MHz,24777.4350,5.1266e+06,6.6839,1.1254e+06,2.5308,1.8741e+06,5.6956,14291.3180,5.0878e+06,6.8944,1.0999e+06,3.0504,1.8367e+06,5.9180,14148.3210,7.4970e+07,8.1123,4.6370e+07,5.9775,5.8062e+07,7.5226,14159.7300,7.2631e+07,6.7325,4.7279e+07,3.3731,5.7718e+07,5.7979,14323.7260,5.1249e+06,6.9769,1.1250e+06,2.9354,1.8734e+06,5.9868,1,1,0,0,0,1,0,1,0,0,0,1,0,1,1,1,1,4,1,1,0,0,0,3,1,3,0,0,2,0,0,0,0,0,1,1,0
VexiiRiscv_184,100MHz,8047.9710,1.7517e+06,7.7705,5.3527e+05,4.9844,7.8748e+05,7.0977,4657.6570,1.7443e+06,7.7706,5.2983e+05,5.1177,7.7976e+05,7.1033,4643.3480,7.0109e+07,8.6476,4.5959e+07,7.3172,5.6896e+07,8.2547,4638.0670,6.9561e+07,7.7084,4.6739e+07,5.4569,5.6831e+07,7.0564,4661.4740,1.7512e+06,7.8686,5.3514e+05,5.1225,7.8721e+05,7.2012,0,0,1,0,0,1,0,0,0,1,1,1,0,1,1,1,0,4,0,0,1,0,1,0,2,3,1,1,1,1,1,1,1,0,0,0,1
VexiiRiscv_184,400MHz,8047.9710,4.9057e+06,1.1921,2.1194e+06,-0.0571,2.9169e+06,0.8651,4711.5150,4.9176e+06,1.1760,2.0943e+06,0.0007,2.8920e+06,0.8443,4643.3480,2.7657e+08,1.1476,1.8384e+08,-0.1828,2.2710e+08,0.7547,4643.8950,2.7607e+08,1.0617,1.8439e+08,0.0011,2.2709e+08,0.7644,4722.6370,4.9045e+06,1.2349,2.1191e+06,-0.0250,2.9162e+06,0.9017,0,0,1,0,0,1,0,0,0,1,1,1,0,1,1,1,0,4,0,0,1,0,1,0,2,3,1,1,1,1,1,1,1,0,0,0,1
VexiiRiscv_184,800MHz,8227.1250,9.1363e+06,0.4297,4.4261e+06,-0.0525,5.9461e+06,0.2896,4919.6970,9.0513e+06,0.4480,4.3710e+06,0.0000,5.8678e+06,0.3098,4737.2060,5.5196e+08,0.3835,3.6767e+08,-0.2746,4.5406e+08,0.1675,4787.1380,5.5178e+08,0.4284,3.6799e+08,-0.0010,4.5425e+08,0.2996,4959.8890,9.1346e+06,0.4626,4.4255e+06,-0.0272,5.9451e+06,0.3155,0,0,1,0,0,1,0,0,0,1,1,1,0,1,1,1,0,4,0,0,1,0,1,0,2,3,1,1,1,1,1,1,1,0,0,0,1
VexiiRiscv_185,100MHz,132293.3150,2.6932e+07,7.5239,2.9623e+06,4.8141,7.1761e+06,6.9087,75586.0630,2.6538e+07,7.5702,2.7242e+06,4.9117,6.7955e+06,6.9475,74600.7880,1.2691e+09,-765.5322,1.1031e+08,-1429.7241,3.9050e+08,-903.9664,75260.4240,9.3935e+07,7.5298,4.9776e+07,5.6294,6.2102e+07,6.9687,75824.4230,2.6923e+07,7.7661,2.9607e+06,5.0451,7.1721e+06,7.1492,0,0,0,1,0,0,1,1,1,0,0,1,0,1,1,0,1,4,0,1,0,0,0,4,3,2,0,4,1,2,3,0,0,1,0,1,0
VexiiRiscv_185,400MHz,132293.3150,5.0273e+07,1.0669,1.1894e+07,-0.0703,2.2265e+07,0.7973,75558.4980,4.8306e+07,1.1401,1.0918e+07,0.0001,2.0550e+07,0.8441,74599.7490,4.9830e+09,-773.0339,4.4123e+08,-1437.0623,1.5492e+09,-911.4806,75182.7630,3.1611e+08,0.9656,1.9148e+08,0.0001,2.4101e+08,0.6901,75852.3580,5.0257e+07,1.2546,1.1890e+07,0.0211,2.2257e+07,0.9784,0,0,0,1,0,0,1,1,1,0,0,1,0,1,1,0,1,4,0,1,0,0,0,4,3,2,0,4,1,2,3,0,0,1,0,1,0
VexiiRiscv_185,800MHz,132334.7940,7.3454e+07,0.2663,2.4046e+07,-0.0702,3.8926e+07,0.1511,76432.3900,7.0989e+07,0.3928,2.2134e+07,-0.0000,3.6145e+07,0.2601,74653.4430,9.9357e+09,-774.1614,8.8245e+08,-1438.8876,3.0940e+09,-912.4982,75427.5120,6.1409e+08,0.4012,3.8047e+08,-0.0003,4.7987e+08,0.2766,76825.8410,7.3432e+07,0.4537,2.4041e+07,-0.0082,3.8916e+07,0.3272,0,0,0,1,0,0,1,1,1,0,0,1,0,1,1,0,1,4,0,1,0,0,0,4,3,2,0,4,1,2,3,0,0,1,0,1,0
VexiiRiscv_186,100MHz,22881.8520,6.4633e+06,7.5578,1.0707e+06,4.4960,2.1098e+06,6.8273,13155.5640,6.3301e+06,7.6654,1.0126e+06,4.9437,2.0128e+06,6.9995,13037.6290,7.5630e+07,8.7797,4.6234e+07,7.4519,5.8104e+07,8.4155,13079.5300,7.3999e+07,7.6718,4.7403e+07,5.4560,5.7882e+07,7.0326,13163.6620,6.4613e+06,7.7662,1.0703e+06,4.8440,2.1090e+06,7.0764,0,0,1,1,0,0,0,1,0,1,1,0,0,1,1,0,0,2,0,0,0,1,0,0,0,3,1,3,1,2,1,0,0,0,0,1,1
VexiiRiscv_186,800MHz,23148.5570,2.2719e+07,0.4602,8.7747e+06,-0.0523,1.3360e+07,0.3183,13556.4420,2.1514e+07,0.4869,8.3176e+06,-0.0000,1.2555e+07,0.3417,13237.4380,5.6541e+08,0.3755,3.6985e+08,-0.2826,4.5937e+08,0.1715,13316.3450,5.6379e+08,0.4454,3.7048e+08,-0.0000,4.5940e+08,0.3122,13607.5640,2.2713e+07,0.4890,8.7727e+06,-0.0288,1.3357e+07,0.3394,0,0,1,1,0,0,0,1,0,1,1,0,0,1,1,0,0,2,0,0,0,1,0,0,0,3,1,3,1,2,1,0,0,0,0,1,1
VexiiRiscv_186,400MHz,22881.8520,1.3653e+07,1.1204,4.3114e+06,-0.0673,6.9985e+06,0.8068,13166.4260,1.3075e+07,1.1171,4.0832e+06,0.0002,6.5933e+06,0.8083,13033.8800,2.8536e+08,1.2778,1.8493e+08,-0.0512,2.3005e+08,0.9132,13075.6040,2.8369e+08,1.0780,1.8585e+08,-0.0002,2.2991e+08,0.7756,13171.7470,1.3649e+07,1.1776,4.3104e+06,-0.0293,6.9966e+06,0.8721,0,0,1,1,0,0,0,1,0,1,1,0,0,1,1,0,0,2,0,0,0,1,0,0,0,3,1,3,1,2,1,0,0,0,0,1,1
VexiiRiscv_187,800MHz,30564.2940,2.7452e+07,0.3965,9.0229e+06,-0.0637,1.5029e+07,0.2586,17937.6130,2.5187e+07,0.4354,8.2209e+06,-0.0000,1.3571e+07,0.2960,17402.5200,5.6964e+08,-182.0428,3.6883e+08,-334.9633,4.5988e+08,-213.6781,17653.1920,5.6651e+08,0.4171,3.6933e+08,-0.0005,4.5926e+08,0.2749,17994.8770,2.7447e+07,0.4735,9.0212e+06,-0.0191,1.5026e+07,0.3354,0,1,0,0,1,1,0,0,1,1,1,0,0,0,0,1,0,1,1,0,0,1,1,4,0,2,1,0,0,2,0,1,0,0,0,1,0
VexiiRiscv_187,400MHz,30524.4570,1.7159e+07,0.9533,4.3988e+06,-0.0966,8.0224e+06,0.6770,17681.7960,1.5965e+07,1.0336,3.9961e+06,0.0004,7.2610e+06,0.7504,17366.2810,2.8918e+08,-180.3441,1.8442e+08,-331.0099,2.3056e+08,-211.4106,17488.9080,2.8628e+08,0.9168,1.8546e+08,-0.0001,2.3003e+08,0.6304,17682.0150,1.7155e+07,1.0977,4.3977e+06,0.0019,8.0203e+06,0.8128,0,1,0,0,1,1,0,0,1,1,1,0,0,0,0,1,0,1,1,0,0,1,1,4,0,2,1,0,0,2,0,1,0,0,0,1,0
VexiiRiscv_187,100MHz,30524.4570,9.3462e+06,6.6681,1.0963e+06,2.5166,2.7705e+06,5.6846,17533.0810,9.0030e+06,6.9230,9.9419e+05,3.0998,2.5620e+06,5.9665,17366.2810,7.8773e+07,-172.8441,4.6106e+07,-323.5099,5.8569e+07,-203.9106,17437.5130,7.6158e+07,6.9661,4.7572e+07,3.9457,5.8137e+07,6.0683,17553.9570,9.3439e+06,7.0217,1.0958e+06,3.0446,2.7694e+06,6.0625,0,1,0,0,1,1,0,0,1,1,1,0,0,0,0,1,0,1,1,0,0,1,1,4,0,2,1,0,0,2,0,1,0,0,0,1,0
VexiiRiscv_188,400MHz,38205.9700,2.0206e+07,0.9777,5.2805e+06,-0.0915,9.5338e+06,0.6833,21933.0490,1.8897e+07,0.9969,4.8655e+06,0.0001,8.7101e+06,0.6971,21676.8630,2.9812e+08,-1382.2668,1.8510e+08,-2706.3181,2.3315e+08,-1651.0071,21782.1990,2.8831e+08,0.8814,1.8617e+08,0.0001,2.3102e+08,0.5831,21961.1880,2.0201e+07,1.0832,5.2794e+06,-0.0283,9.5316e+06,0.7840,1,1,1,1,1,0,1,1,0,0,1,0,1,0,0,1,0,2,1,0,1,1,1,0,0,2,1,5,3,0,3,0,0,0,1,0,0
VexiiRiscv_188,800MHz,38595.1380,3.0542e+07,0.4005,1.0765e+07,-0.0614,1.7000e+07,0.2727,22542.6150,2.8376e+07,0.4258,9.9492e+06,0.0001,1.5573e+07,0.2887,21902.3090,5.8684e+08,-1383.4838,3.7020e+08,-2707.3042,4.6499e+08,-1652.2520,22149.6300,5.7042e+08,0.4204,3.7078e+08,-0.0018,4.6129e+08,0.2833,22612.1370,3.0536e+07,0.4437,1.0763e+07,-0.0264,1.6997e+07,0.3091,1,1,1,1,1,0,1,1,0,0,1,0,1,0,0,1,0,2,1,0,1,1,1,0,0,2,1,5,3,0,3,0,0,0,1,0,0
VexiiRiscv_188,100MHz,37614.8560,1.0160e+07,5.6096,1.3218e+06,0.0692,3.0339e+06,4.2844,21581.9920,9.8590e+06,5.8675,1.2174e+06,0.7405,2.8410e+06,4.5991,21332.6330,8.1786e+07,-1374.7720,4.6278e+07,-2698.7329,5.9308e+07,-1643.5066,21398.3380,7.7050e+07,6.0284,4.7739e+07,1.7116,5.8424e+07,4.8354,21609.8300,1.0157e+07,6.0133,1.3213e+06,0.6592,3.0326e+06,4.7165,1,1,1,1,1,0,1,1,0,0,1,0,1,0,0,1,0,2,1,0,1,1,1,0,0,2,1,5,3,0,3,0,0,0,1,0,0
VexiiRiscv_189,400MHz,7633.6050,4.1836e+06,1.1405,1.9507e+06,-0.0790,2.6078e+06,0.8137,4441.9920,4.1623e+06,1.1308,1.9275e+06,0.0001,2.5786e+06,0.8065,4409.8030,2.7608e+08,1.0835,1.8367e+08,-0.3268,2.2686e+08,0.6796,4398.2160,2.7559e+08,1.0964,1.8419e+08,0.0003,2.2682e+08,0.7785,4446.4380,4.1826e+06,1.1879,1.9503e+06,-0.0054,2.6072e+06,0.8609,0,1,1,1,1,0,1,0,0,1,1,0,0,1,0,0,0,1,1,0,0,1,1,1,0,1,1,3,3,2,5,1,0,0,1,0,0
VexiiRiscv_189,800MHz,7870.7880,8.2377e+06,0.4192,3.9055e+06,-0.0453,5.2650e+06,0.2821,4681.1860,8.1762e+06,0.4579,3.8530e+06,0.0000,5.1994e+06,0.3156,4539.8040,5.5098e+08,0.3989,3.6735e+08,-0.2561,4.5357e+08,0.1893,4562.0880,5.5084e+08,0.4460,3.6755e+08,-0.0003,4.5365e+08,0.3085,4707.8080,8.2358e+06,0.4805,3.9049e+06,-0.0230,5.2640e+06,0.3418,0,1,1,1,1,0,1,0,0,1,1,0,0,1,0,0,0,1,1,0,0,1,1,1,0,1,1,3,3,2,5,1,0,0,1,0,0
VexiiRiscv_189,100MHz,7633.6050,1.6137e+06,7.6054,4.8301e+05,4.6337,7.1545e+05,6.9034,4443.2230,1.6054e+06,7.5633,4.7726e+05,4.6989,7.0763e+05,6.8519,4410.1320,6.9995e+07,8.5851,4.5919e+07,7.1957,5.6839e+07,8.1865,4389.2150,6.9389e+07,7.5356,4.6691e+07,4.8261,5.6756e+07,6.8720,4450.7880,1.6132e+06,7.7802,4.8290e+05,4.8683,7.1521e+05,7.0847,0,1,1,1,1,0,1,0,0,1,1,0,0,1,0,0,0,1,1,0,0,1,1,1,0,1,1,3,3,2,5,1,0,0,1,0,0
VexiiRiscv_19,400MHz,18737.6330,4.8397e+06,1.1837,1.5023e+06,-0.0726,2.3062e+06,0.8813,10783.4790,4.6995e+06,1.2265,1.4417e+06,0.0002,2.2053e+06,0.8887,10703.7520,6.3784e+06,1.1474,1.0914e+06,-0.2122,2.1494e+06,0.7758,10741.1670,4.6730e+06,1.1422,1.2062e+06,0.0007,1.9328e+06,0.8276,10786.8310,4.8380e+06,1.2711,1.5019e+06,-0.0034,2.3053e+06,0.9379,0,0,1,0,1,0,1,1,1,0,0,0,1,1,1,0,1,4,0,0,1,1,1,0,3,0,0,1,3,1,3,0,1,0,1,0,0
VexiiRiscv_19,100MHz,18722.0370,2.6946e+06,7.7548,3.6843e+05,4.9078,7.5148e+05,7.0610,10796.9940,2.6564e+06,7.7742,3.5322e+05,5.0819,7.2511e+05,7.0914,10700.6740,4.3068e+06,8.6591,2.7396e+05,7.3186,9.0420e+05,8.2928,10734.6550,2.5680e+06,7.9522,3.6955e+05,5.4198,6.4309e+05,7.3251,10802.4120,2.6935e+06,7.8734,3.6825e+05,5.0691,7.5102e+05,7.1817,0,0,1,0,1,0,1,1,1,0,0,0,1,1,1,0,1,4,0,0,1,1,1,0,3,0,0,1,3,1,3,0,1,0,1,0,0
VexiiRiscv_19,800MHz,18834.6790,8.1180e+06,0.4767,3.0587e+06,-0.0403,4.5117e+06,0.3386,10983.1660,7.7524e+06,0.4748,2.9314e+06,-0.0000,4.2883e+06,0.3286,10754.3550,9.0217e+06,0.5510,2.1817e+06,0.0506,3.7885e+06,0.3897,10839.1710,7.9655e+06,0.4350,2.3337e+06,-0.0004,3.7359e+06,0.2982,11034.2340,8.1157e+06,0.5208,3.0580e+06,-0.0161,4.5105e+06,0.3797,0,0,1,0,1,0,1,1,1,0,0,0,1,1,1,0,1,4,0,0,1,1,1,0,3,0,0,1,3,1,3,0,1,0,1,0,0
VexiiRiscv_190,800MHz,33130.3610,5.1360e+07,0.3334,1.3217e+07,-0.1441,2.6388e+07,0.1870,19641.1010,4.5609e+07,0.3920,1.1592e+07,-0.0398,2.2976e+07,0.2580,18849.1120,5.8325e+08,-181.5619,3.6930e+08,-332.2874,4.6448e+08,-212.6122,19114.8870,5.7838e+08,0.4234,3.7017e+08,-0.0043,4.6341e+08,0.2874,19715.2200,5.1346e+07,0.4252,1.3213e+07,-0.0802,2.6380e+07,0.2819,1,0,1,1,0,1,0,0,1,1,1,0,1,0,1,0,1,0,0,0,1,1,1,3,1,0,1,1,3,2,6,1,1,1,0,1,0
VexiiRiscv_190,100MHz,33068.1440,1.6606e+07,5.6632,1.6668e+06,0.0466,5.0236e+06,4.3227,19179.0590,1.5706e+07,5.8195,1.4576e+06,0.5159,4.5278e+06,4.5049,18784.7460,8.3913e+07,-172.0260,4.6166e+07,-321.8728,5.9678e+07,-202.2776,18878.1260,8.1342e+07,6.0954,4.8343e+07,1.9694,5.9241e+07,4.9115,19184.1610,1.6603e+07,6.0286,1.6662e+06,0.6415,5.0221e+06,4.7203,1,0,1,1,0,1,0,0,1,1,1,0,1,0,1,0,1,0,0,0,1,1,1,3,1,0,1,1,3,2,6,1,1,1,0,1,0
VexiiRiscv_190,400MHz,33088.8830,3.1677e+07,0.9804,6.5671e+06,-0.0994,1.4228e+07,0.6853,19301.0570,2.8653e+07,0.9774,5.7534e+06,0.0005,1.2465e+07,0.6788,18798.3310,2.9799e+08,-180.3012,1.8465e+08,-330.9401,2.3318e+08,-211.3462,18934.7750,2.9409e+08,0.8700,1.8626e+08,0.0002,2.3240e+08,0.5839,19288.5670,3.1670e+07,1.0649,6.5651e+06,-0.0101,1.4224e+07,0.7677,1,0,1,1,0,1,0,0,1,1,1,0,1,0,1,0,1,0,0,0,1,1,1,3,1,0,1,1,3,2,6,1,1,1,0,1,0
VexiiRiscv_191,400MHz,60676.2450,1.8324e+07,0.9568,4.7483e+06,-0.0605,8.1000e+06,0.6810,34869.5540,1.7642e+07,0.9701,4.4807e+06,0.0004,7.6248e+06,0.6843,34336.2800,2.9739e+08,-179.7859,1.8689e+08,-330.7286,2.3410e+08,-209.8418,34523.7240,2.8775e+08,0.9195,1.8622e+08,-0.0000,2.3083e+08,0.6262,34891.0180,1.8318e+07,1.0157,4.7469e+06,-0.0108,8.0971e+06,0.7386,0,0,0,0,0,1,0,1,0,1,1,1,1,0,1,0,0,3,0,1,1,0,0,0,3,2,0,2,2,2,0,0,1,0,0,1,1
VexiiRiscv_191,800MHz,60822.6480,2.8217e+07,0.3110,9.6683e+06,-0.1042,1.5040e+07,0.1925,35044.4110,2.7053e+07,0.3495,9.1344e+06,-0.0385,1.4157e+07,0.2161,34353.0240,5.8400e+08,-198.7194,3.7377e+08,-372.5416,4.6679e+08,-235.9367,34635.3250,5.6913e+08,0.3642,3.7115e+08,-0.0015,4.6096e+08,0.2314,35077.8310,2.8208e+07,0.3638,9.6657e+06,-0.0709,1.5036e+07,0.2345,0,0,0,0,0,1,0,1,0,1,1,1,1,0,1,0,0,3,0,1,1,0,0,0,3,2,0,2,2,2,0,0,1,0,0,1,1
VexiiRiscv_191,100MHz,60676.2450,1.0129e+07,6.2905,1.1805e+06,1.8355,2.7094e+06,5.2349,34731.6050,9.9516e+06,6.5573,1.1130e+06,2.3868,2.5876e+06,5.5113,34335.7190,8.2404e+07,-172.2927,4.6725e+07,-323.2499,5.9583e+07,-202.3509,34474.9270,7.6981e+07,6.5162,4.7551e+07,3.0202,5.8308e+07,5.5134,34738.9780,1.0125e+07,6.7082,1.1798e+06,2.3855,2.7077e+06,5.6680,0,0,0,0,0,1,0,1,0,1,1,1,1,0,1,0,0,3,0,1,1,0,0,0,3,2,0,2,2,2,0,0,1,0,0,1,1
VexiiRiscv_192,400MHz,63296.2660,2.1801e+07,1.0894,5.2951e+06,-0.0679,9.5771e+06,0.7931,36292.3700,2.0624e+07,1.1413,4.8679e+06,0.0000,8.7935e+06,0.8369,35900.7930,1.8994e+09,-180.3241,4.5927e+08,-330.1360,8.4940e+08,-209.7190,36059.2350,2.9093e+08,1.0012,1.8643e+08,0.0019,2.3169e+08,0.7187,36313.0400,2.1794e+07,1.2294,5.2936e+06,-0.0179,9.5738e+06,0.9278,0,0,0,0,1,0,1,1,0,0,1,1,1,0,1,1,1,0,1,1,0,0,0,1,1,3,0,3,2,0,3,1,1,1,1,0,1
VexiiRiscv_192,800MHz,63560.7000,3.3793e+07,0.3809,1.0864e+07,-0.0603,1.7882e+07,0.2533,36720.1290,3.1682e+07,0.3881,1.0016e+07,-0.0009,1.6402e+07,0.2544,36046.6630,3.7862e+09,-181.6300,9.1854e+08,-331.4835,1.6971e+09,-211.0345,36330.1950,5.7383e+08,0.3569,3.7122e+08,-0.0263,4.6242e+08,0.2304,36760.7320,3.3784e+07,0.4341,1.0862e+07,-0.0154,1.7877e+07,0.3078,0,0,0,0,1,0,1,1,0,0,1,1,1,0,1,1,1,0,1,1,0,0,0,1,1,3,0,3,2,0,3,1,1,1,1,0,1
VexiiRiscv_192,100MHz,63296.2660,1.2589e+07,7.5238,1.3356e+06,4.4536,3.3939e+06,6.8437,36251.3430,1.2253e+07,7.7017,1.2272e+06,4.7738,3.1792e+06,7.0142,35900.7930,4.8439e+08,-172.8241,1.1482e+08,-322.6360,2.1363e+08,-202.2190,36064.9810,7.9300e+07,7.6157,4.7856e+07,5.4155,5.8756e+07,6.9639,36279.6880,1.2585e+07,7.7950,1.3349e+06,4.8039,3.3922e+06,7.1121,0,0,0,0,1,0,1,1,0,0,1,1,1,0,1,1,1,0,1,1,0,0,0,1,1,3,0,3,2,0,3,1,1,1,1,0,1
VexiiRiscv_193,100MHz,30728.1530,9.5706e+06,6.5607,1.1873e+06,2.2331,2.8912e+06,5.5469,17708.2820,9.2344e+06,6.8450,1.0840e+06,2.8869,2.6837e+06,5.8775,17501.2760,7.9665e+07,-173.3033,4.6209e+07,-326.2332,5.8855e+07,-204.9429,17570.3190,7.6294e+07,7.0188,4.7631e+07,3.8593,5.8224e+07,6.1035,17724.9440,9.5685e+06,6.9580,1.1869e+06,2.8506,2.8902e+06,5.9811,0,1,0,1,1,1,0,0,1,1,0,1,1,0,1,1,0,1,1,1,0,1,1,4,0,3,0,1,0,1,6,0,1,0,0,1,1
VexiiRiscv_193,800MHz,30852.3940,2.7729e+07,0.3825,9.6208e+06,-0.0751,1.5452e+07,0.2503,17997.8180,2.5592e+07,0.4106,8.8204e+06,0.0001,1.4054e+07,0.2749,17549.5520,5.7579e+08,-181.5888,3.6963e+08,-332.2408,4.6199e+08,-212.6520,17764.9440,5.6742e+08,0.4310,3.6985e+08,-0.0004,4.5990e+08,0.2927,18024.5490,2.7723e+07,0.4434,9.6190e+06,-0.0280,1.5449e+07,0.3054,0,1,0,1,1,1,0,0,1,1,0,1,1,0,1,1,0,1,1,1,0,1,1,4,0,3,0,1,0,1,6,0,1,0,0,1,1
VexiiRiscv_193,400MHz,30728.1530,1.8031e+07,0.9144,4.7220e+06,-0.0741,8.4275e+06,0.6436,17835.3280,1.6967e+07,0.9981,4.3211e+06,-0.0000,7.7034e+06,0.7035,17501.2760,2.9239e+08,-180.8033,1.8483e+08,-333.7332,2.3165e+08,-212.4429,17645.2850,2.8688e+08,0.9417,1.8573e+08,0.0002,2.3038e+08,0.6493,17842.1400,1.8027e+07,1.0719,4.7212e+06,-0.0195,8.4257e+06,0.7798,0,1,0,1,1,1,0,0,1,1,0,1,1,0,1,1,0,1,1,1,0,1,1,4,0,3,0,1,0,1,6,0,1,0,0,1,1
VexiiRiscv_194,800MHz,37411.4900,5.5029e+07,0.3582,1.4568e+07,-0.1055,2.8747e+07,0.2226,21793.3480,4.8800e+07,0.3943,1.2839e+07,-0.0003,2.5098e+07,0.2673,21219.4860,5.8794e+08,-180.6930,3.7026e+08,-330.0394,4.6646e+08,-210.8380,21412.2230,5.8212e+08,0.4168,3.7122e+08,0.0000,4.6527e+08,0.2754,21827.6850,5.5015e+07,0.4183,1.4564e+07,-0.0401,2.8739e+07,0.2874,0,1,0,0,1,1,0,1,1,0,1,1,1,0,1,0,1,2,0,1,1,1,0,0,2,0,1,1,1,1,2,1,0,0,0,1,0
VexiiRiscv_194,100MHz,37252.8970,1.7912e+07,6.7559,1.8569e+06,2.7290,5.4491e+06,5.8159,21511.2390,1.6962e+07,6.9428,1.6352e+06,3.2277,4.9230e+06,6.0264,21148.3090,8.5682e+07,-172.8311,4.6287e+07,-323.6164,6.0099e+07,-203.8940,21259.2130,8.2708e+07,7.1120,4.8571e+07,4.1271,5.9595e+07,6.2672,21517.3410,1.7908e+07,7.0496,1.8562e+06,3.2699,5.4475e+06,6.1572,0,1,0,0,1,1,0,1,1,0,1,1,1,0,1,0,1,2,0,1,1,1,0,0,2,0,1,1,1,1,2,1,0,0,0,1,0
VexiiRiscv_194,400MHz,37252.6650,3.5323e+07,0.9177,7.3837e+06,-0.0659,1.6221e+07,0.6375,21509.9950,3.1723e+07,0.9617,6.5066e+06,0.0001,1.4197e+07,0.6730,21148.3090,3.0079e+08,-180.3311,1.8513e+08,-331.1164,2.3423e+08,-211.3940,21304.1790,2.9671e+08,0.9213,1.8683e+08,0.0002,2.3343e+08,0.6300,21529.8990,3.5316e+07,1.0353,7.3818e+06,0.0134,1.6217e+07,0.7428,0,1,0,0,1,1,0,1,1,0,1,1,1,0,1,0,1,2,0,1,1,1,0,0,2,0,1,1,1,1,2,1,0,0,0,1,0
VexiiRiscv_195,100MHz,11340.0090,2.3876e+06,6.6583,7.1523e+05,2.3858,1.0675e+06,5.6245,6537.0970,2.4036e+06,6.7155,7.0981e+05,2.7574,1.0662e+06,5.7047,6540.2030,7.0876e+07,7.9605,4.6109e+07,5.7531,5.7136e+07,7.3448,6488.7660,6.9985e+07,6.7024,4.6852e+07,2.8264,5.7017e+07,5.6983,6542.2550,2.3869e+06,6.8291,7.1510e+05,2.6412,1.0672e+06,5.7931,1,1,1,1,1,1,0,0,0,1,1,1,0,1,0,0,0,0,1,0,0,1,1,4,1,3,1,0,2,0,0,1,1,0,1,1,1
VexiiRiscv_195,400MHz,11476.5070,6.2791e+06,1.0597,2.9277e+06,-0.0969,3.9086e+06,0.7453,6698.0420,6.2580e+06,1.0258,2.9034e+06,0.0002,3.8790e+06,0.7097,6629.9710,2.7816e+08,1.2159,1.8443e+08,-0.0346,2.2789e+08,0.8581,6595.4420,2.7741e+08,0.9518,1.8494e+08,0.0003,2.2782e+08,0.6405,6731.0520,6.2776e+06,1.1188,2.9272e+06,-0.0521,3.9077e+06,0.8005,1,1,1,1,1,1,0,0,0,1,1,1,0,1,0,0,0,0,1,0,0,1,1,4,1,3,1,0,2,0,0,1,1,0,1,1,1
VexiiRiscv_195,800MHz,11970.8760,1.1768e+07,0.3987,5.7866e+06,-0.0565,7.6726e+06,0.2678,7191.1390,1.1719e+07,0.4377,5.7377e+06,-0.0000,7.6143e+06,0.2976,6895.2810,5.5456e+08,0.3235,3.6887e+08,-0.3959,4.5556e+08,0.1018,6975.7880,5.5467e+08,0.4298,3.6906e+08,-0.0002,4.5571e+08,0.2922,7249.7990,1.1766e+07,0.4570,5.7859e+06,-0.0230,7.6714e+06,0.3193,1,1,1,1,1,1,0,0,0,1,1,1,0,1,0,0,0,0,1,0,0,1,1,4,1,3,1,0,2,0,0,1,1,0,1,1,1
VexiiRiscv_196,400MHz,170905.7450,9.1932e+07,0.8186,1.9928e+07,-0.0912,4.0952e+07,0.5663,98129.1020,8.5632e+07,0.8783,1.7969e+07,-0.0000,3.6860e+07,0.6069,96366.1740,3.1382e+09,-180.3897,4.5607e+08,-330.2867,1.1354e+09,-209.8067,97182.7470,3.4418e+08,0.8174,1.9587e+08,-0.0004,2.5053e+08,0.5591,98435.0010,9.1904e+07,0.9672,1.9922e+07,-0.0075,4.0939e+07,0.7170,0,1,0,1,0,0,1,0,0,0,1,0,1,0,0,0,0,1,0,1,1,0,0,6,1,0,1,4,2,0,0,1,0,1,1,0,1
VexiiRiscv_196,100MHz,170905.7450,4.8543e+07,5.9277,4.9727e+06,1.0657,1.3891e+07,4.7825,97670.2070,4.6736e+07,6.1308,4.4786e+06,1.7225,1.2788e+07,5.0514,96365.6410,8.1894e+08,-172.8897,1.1403e+08,-322.7867,2.8866e+08,-202.3067,97087.0830,1.1006e+08,6.3291,5.2209e+07,2.9547,6.5800e+07,5.3506,97894.9830,4.8529e+07,6.2637,4.9703e+06,1.6210,1.3886e+07,5.1449,0,1,0,1,0,0,1,0,0,0,1,0,1,0,0,0,0,1,0,1,1,0,0,6,1,0,1,4,2,0,0,1,0,1,1,0,1
VexiiRiscv_196,800MHz,171245.7480,1.4459e+08,0.3316,4.0561e+07,-0.1272,7.4780e+07,0.2017,99498.6080,1.3387e+08,0.3752,3.6680e+07,-0.0000,6.7386e+07,0.2443,96527.3940,6.2292e+09,-181.6129,9.1213e+08,-331.4786,2.2641e+09,-211.0200,97704.4070,6.5697e+08,0.3824,3.8752e+08,-0.0139,4.9707e+08,0.2606,99989.9380,1.4454e+08,0.4384,4.0549e+07,-0.0249,7.4755e+07,0.3010,0,1,0,1,0,0,1,0,0,0,1,0,1,0,0,0,0,1,0,1,1,0,0,6,1,0,1,4,2,0,0,1,0,1,1,0,1
VexiiRiscv_197,100MHz,48950.8980,1.9089e+07,6.7774,2.0557e+06,2.7589,5.7813e+06,5.7812,28235.1650,1.8168e+07,6.7255,1.8290e+06,2.8589,5.2629e+06,5.7434,27762.6300,8.7578e+07,-174.1155,4.6401e+07,-327.0999,6.0442e+07,-206.0425,27884.2730,8.3415e+07,7.1042,4.8631e+07,3.7708,5.9751e+07,6.2367,28267.4080,1.9085e+07,6.8760,2.0550e+06,2.9005,5.7795e+06,5.8895,1,1,0,0,0,0,1,0,0,0,1,0,0,0,1,0,1,4,0,1,0,1,1,2,1,0,1,0,2,1,6,0,1,0,1,0,0
VexiiRiscv_197,400MHz,48950.8980,3.6229e+07,1.1481,8.3923e+06,-0.0723,1.6828e+07,0.8508,28181.3610,3.3161e+07,1.1136,7.5000e+06,0.0003,1.4982e+07,0.7839,27760.8380,3.0318e+08,-181.6612,1.8558e+08,-334.6729,2.3493e+08,-213.5925,27912.9600,2.9764e+08,1.0046,1.8722e+08,-0.0016,2.3389e+08,0.7085,28201.0880,3.6221e+07,1.2106,8.3903e+06,-0.0285,1.6823e+07,0.8777,1,1,0,0,0,0,1,0,0,0,1,0,0,0,1,0,1,4,0,1,0,1,1,2,1,0,1,0,2,1,6,0,1,0,1,0,0
VexiiRiscv_197,800MHz,49416.6200,6.3087e+07,0.4087,1.6796e+07,-0.0495,3.2965e+07,0.2735,28925.0060,5.6407e+07,0.4266,1.4986e+07,0.0000,2.9069e+07,0.2901,28028.2550,5.9096e+08,-182.8650,3.7115e+08,-335.8601,4.6763e+08,-214.7934,28296.5470,5.8412e+08,0.4365,3.7204e+08,-0.0008,4.6624e+08,0.2993,28943.0360,6.3074e+07,0.4568,1.6792e+07,-0.0384,3.2958e+07,0.3234,1,1,0,0,0,0,1,0,0,0,1,0,0,0,1,0,1,4,0,1,0,1,1,2,1,0,1,0,2,1,6,0,1,0,1,0,0
VexiiRiscv_198,400MHz,97588.4420,2.5775e+07,0.7184,6.7211e+06,-0.0732,1.1166e+07,0.5065,56014.6750,2.5818e+07,0.8950,6.4030e+06,0.0000,1.0786e+07,0.6254,55120.2630,2.8945e+07,0.9308,4.3192e+06,-0.6064,9.1130e+06,0.5106,55566.3950,2.5727e+07,0.8064,5.7210e+06,0.0009,9.7798e+06,0.5493,56316.6890,2.5762e+07,1.0266,6.7185e+06,-0.0157,1.1161e+07,0.7874,0,1,0,1,0,1,1,1,0,0,0,0,1,1,1,0,1,2,1,0,0,0,1,6,1,0,0,3,0,2,6,1,0,1,1,0,1
VexiiRiscv_198,100MHz,97588.4420,1.4000e+07,6.2851,1.6652e+06,1.9741,3.5865e+06,5.2859,55848.7510,1.3854e+07,6.5574,1.5969e+06,2.4394,3.4724e+06,5.6007,55109.4290,2.1393e+07,8.4407,1.0853e+06,6.9084,4.1457e+06,8.0211,55478.4470,1.3948e+07,6.5343,1.7562e+06,3.1114,3.2511e+06,5.5572,55945.2770,1.3993e+07,6.7603,1.6642e+06,2.5824,3.5838e+06,5.7956,0,1,0,1,0,1,1,1,0,0,0,0,1,1,1,0,1,2,1,0,0,0,1,6,1,0,0,3,0,2,6,1,0,1,1,0,1
VexiiRiscv_198,800MHz,97659.6870,3.9721e+07,0.3429,1.3822e+07,-0.0596,2.0875e+07,0.2220,56577.8390,4.0362e+07,0.3944,1.3171e+07,-0.0000,2.0258e+07,0.2610,55184.9140,3.8948e+07,0.3220,8.6315e+06,-0.3817,1.5724e+07,0.1138,55819.8440,4.1057e+07,0.3762,1.1132e+07,-0.0001,1.8587e+07,0.2528,56891.1800,3.9705e+07,0.4514,1.3818e+07,-0.0255,2.0868e+07,0.3298,0,1,0,1,0,1,1,1,0,0,0,0,1,1,1,0,1,2,1,0,0,0,1,6,1,0,0,3,0,2,6,1,0,1,1,0,1
VexiiRiscv_199,800MHz,20623.3930,2.0226e+07,0.4411,7.4513e+06,-0.0474,1.1670e+07,0.3063,12031.5330,1.9105e+07,0.4607,7.0145e+06,0.0002,1.0908e+07,0.3146,11763.6100,5.6213e+08,0.4831,3.6886e+08,-0.0987,4.5783e+08,0.2962,11843.7330,5.6117e+08,0.4384,3.6942e+08,0.0001,4.5794e+08,0.2987,12050.0550,2.0220e+07,0.4840,7.4489e+06,-0.0203,1.1666e+07,0.3369,1,0,0,0,1,0,1,1,1,0,1,0,0,1,0,1,0,2,0,1,1,1,0,0,3,1,0,4,0,2,3,0,0,0,1,1,0
VexiiRiscv_199,400MHz,20607.0320,1.1915e+07,1.0917,3.6632e+06,-0.0713,5.9761e+06,0.7528,11864.8410,1.1385e+07,1.0767,3.4396e+06,0.0006,5.5930e+06,0.7393,11742.9940,2.8375e+08,1.2738,1.8443e+08,0.3250,2.2929e+08,0.9593,11797.5630,2.8241e+08,0.9502,1.8533e+08,0.0016,2.2919e+08,0.6614,11880.2590,1.1911e+07,1.1530,3.6619e+06,-0.0157,5.9741e+06,0.8115,1,0,0,0,1,0,1,1,1,0,1,0,0,1,0,1,0,2,0,1,1,1,0,0,3,1,0,4,0,2,3,0,0,0,1,1,0
VexiiRiscv_199,100MHz,20590.6710,6.0413e+06,6.8768,9.1490e+05,2.9883,1.9133e+06,5.9233,11954.5010,5.8966e+06,7.0075,8.5911e+05,3.3896,1.8140e+06,6.0858,11724.2940,7.4879e+07,8.0740,4.6108e+07,5.9090,5.7866e+07,7.4719,11785.4300,7.3503e+07,7.0981,4.7277e+07,4.0531,5.7682e+07,6.2203,11971.0260,6.0395e+06,7.0841,9.1448e+05,3.3045,1.9124e+06,6.1514,1,0,0,0,1,0,1,1,1,0,1,0,0,1,0,1,0,2,0,1,1,1,0,0,3,1,0,4,0,2,3,0,0,0,1,1,0
VexiiRiscv_2,400MHz,22301.9850,9.4887e+06,1.0513,3.9024e+06,-0.0798,5.4256e+06,0.7347,12832.7300,9.4367e+06,1.0056,3.8471e+06,0.0002,5.3551e+06,0.6973,12703.1390,2.8221e+08,1.2173,1.8507e+08,-0.0099,2.2919e+08,0.8998,12732.5510,2.8011e+08,0.9119,1.8561e+08,0.0003,2.2890e+08,0.6113,12839.3370,9.4860e+06,1.1132,3.9017e+06,-0.0386,5.4242e+06,0.8102,1,1,1,0,0,0,1,1,0,0,0,0,1,1,1,0,0,3,1,1,1,0,1,2,0,0,0,4,1,1,6,0,0,1,0,0,0
VexiiRiscv_2,100MHz,22267.9480,4.0421e+06,6.4315,9.6146e+05,1.9487,1.5432e+06,5.3601,12780.2800,4.0326e+06,6.5307,9.4556e+05,2.2253,1.5232e+06,5.4513,12661.4010,7.3487e+07,7.9495,4.6270e+07,5.6834,5.7682e+07,7.3139,12648.6240,7.1418e+07,6.5056,4.7053e+07,2.6510,5.7374e+07,5.4481,12793.7140,4.0406e+06,6.6789,9.6119e+05,2.2559,1.5425e+06,5.6083,1,1,1,0,0,0,1,1,0,0,0,0,1,1,1,0,0,3,1,1,1,0,1,2,0,0,0,4,1,1,6,0,0,1,0,0,0
VexiiRiscv_2,800MHz,22740.4830,1.6896e+07,0.4115,7.9896e+06,-0.0527,1.0789e+07,0.2783,13290.8580,1.6698e+07,0.4341,7.8687e+06,0.0000,1.0613e+07,0.2926,12948.8990,5.6038e+08,0.2897,3.7015e+08,-0.4725,4.5787e+08,0.0602,13062.4020,5.5877e+08,0.4410,3.7042e+08,-0.0003,4.5775e+08,0.3004,13350.5030,1.6892e+07,0.4528,7.9884e+06,-0.0215,1.0787e+07,0.3178,1,1,1,0,0,0,1,1,0,0,0,0,1,1,1,0,0,3,1,1,1,0,1,2,0,0,0,4,1,1,6,0,0,1,0,0,0
VexiiRiscv_20,100MHz,151484.0300,4.9811e+07,6.7878,4.8106e+06,2.6506,1.4186e+07,5.8284,86390.4040,4.7735e+07,7.0258,4.2731e+06,3.3169,1.2954e+07,6.1319,85273.1580,1.4214e+09,-172.8981,1.0985e+08,-323.5324,4.2596e+08,-203.9296,85960.9200,1.1096e+08,6.8681,5.2378e+07,3.7785,6.5881e+07,5.9656,86512.8400,4.9798e+07,7.1688,4.8085e+06,3.2843,1.4180e+07,6.2444,0,0,1,1,0,1,0,1,1,1,0,1,1,0,0,1,1,2,1,1,0,0,0,5,0,2,1,6,1,2,0,1,0,0,1,0,0
VexiiRiscv_20,800MHz,151484.0300,1.3038e+08,0.3223,3.8887e+07,-0.0621,6.8653e+07,0.2085,87313.3390,1.1995e+08,0.3744,3.4747e+07,-0.0001,6.1381e+07,0.2516,85287.1530,1.1054e+10,-182.0638,8.7869e+08,-335.0181,3.3625e+09,-213.7108,86316.0120,6.5563e+08,0.3827,3.8522e+08,-0.0099,4.9550e+08,0.2608,87576.6650,1.3034e+08,0.4289,3.8878e+07,-0.0250,6.8634e+07,0.3098,0,0,1,1,0,1,0,1,1,1,0,1,1,0,0,1,1,2,1,1,0,0,0,5,0,2,1,6,1,2,0,1,0,0,1,0,0
VexiiRiscv_20,400MHz,151484.0300,8.7382e+07,0.9959,1.9193e+07,-0.0883,3.8650e+07,0.6976,86543.2500,8.1176e+07,1.0437,1.7095e+07,0.0004,3.4573e+07,0.7469,85273.1580,5.5499e+09,-180.3981,4.3934e+08,-331.0324,1.6846e+09,-211.4296,86017.7470,3.4413e+08,0.9908,1.9500e+08,-0.0001,2.4994e+08,0.6931,86676.5620,8.7356e+07,1.0880,1.9187e+07,-0.0247,3.8637e+07,0.7919,0,0,1,1,0,1,0,1,1,1,0,1,1,0,0,1,1,2,1,1,0,0,0,5,0,2,1,6,1,2,0,1,0,0,1,0,0
VexiiRiscv_21,800MHz,30688.2070,1.9368e+07,0.3824,7.2810e+06,-0.0566,1.0935e+07,0.2639,17927.4070,1.8385e+07,0.4308,6.8647e+06,-0.0000,1.0243e+07,0.2942,17463.5180,5.6410e+08,-182.0326,3.6885e+08,-334.9269,4.5802e+08,-213.6623,17680.4150,5.6066e+08,0.4212,3.6911e+08,0.0000,4.5736e+08,0.2877,17953.3990,1.9364e+07,0.4650,7.2797e+06,-0.0199,1.0932e+07,0.3339,1,1,1,1,1,0,0,0,1,1,0,0,1,0,1,1,1,0,1,1,1,1,1,4,0,2,1,2,2,2,6,0,0,1,1,0,1
VexiiRiscv_21,400MHz,30668.2340,1.1806e+07,1.1627,3.6136e+06,-0.0774,5.8036e+06,0.8494,17647.1310,1.1237e+07,1.1671,3.4045e+06,-0.0001,5.4297e+06,0.8293,17428.4290,2.8556e+08,-180.7762,1.8442e+08,-333.6623,2.2950e+08,-212.4039,17559.8530,2.8219e+08,1.0457,1.8515e+08,-0.0000,2.2889e+08,0.7319,17656.4200,1.1803e+07,1.2398,3.6128e+06,-0.0396,5.8018e+06,0.8941,1,1,1,1,1,0,0,0,1,1,0,0,1,0,1,1,1,0,1,1,1,1,1,4,0,2,1,2,2,2,6,0,0,1,1,0,1
VexiiRiscv_21,100MHz,30668.2340,6.2386e+06,6.7972,8.9843e+05,2.7026,1.8623e+06,5.7922,17656.3920,6.1045e+06,6.8616,8.4587e+05,3.0482,1.7722e+06,5.8921,17427.3760,7.6623e+07,-172.8241,4.6110e+07,-323.4535,5.8104e+07,-203.8774,17549.5790,7.3711e+07,6.8744,4.7202e+07,2.9652,5.7625e+07,5.9245,17677.6100,6.2367e+06,7.0002,8.9809e+05,3.0550,1.8614e+06,6.0281,1,1,1,1,1,0,0,0,1,1,0,0,1,0,1,1,1,0,1,1,1,1,1,4,0,2,1,2,2,2,6,0,0,1,1,0,1
VexiiRiscv_22,800MHz,51146.7570,6.2361e+07,0.3168,1.8422e+07,-0.1439,3.3090e+07,0.1777,30279.1890,5.7350e+07,0.3675,1.6671e+07,-0.0690,2.9805e+07,0.2275,29007.4550,6.0783e+08,-769.8958,3.7257e+08,-1430.1726,4.7268e+08,-910.1334,29419.1550,5.8874e+08,0.4054,3.7381e+08,-0.0001,4.6877e+08,0.2686,30368.0820,6.2347e+07,0.3854,1.8418e+07,-0.0823,3.3082e+07,0.2536,1,1,1,0,0,0,1,0,0,0,1,1,0,0,1,0,0,2,0,0,0,0,1,2,2,2,0,4,0,2,1,0,0,1,1,1,0
VexiiRiscv_22,100MHz,50647.2720,1.9753e+07,5.6247,2.2843e+06,-0.0906,6.1343e+06,4.2565,29203.2700,1.8800e+07,5.6739,2.0573e+06,0.2000,5.6056e+06,4.3072,28684.3880,8.9071e+07,-761.1104,4.6576e+07,-1421.8285,6.0945e+07,-901.6149,28848.9990,8.4071e+07,6.0385,4.8825e+07,1.7881,6.0058e+07,4.8174,29267.7710,1.9750e+07,5.8874,2.2836e+06,0.3285,6.1325e+06,4.5412,1,1,1,0,0,0,1,0,0,0,1,1,0,0,1,0,0,2,0,0,0,0,1,2,2,2,0,4,0,2,1,0,0,1,1,1,0
VexiiRiscv_22,400MHz,50698.6000,3.7991e+07,0.9458,9.2249e+06,-0.0909,1.7767e+07,0.6572,29387.8000,3.5165e+07,0.9646,8.3324e+06,0.0002,1.6001e+07,0.6671,28751.2420,3.1148e+08,-768.6171,1.8629e+08,-1429.0999,2.3742e+08,-908.8976,29006.8120,3.0007e+08,0.8634,1.8809e+08,-0.0003,2.3515e+08,0.5753,29411.9180,3.7982e+07,1.0299,9.2227e+06,-0.0575,1.7763e+07,0.7311,1,1,1,0,0,0,1,0,0,0,1,1,0,0,1,0,0,2,0,0,0,0,1,2,2,2,0,4,0,2,1,0,0,1,1,1,0
VexiiRiscv_23,400MHz,52613.1160,2.4169e+07,0.9566,6.3529e+06,-0.0947,1.1282e+07,0.6702,30241.4320,2.2810e+07,1.0109,5.8868e+06,0.0001,1.0387e+07,0.7139,29776.0940,2.9685e+08,-180.3404,1.8587e+08,-330.9854,2.3327e+08,-211.3900,29981.1700,2.9191e+08,0.8408,1.8695e+08,0.0001,2.3235e+08,0.5553,30259.6400,2.4163e+07,1.0789,6.3515e+06,-0.0463,1.1279e+07,0.7758,1,0,1,0,0,0,0,1,0,1,0,1,0,0,1,0,0,4,1,0,0,1,0,0,0,2,1,0,0,0,4,0,0,1,0,1,0
VexiiRiscv_23,100MHz,52424.7430,1.2335e+07,5.8090,1.5917e+06,0.3835,3.6224e+06,4.5154,30047.8600,1.1996e+07,5.9433,1.4742e+06,0.8940,3.4034e+06,4.6865,29690.2790,8.3002e+07,-172.8457,4.6471e+07,-323.5017,5.9524e+07,-203.8981,29842.4550,7.9137e+07,5.8761,4.7996e+07,1.2065,5.8893e+07,4.5937,30066.6570,1.2332e+07,6.1470,1.5911e+06,0.9367,3.6209e+06,4.9044,1,0,1,0,0,0,0,1,0,1,0,1,0,0,1,0,0,4,1,0,0,1,0,0,0,2,1,0,0,0,4,0,0,1,0,1,0
VexiiRiscv_23,800MHz,53095.9110,3.7293e+07,0.3809,1.3045e+07,-0.0600,2.0609e+07,0.2497,31028.4840,3.4873e+07,0.4023,1.2119e+07,0.0000,1.8986e+07,0.2672,30067.6960,5.8147e+08,-182.0474,3.7174e+08,-334.9687,4.6483e+08,-213.6775,30461.9270,5.7646e+08,0.3682,3.7224e+08,-0.0016,4.6380e+08,0.2302,31101.8630,3.7285e+07,0.4224,1.3042e+07,-0.0216,2.0605e+07,0.2876,1,0,1,0,0,0,0,1,0,1,0,1,0,0,1,0,0,4,1,0,0,1,0,0,0,2,1,0,0,0,4,0,0,1,0,1,0
VexiiRiscv_24,400MHz,51307.0040,2.2539e+07,0.9803,5.4662e+06,-0.0703,1.0128e+07,0.7085,29477.9510,2.1194e+07,0.9938,5.0118e+06,-0.0001,9.2473e+06,0.7004,29078.0980,2.9768e+08,-179.4666,1.8526e+08,-329.1575,2.3299e+08,-209.7030,29338.4700,2.9049e+08,0.8968,1.8641e+08,-0.0005,2.3162e+08,0.6240,29506.1590,2.2534e+07,1.0677,5.4650e+06,-0.0064,1.0125e+07,0.7882,0,0,1,1,1,0,1,0,0,1,0,0,0,0,0,1,0,4,1,0,0,0,1,1,2,1,1,3,1,2,5,0,1,0,1,1,0
VexiiRiscv_24,800MHz,51571.0010,3.3414e+07,0.3453,1.1271e+07,-0.0638,1.8108e+07,0.2173,29995.4930,3.1139e+07,0.3945,1.0365e+07,0.0000,1.6550e+07,0.2691,29229.7690,5.8346e+08,-180.6111,3.7051e+08,-329.9032,4.6434e+08,-210.7362,29591.0990,5.7339e+08,0.3561,3.7114e+08,-0.0003,4.6230e+08,0.2258,30074.1810,3.3406e+07,0.4162,1.1268e+07,-0.0238,1.8104e+07,0.2872,0,0,1,1,1,0,1,0,0,1,0,0,0,0,0,1,0,4,1,0,0,0,1,1,2,1,1,3,1,2,5,0,1,0,1,1,0
VexiiRiscv_24,100MHz,51307.0040,1.1696e+07,6.6615,1.3669e+06,2.3986,3.2593e+06,5.6763,29387.9500,1.1392e+07,6.9160,1.2528e+06,3.0473,3.0535e+06,5.9725,29077.8790,8.3336e+07,-171.9666,4.6318e+07,-321.6575,5.9486e+07,-202.2030,29294.5160,7.8784e+07,6.7743,4.7881e+07,3.5545,5.8711e+07,5.8424,29399.0990,1.1693e+07,7.0584,1.3663e+06,3.0349,3.2578e+06,6.1028,0,0,1,1,1,0,1,0,0,1,0,0,0,0,0,1,0,4,1,0,0,0,1,1,2,1,1,3,1,2,5,0,1,0,1,1,0
VexiiRiscv_25,400MHz,211548.0120,6.2717e+07,0.8655,1.3759e+07,-0.1443,2.4921e+07,0.6369,121900.0860,6.2445e+07,0.9624,1.2952e+07,0.0001,2.3858e+07,0.6786,119201.8420,3.3039e+08,-179.8504,1.8997e+08,-329.0782,2.4262e+08,-210.0716,120227.3640,3.2443e+08,0.8760,1.9343e+08,-0.0000,2.4386e+08,0.6232,122236.5040,6.2689e+07,0.9651,1.3754e+07,-0.0572,2.4909e+07,0.6924,0,0,1,1,0,0,1,1,1,0,0,0,1,0,1,0,1,3,1,0,0,0,1,6,2,2,1,1,3,1,2,1,0,0,1,0,1
VexiiRiscv_25,800MHz,211821.3110,1.0826e+08,0.1681,2.8194e+07,-0.1578,5.0039e+07,0.0583,124921.6420,1.0977e+08,-0.3215,2.6650e+07,-0.7266,4.8294e+07,-0.4971,119243.9360,6.2294e+08,-182.3367,3.7994e+08,-332.8920,4.8038e+08,-213.4965,120764.1670,6.2795e+08,0.3117,3.8479e+08,-0.0012,4.8558e+08,0.1924,124967.9620,1.0821e+08,0.2258,2.8185e+07,-0.1340,5.0019e+07,0.1036,0,0,1,1,0,0,1,1,1,0,0,0,1,0,1,0,1,3,1,0,0,0,1,6,2,2,1,1,3,1,2,1,0,0,1,0,1
VexiiRiscv_25,100MHz,211548.0120,3.8972e+07,6.4941,3.3895e+06,2.8889,9.3236e+06,5.6574,121749.1950,3.8332e+07,6.7214,3.2039e+06,3.2192,8.9262e+06,5.8835,119184.2910,1.1061e+08,-172.4743,4.7504e+07,-322.5886,6.4248e+07,-202.8919,120270.9340,9.8998e+07,6.9779,4.9965e+07,4.4141,6.2966e+07,6.2114,121894.6270,3.8956e+07,6.8193,3.3871e+06,3.1964,9.3169e+06,6.0042,0,0,1,1,0,0,1,1,1,0,0,0,1,0,1,0,1,3,1,0,0,0,1,6,2,2,1,1,3,1,2,1,0,0,1,0,1
VexiiRiscv_26,400MHz,59473.3080,1.2068e+07,1.0671,2.8872e+06,-0.0764,4.7903e+06,0.7716,34289.5360,1.1930e+07,1.0832,2.7993e+06,0.0002,4.6578e+06,0.7753,33646.4530,2.8771e+08,-694.6683,1.8588e+08,-1028.3140,2.3089e+08,-805.5416,33900.8050,2.8235e+08,0.9174,1.8502e+08,0.0004,2.2862e+08,0.6397,34334.8720,1.2062e+07,1.1585,2.8860e+06,0.0042,4.7877e+06,0.8582,0,0,0,0,1,0,1,0,1,1,1,0,0,0,1,0,0,2,0,1,0,0,1,3,2,1,0,5,3,2,1,1,0,0,1,0,1
VexiiRiscv_26,800MHz,59646.0860,1.8401e+07,0.3389,6.1410e+06,-0.0738,9.1958e+06,0.2138,34567.0620,1.8307e+07,0.3757,5.9681e+06,-0.0010,8.9846e+06,0.2442,33713.1020,5.6674e+08,-695.9426,3.7176e+08,-1029.5640,4.6071e+08,-806.8552,34024.4450,5.6012e+08,0.4099,3.6907e+08,0.0000,4.5683e+08,0.2789,34544.3670,1.8393e+07,0.3792,6.1390e+06,-0.0256,9.1921e+06,0.2521,0,0,0,0,1,0,1,0,1,1,1,0,0,0,1,0,0,2,0,1,0,0,1,3,2,1,0,5,3,2,1,1,0,0,1,0,1
VexiiRiscv_26,100MHz,59473.3080,6.8864e+06,6.3518,7.0689e+05,2.1114,1.5952e+06,5.3093,34062.2700,6.8670e+06,6.4911,6.8602e+05,2.4249,1.5673e+06,5.4568,33646.4530,7.8383e+07,-687.1683,4.6473e+07,-1020.8140,5.8526e+07,-798.0416,33874.2390,7.4178e+07,6.4677,4.6997e+07,3.0232,5.7522e+07,5.4970,34066.3600,6.8826e+06,6.6262,7.0627e+05,2.4822,1.5936e+06,5.6036,0,0,0,0,1,0,1,0,1,1,1,0,0,0,1,0,0,2,0,1,0,0,1,3,2,1,0,5,3,2,1,1,0,0,1,0,1
VexiiRiscv_27,400MHz,393533.5180,2.7529e+08,0.9165,5.6266e+07,-0.0831,1.2369e+08,0.6693,225498.0150,2.4991e+08,1.0331,4.9737e+07,0.0001,1.0890e+08,0.7526,221110.8530,1.9944e+10,-724.7943,3.6708e+08,-1319.7371,4.9846e+09,-847.1995,223390.8300,4.8427e+08,0.9023,2.1811e+08,-0.0100,2.9865e+08,0.6477,225623.9940,2.7522e+08,1.1513,5.6253e+07,-0.0199,1.2366e+08,0.8631,0,0,1,1,1,1,1,1,1,0,0,0,1,1,0,1,1,0,1,1,0,1,0,6,3,3,0,6,3,0,5,0,1,0,0,0,1
VexiiRiscv_27,100MHz,393605.0360,1.4346e+08,6.9328,1.3920e+07,3.3688,4.1161e+07,6.1429,224747.5160,1.3721e+08,7.2622,1.2290e+07,4.2285,3.7449e+07,6.5775,221120.9480,5.0821e+09,-717.2943,9.1804e+07,-1312.2371,1.2599e+09,-839.6995,223508.1620,1.9474e+08,7.3222,6.4390e+07,4.9236,8.4816e+07,6.6573,224885.5330,1.4343e+08,7.4971,1.3914e+07,4.2145,4.1147e+07,6.7336,0,0,1,1,1,1,1,1,1,0,0,0,1,1,0,1,1,0,1,1,0,1,0,6,3,3,0,6,3,0,5,0,1,0,0,0,1
VexiiRiscv_27,800MHz,393676.5560,4.4093e+08,0.1834,1.1386e+08,-0.2119,2.2911e+08,0.1054,227181.8450,3.9363e+08,0.3063,1.0083e+08,-0.0000,2.0093e+08,0.2072,221277.9530,3.9760e+10,-726.0443,7.3411e+08,-1320.9871,9.9508e+09,-848.4495,224012.7910,8.7261e+08,0.3377,4.2319e+08,-0.0007,5.8419e+08,0.2228,227619.6730,4.4083e+08,0.3859,1.1384e+08,-0.0183,2.2907e+08,0.2874,0,0,1,1,1,1,1,1,1,0,0,0,1,1,0,1,1,0,1,1,0,1,0,6,3,3,0,6,3,0,5,0,1,0,0,0,1
VexiiRiscv_28,100MHz,131356.5910,2.9027e+07,6.3284,2.8168e+06,2.2191,7.5028e+06,5.3634,76295.9860,2.8361e+07,6.3769,2.6528e+06,2.5649,7.1348e+06,5.4365,74142.3170,2.1588e+08,-171.9926,9.2627e+07,-321.7000,1.2998e+08,-202.2346,74923.8410,1.5763e+08,6.6924,9.5534e+07,3.6024,1.1741e+08,5.8118,76454.3050,2.9016e+07,6.6276,2.8151e+06,2.6635,7.4984e+06,5.6739,0,1,0,0,1,1,0,1,1,1,0,0,1,0,1,1,1,3,1,0,1,0,0,4,3,3,1,2,1,2,1,0,0,0,0,0,0
VexiiRiscv_28,800MHz,131397.9050,8.0247e+07,0.2448,2.3439e+07,-0.1515,3.9616e+07,0.1372,79238.5270,8.0284e+07,0.1804,2.2132e+07,-0.0858,3.7908e+07,0.0758,74182.5500,1.5583e+09,-424.4939,7.4095e+08,-651.5774,1.0179e+09,-499.5826,75133.8020,1.1476e+09,0.4002,7.4448e+08,-0.0004,9.2603e+08,0.2710,78973.6280,8.0215e+07,0.3089,2.3433e+07,-0.1340,3.9603e+07,0.1853,0,1,0,0,1,1,0,1,1,1,0,0,1,0,1,1,1,3,1,0,1,0,0,4,3,3,1,2,1,2,1,0,0,0,0,0,0
VexiiRiscv_28,400MHz,131356.5910,5.1158e+07,0.7275,1.1300e+07,-0.1140,2.1203e+07,0.4787,76981.7920,5.0518e+07,0.7353,1.0620e+07,-0.0353,2.0072e+07,0.4827,74142.3170,7.9135e+08,-179.4926,3.7048e+08,-329.2000,5.1056e+08,-209.7346,74923.7320,5.8185e+08,0.8907,3.7364e+08,0.0023,4.6393e+08,0.6223,76984.8560,5.1136e+07,0.7531,1.1297e+07,-0.0435,2.1194e+07,0.5044,0,1,0,0,1,1,0,1,1,1,0,0,1,0,1,1,1,3,1,0,1,0,0,4,3,3,1,2,1,2,1,0,0,0,0,0,0
VexiiRiscv_29,100MHz,31907.7800,6.5101e+06,6.8404,1.1131e+06,2.9523,2.0981e+06,5.9366,18433.8280,6.3802e+06,7.1097,1.0679e+06,3.6525,2.0173e+06,6.2628,18145.7540,7.6903e+07,8.6418,4.6307e+07,7.2358,5.8303e+07,8.2417,18209.4350,7.3884e+07,7.1302,4.7345e+07,4.1750,5.7844e+07,6.2754,18474.6900,6.5079e+06,7.1924,1.1127e+06,3.4757,2.0971e+06,6.3139,0,1,0,0,1,0,1,1,0,0,1,1,0,1,0,1,0,4,1,1,1,0,0,1,0,3,0,0,3,2,6,1,0,0,1,1,0
VexiiRiscv_29,400MHz,31907.7800,1.3196e+07,1.0364,4.4199e+06,-0.0683,6.8097e+06,0.7354,18402.6370,1.2740e+07,1.1011,4.2419e+06,0.0016,6.4947e+06,0.7896,18145.7540,2.8661e+08,1.1418,1.8522e+08,-0.2642,2.3033e+08,0.7417,18223.8530,2.8388e+08,0.9319,1.8599e+08,0.0001,2.2997e+08,0.6443,18405.1270,1.3192e+07,1.1339,4.4189e+06,-0.0261,6.8078e+06,0.8316,0,1,0,0,1,0,1,1,0,0,1,1,0,1,0,1,0,4,1,1,1,0,0,1,0,3,0,0,3,2,6,1,0,0,1,1,0
VexiiRiscv_29,800MHz,32095.6050,2.1998e+07,0.3919,8.9941e+06,-0.0588,1.3039e+07,0.2626,18713.0770,2.1114e+07,0.3878,8.6468e+06,0.0000,1.2443e+07,0.2512,18273.4560,5.6594e+08,0.4424,3.7044e+08,-0.1968,4.5964e+08,0.2452,18417.5620,5.6390e+08,0.4309,3.7091e+08,-0.0009,4.5953e+08,0.2906,18770.3280,2.1993e+07,0.4459,8.9927e+06,-0.0288,1.3036e+07,0.3096,0,1,0,0,1,0,1,1,0,0,1,1,0,1,0,1,0,4,1,1,1,0,0,1,0,3,0,0,3,2,6,1,0,0,1,1,0
VexiiRiscv_3,800MHz,144554.7000,1.3228e+08,0.1149,3.2671e+07,-0.3514,6.3219e+07,-0.0415,91539.1590,1.2272e+08,-1.0127,2.9906e+07,-1.7547,5.7599e+07,-1.2815,81497.0540,1.2366e+10,-774.3048,8.6939e+08,-1440.7456,3.6479e+09,-912.6678,82371.1240,6.3182e+08,0.3999,3.8316e+08,-0.0025,4.8691e+08,0.2680,90896.6230,1.3223e+08,0.1565,3.2662e+07,-0.3204,6.3198e+07,-0.0010,0,1,1,1,1,1,0,1,1,1,1,0,0,0,0,1,1,0,1,0,0,0,0,6,1,2,1,2,3,2,1,0,0,0,0,1,1
VexiiRiscv_3,100MHz,144511.3610,4.2284e+07,5.8123,3.9177e+06,1.2425,1.1461e+07,4.7007,83440.0380,4.1014e+07,5.7033,3.5636e+06,1.1219,1.0681e+07,4.5552,81437.3540,1.5771e+09,-765.5532,1.0868e+08,-1431.7639,4.6037e+08,-904.1351,82049.4660,1.0056e+08,6.5223,5.0825e+07,3.3756,6.3628e+07,5.6190,83644.3900,4.2271e+07,6.0228,3.9156e+06,1.4956,1.1455e+07,4.9160,0,1,1,1,1,1,0,1,1,1,1,0,0,0,0,1,1,0,1,0,0,0,0,6,1,2,1,2,3,2,1,0,0,0,0,1,1
VexiiRiscv_3,400MHz,144511.3610,7.4923e+07,0.7060,1.6113e+07,-0.1431,3.1940e+07,0.4577,84139.6610,7.3172e+07,0.2165,1.4729e+07,-0.5323,2.9652e+07,-0.0576,81437.7650,6.2012e+09,-773.0532,4.3470e+08,-1439.2639,1.8267e+09,-911.6351,82096.3750,3.2792e+08,0.8459,1.9322e+08,0.0002,2.4492e+08,0.5752,84101.9860,7.4896e+07,0.7374,1.6107e+07,-0.0932,3.1927e+07,0.4882,0,1,1,1,1,1,0,1,1,1,1,0,0,0,0,1,1,0,1,0,0,0,0,6,1,2,1,2,3,2,1,0,0,0,0,1,1
VexiiRiscv_30,400MHz,26614.1670,1.5220e+07,1.0592,4.7799e+06,-0.0887,7.6676e+06,0.7471,15317.3730,1.4777e+07,1.0008,4.5344e+06,0.0002,7.2777e+06,0.6869,15177.1390,2.8691e+08,1.1811,1.8528e+08,-0.0984,2.3065e+08,0.8520,15212.6390,2.8513e+08,0.9502,1.8626e+08,0.0003,2.3055e+08,0.6440,15342.0110,1.5216e+07,1.1254,4.7788e+06,-0.0405,7.6655e+06,0.7991,1,0,0,1,1,1,0,1,0,0,1,1,1,1,1,1,0,2,0,0,1,0,0,1,2,0,1,3,1,1,5,0,1,1,0,1,1
VexiiRiscv_30,800MHz,26976.5770,2.4567e+07,0.4772,9.7067e+06,-0.0443,1.4501e+07,0.3359,15710.2350,2.3444e+07,0.4935,9.2152e+06,0.0000,1.3684e+07,0.3437,15390.8480,5.6754e+08,0.4133,3.7055e+08,-0.2792,4.6044e+08,0.2000,15489.5910,5.6599e+08,0.4451,3.7124e+08,-0.0001,4.6056e+08,0.3049,15757.4040,2.4561e+07,0.5291,9.7047e+06,-0.0209,1.4497e+07,0.3795,1,0,0,1,1,1,0,1,0,0,1,1,1,1,1,1,0,2,0,0,1,0,0,1,2,0,1,3,1,1,5,0,1,1,0,1,1
VexiiRiscv_30,100MHz,26498.7890,7.2148e+06,6.7101,1.2050e+06,2.5364,2.3542e+06,5.7211,15276.4970,7.0937e+06,6.7546,1.1427e+06,2.8377,2.2562e+06,5.7739,15124.2380,7.6485e+07,8.1326,4.6321e+07,6.0345,5.8312e+07,7.5510,15143.6640,7.4643e+07,6.8047,4.7520e+07,3.5373,5.8074e+07,5.8831,15301.0390,7.2128e+06,6.8761,1.2046e+06,2.7970,2.3532e+06,5.8934,1,0,0,1,1,1,0,1,0,0,1,1,1,1,1,1,0,2,0,0,1,0,0,1,2,0,1,3,1,1,5,0,1,1,0,1,1
VexiiRiscv_31,100MHz,147012.8040,3.2356e+07,5.6128,3.8383e+06,0.4184,9.0618e+06,4.3825,83939.8780,3.1790e+07,5.8485,3.5534e+06,0.8820,8.5720e+06,4.6077,82798.9660,9.0837e+08,-173.1846,1.8400e+08,-323.1458,3.7210e+08,-202.6194,83531.1740,9.8381e+07,5.7314,5.0639e+07,1.3417,6.3443e+07,4.5198,84227.5820,3.2345e+07,6.0307,3.8364e+06,0.9288,9.0571e+06,4.8272,1,1,1,1,1,1,1,1,1,0,1,1,0,1,0,0,1,0,1,1,1,0,0,4,3,2,0,4,2,2,0,1,1,1,0,1,1
VexiiRiscv_31,800MHz,147143.9680,9.0891e+07,0.3753,3.1153e+07,-0.0658,4.9384e+07,0.2506,85132.5140,8.7895e+07,0.3896,2.8901e+07,-0.0001,4.6102e+07,0.2585,82936.7510,7.0345e+09,-181.9386,1.4719e+09,-331.9003,2.9455e+09,-211.3740,83987.8670,6.3091e+08,0.3912,3.8553e+08,-0.0001,4.8817e+08,0.2612,85525.2800,9.0863e+07,0.4359,3.1146e+07,-0.0228,4.9371e+07,0.3043,1,1,1,1,1,1,1,1,1,0,1,1,0,1,0,0,1,0,1,1,1,0,0,4,3,2,0,4,2,2,0,1,1,1,0,1,1
VexiiRiscv_31,400MHz,147100.2460,5.8342e+07,0.8521,1.5403e+07,-0.1106,2.6615e+07,0.5839,84340.6880,5.6672e+07,0.9288,1.4261e+07,0.0002,2.4866e+07,0.6319,82907.0100,3.5336e+09,-180.6875,7.3596e+08,-330.6496,1.4749e+09,-210.1229,83687.1400,3.2684e+08,0.7316,1.9417e+08,-0.0002,2.4551e+08,0.4592,84694.1240,5.8321e+07,0.9948,1.5399e+07,-0.0438,2.6606e+07,0.7045,1,1,1,1,1,1,1,1,1,0,1,1,0,1,0,0,1,0,1,1,1,0,0,4,3,2,0,4,2,2,0,1,1,1,0,1,1
VexiiRiscv_32,400MHz,5604.0940,2.8071e+06,1.1544,1.2385e+06,-0.0746,1.6988e+06,0.8311,3262.1470,2.7694e+06,1.1281,1.2199e+06,0.0002,1.6698e+06,0.7991,3263.9250,2.7471e+08,1.2628,1.8312e+08,-0.0217,2.2611e+08,0.8996,3250.3410,2.7429e+08,1.0910,1.8365e+08,0.0002,2.2608e+08,0.7571,3265.6350,2.8064e+06,1.1952,1.2382e+06,-0.0041,1.6984e+06,0.8730,0,1,1,0,0,1,0,1,0,1,0,1,1,1,1,0,1,0,0,0,0,1,1,3,1,3,0,3,0,2,4,0,0,1,1,0,1
VexiiRiscv_32,100MHz,5604.0940,1.1319e+06,7.8343,3.0667e+05,4.9970,4.7084e+05,7.1796,3291.3530,1.1167e+06,7.8644,3.0218e+05,5.2605,4.6276e+05,7.2153,3264.0750,6.9548e+07,8.7618,4.5781e+07,7.4928,5.6646e+07,8.3984,3243.9790,6.8943e+07,7.8075,4.6567e+07,5.5395,5.6561e+07,7.1584,3300.8200,1.1315e+06,7.9555,3.0658e+05,5.1851,4.7066e+05,7.3010,0,1,1,0,0,1,0,1,0,1,0,1,1,1,1,0,1,0,0,0,0,1,1,3,1,3,0,3,0,2,4,0,0,1,1,0,1
VexiiRiscv_32,800MHz,5816.2710,5.1252e+06,0.4802,2.5031e+06,-0.0473,3.3530e+06,0.3370,3459.8910,5.0364e+06,0.5058,2.4652e+06,0.0002,3.2929e+06,0.3557,3380.8210,5.4845e+08,0.3948,3.6625e+08,-0.3268,4.5210e+08,0.1763,3391.4500,5.4828e+08,0.4773,3.6643e+08,0.0001,4.5215e+08,0.3291,3472.6540,5.1236e+06,0.5266,2.5026e+06,-0.0224,3.3521e+06,0.3854,0,1,1,0,0,1,0,1,0,1,0,1,1,1,1,0,1,0,0,0,0,1,1,3,1,3,0,3,0,2,4,0,0,1,1,0,1
VexiiRiscv_33,400MHz,20040.7900,7.6580e+06,0.9912,2.7311e+06,-0.0645,4.0234e+06,0.7143,11545.2220,7.5443e+06,1.0450,2.6656e+06,0.0025,3.9212e+06,0.7508,11416.6850,2.8010e+08,1.0172,1.8418e+08,-0.4397,2.2804e+08,0.6144,11469.2710,2.7846e+08,0.9959,1.8476e+08,-0.0001,2.2782e+08,0.6937,11559.7370,7.6563e+06,1.1091,2.7306e+06,-0.0233,4.0225e+06,0.8185,0,0,1,0,1,0,0,1,0,1,0,0,0,1,0,1,0,4,0,1,1,1,1,5,2,0,0,6,2,2,3,0,0,1,0,0,0
VexiiRiscv_33,100MHz,20040.7900,3.3976e+06,7.2334,6.8874e+05,3.7724,1.1815e+06,6.4215,11492.0070,3.3748e+06,7.4167,6.7217e+05,4.2507,1.1573e+06,6.6366,11416.6850,7.2972e+07,8.5172,4.6047e+07,7.0603,5.7409e+07,8.1144,11438.5050,7.1017e+07,7.5504,4.6886e+07,5.0047,5.7111e+07,6.8256,11491.7340,3.3963e+06,7.5145,6.8850e+05,4.1393,1.1809e+06,6.7155,0,0,1,0,1,0,0,1,0,1,0,0,0,1,0,1,0,4,0,1,1,1,1,5,2,0,0,6,2,2,3,0,0,1,0,0,0
VexiiRiscv_33,800MHz,20222.1040,1.2867e+07,0.3996,5.6291e+06,-0.0528,7.8295e+06,0.2686,11881.4080,1.2582e+07,0.4323,5.4957e+06,0.0000,7.6206e+06,0.2886,11541.0910,5.5601e+08,0.3960,3.6837e+08,-0.2488,4.5549e+08,0.1965,11639.7780,5.5527e+08,0.4420,3.6864e+08,-0.0001,4.5552e+08,0.2975,11922.4350,1.2864e+07,0.4744,5.6281e+06,-0.0258,7.8277e+06,0.3331,0,0,1,0,1,0,0,1,0,1,0,0,0,1,0,1,0,4,0,1,1,1,1,5,2,0,0,6,2,2,3,0,0,1,0,0,0
VexiiRiscv_34,400MHz,51307.0040,1.7694e+07,0.9865,5.1629e+06,-0.0827,8.2043e+06,0.6971,29538.2660,1.7778e+07,1.0297,4.9939e+06,0.0002,8.0179e+06,0.7397,29077.1130,2.8935e+08,1.1375,1.8577e+08,-0.2518,2.3115e+08,0.7476,29291.8760,2.8718e+08,0.8850,1.8693e+08,-0.0000,2.3139e+08,0.6130,29684.1630,1.7688e+07,1.1117,5.1615e+06,-0.0038,8.2013e+06,0.8107,0,1,0,1,0,0,0,0,0,0,1,0,1,1,1,0,0,0,0,1,0,0,1,4,2,0,0,3,0,1,0,0,0,0,1,1,1
VexiiRiscv_34,800MHz,51596.8830,2.7626e+07,0.3659,1.0637e+07,-0.0562,1.5464e+07,0.2386,29988.0780,2.7819e+07,0.3654,1.0305e+07,0.0000,1.5132e+07,0.2450,29254.7750,5.6871e+08,0.2930,3.7153e+08,-0.4373,4.6097e+08,0.0838,29565.3250,5.6996e+08,0.4092,3.7290e+08,-0.0003,4.6246e+08,0.2750,30109.4740,2.7615e+07,0.4136,1.0635e+07,-0.0270,1.5459e+07,0.2838,0,1,0,1,0,0,0,0,0,0,1,0,1,1,1,0,0,0,0,1,0,0,1,4,2,0,0,3,0,1,0,0,0,0,1,1,1
VexiiRiscv_34,100MHz,51307.0040,9.3261e+06,6.7601,1.2810e+06,2.8053,2.6380e+06,5.8344,29604.6820,9.2600e+06,6.8683,1.2444e+06,3.0699,2.5763e+06,5.9393,29077.1130,7.9660e+07,8.6375,4.6445e+07,7.2482,5.8747e+07,8.2476,29286.7040,7.5791e+07,6.8054,4.7525e+07,3.7106,5.8279e+07,5.9181,29656.2290,9.3224e+06,7.0250,1.2804e+06,3.1080,2.6364e+06,6.1337,0,1,0,1,0,0,0,0,0,0,1,0,1,1,1,0,0,0,0,1,0,0,1,4,2,0,0,3,0,1,0,0,0,0,1,1,1
VexiiRiscv_35,400MHz,37208.6690,5.2693e+06,1.1312,9.8009e+05,-0.0765,1.7381e+06,0.8369,21359.3910,5.2330e+06,1.1707,9.5880e+05,0.0005,1.7067e+06,0.8560,21102.3160,1.0927e+07,-179.4014,3.6991e+06,-329.6652,5.3175e+06,-209.5204,21168.5270,4.3578e+06,1.0689,8.3467e+05,0.0004,1.4152e+06,0.7893,21365.4370,5.2667e+06,1.2093,9.7954e+05,0.0166,1.7369e+06,0.8971,0,0,0,1,1,0,1,0,1,1,1,1,1,0,1,0,1,2,1,0,1,1,1,0,0,0,0,6,0,2,2,0,1,1,0,1,1
VexiiRiscv_35,800MHz,37252.6650,7.4191e+06,0.3256,2.0813e+06,-0.0823,3.2020e+06,0.1931,21594.9610,7.3618e+06,0.3741,2.0353e+06,-0.0001,3.1389e+06,0.2504,21145.0530,1.7197e+07,-180.6500,7.4008e+06,-330.9092,1.0070e+07,-210.7678,21320.9510,6.7969e+06,0.3348,1.6622e+06,-0.0001,2.6913e+06,0.2120,21607.6290,7.4156e+06,0.3902,2.0803e+06,-0.0270,3.2001e+06,0.2560,0,0,0,1,1,0,1,0,1,1,1,1,1,0,1,0,1,2,1,0,1,1,1,0,0,0,0,6,0,2,2,0,1,1,0,1,1
VexiiRiscv_35,100MHz,37230.6670,3.5091e+06,7.6406,2.5041e+05,4.8408,6.7984e+05,7.0243,21323.1120,3.4947e+06,7.8014,2.4459e+05,5.1082,6.7032e+05,7.1842,21109.0060,6.2711e+06,-171.9002,9.2643e+05,-322.1598,1.7637e+06,-202.0181,21160.4290,2.8765e+06,7.8759,2.2745e+05,5.3465,5.2827e+05,7.2615,21327.8590,3.5069e+06,7.9069,2.5005e+05,5.2390,6.7889e+05,7.3076,0,0,0,1,1,0,1,0,1,1,1,1,1,0,1,0,1,2,1,0,1,1,1,0,0,0,0,6,0,2,2,0,1,1,0,1,1
VexiiRiscv_36,400MHz,130340.8510,9.8987e+07,0.9326,2.1037e+07,-0.0621,4.4672e+07,0.6602,74724.3730,9.0328e+07,0.9865,1.8595e+07,0.0003,3.9489e+07,0.7022,73565.1710,5.5133e+09,-180.8199,4.3969e+08,-333.7754,1.6770e+09,-212.4612,74171.3050,3.4790e+08,0.8934,1.9546e+08,-0.0007,2.5134e+08,0.5962,74794.6340,9.8962e+07,1.0606,2.1031e+07,-0.0225,4.4659e+07,0.7770,0,1,1,1,0,1,0,0,0,0,1,1,1,0,0,0,1,0,1,1,0,1,0,6,3,1,0,4,3,0,4,1,1,0,1,1,0
VexiiRiscv_36,800MHz,130596.5850,1.7324e+08,0.3306,4.2855e+07,-0.0826,8.9441e+07,0.2184,75808.5950,1.5385e+08,0.3916,3.7883e+07,-0.0024,7.8202e+07,0.2621,73678.0720,1.1000e+10,-182.0577,8.7929e+08,-334.9904,3.3508e+09,-213.6929,74532.5930,6.6179e+08,0.3780,3.8556e+08,-0.0029,4.9798e+08,0.2667,76037.5170,1.7320e+08,0.4075,4.2845e+07,-0.0448,8.9419e+07,0.2735,0,1,1,1,0,1,0,0,0,0,1,1,1,0,0,0,1,0,1,1,0,1,0,6,3,1,0,4,3,0,4,1,1,0,1,1,0
VexiiRiscv_36,100MHz,130340.8510,5.3088e+07,6.3985,5.2674e+06,1.7825,1.5678e+07,5.3756,74703.0330,5.0509e+07,6.7665,4.6454e+06,2.6417,1.4215e+07,5.7619,73589.1660,1.4113e+09,-173.2567,1.0994e+08,-326.1034,4.2399e+08,-204.8616,74118.4310,1.1316e+08,6.8226,5.2949e+07,3.6528,6.6516e+07,5.8790,74767.3970,5.3077e+07,6.7877,5.2653e+06,2.3800,1.5673e+07,5.7569,0,1,1,1,0,1,0,0,0,0,1,1,1,0,0,0,1,0,1,1,0,1,0,6,3,1,0,4,3,0,4,1,1,0,1,1,0
VexiiRiscv_37,100MHz,24777.4350,5.6557e+06,7.0078,1.0111e+06,3.3818,1.8874e+06,6.1237,14320.1690,5.5685e+06,7.0972,9.7074e+05,3.7012,1.8216e+06,6.2298,14140.0170,7.5402e+07,8.5059,4.6245e+07,7.0631,5.8041e+07,8.0873,14208.0210,7.3130e+07,7.2106,4.7275e+07,4.4774,5.7703e+07,6.3845,14356.1750,5.6540e+06,7.2664,1.0108e+06,3.8005,1.8866e+06,6.4099,0,1,0,1,0,0,1,0,1,0,1,0,0,1,0,1,0,3,0,1,0,0,0,1,2,1,1,3,0,1,4,0,0,0,1,1,0
VexiiRiscv_37,400MHz,24777.4350,1.2540e+07,1.0553,4.0321e+06,-0.0699,6.3742e+06,0.7556,14441.0320,1.2271e+07,1.1357,3.8710e+06,0.0001,6.1157e+06,0.8346,14140.0170,2.8544e+08,1.0059,1.8497e+08,-0.4369,2.2997e+08,0.5873,14217.7200,2.8249e+08,0.9857,1.8579e+08,-0.0001,2.2958e+08,0.6799,14456.9970,1.2537e+07,1.1856,4.0313e+06,0.0020,6.3727e+06,0.8725,0,1,0,1,0,0,1,0,1,0,1,0,0,1,0,1,0,3,0,1,0,0,0,1,2,1,1,3,0,1,4,0,0,0,1,1,0
VexiiRiscv_37,800MHz,24813.3310,2.0299e+07,0.4587,8.2060e+06,-0.0505,1.2072e+07,0.3260,14541.6890,1.9603e+07,0.4763,7.8838e+06,-0.0001,1.1535e+07,0.3273,14184.1350,5.6546e+08,0.3344,3.6993e+08,-0.3388,4.5919e+08,0.1173,14313.7120,5.6186e+08,0.4194,3.7046e+08,0.0000,4.5877e+08,0.2866,14596.2590,2.0292e+07,0.5044,8.2042e+06,-0.0295,1.2068e+07,0.3575,0,1,0,1,0,0,1,0,1,0,1,0,0,1,0,1,0,3,0,1,0,0,0,1,2,1,1,3,0,1,4,0,0,0,1,1,0
VexiiRiscv_38,100MHz,9756.1930,2.1852e+06,6.7934,7.2348e+05,2.6719,1.0365e+06,5.7865,5639.7440,2.1855e+06,6.8037,7.1649e+05,2.9159,1.0295e+06,5.8062,5593.9570,7.0786e+07,7.9783,4.6107e+07,5.7647,5.7129e+07,7.3621,5572.7400,6.9871e+07,6.8912,4.6850e+07,2.9125,5.7004e+07,5.9247,5646.7760,2.1845e+06,6.9402,7.2332e+05,2.8818,1.0362e+06,5.9421,1,1,1,1,0,0,0,0,1,1,0,0,0,1,0,1,0,0,1,1,0,1,1,6,1,2,0,4,0,0,2,1,0,1,1,0,1
VexiiRiscv_38,800MHz,9871.5150,1.1507e+07,0.4698,5.8144e+06,-0.0544,7.6773e+06,0.3305,5797.5420,1.1416e+07,0.4742,5.7620e+06,0.0000,7.6062e+06,0.3326,5673.2870,5.5434e+08,0.4408,3.6885e+08,-0.1508,4.5551e+08,0.2475,5691.8370,5.5381e+08,0.4448,3.6902e+08,-0.0012,4.5553e+08,0.3157,5828.1860,1.1504e+07,0.5106,5.8135e+06,-0.0234,7.6758e+06,0.3624,1,1,1,1,0,0,0,0,1,1,0,0,0,1,0,1,0,0,1,1,0,1,1,6,1,2,0,4,0,0,2,1,0,1,1,0,1
VexiiRiscv_38,400MHz,9778.7370,6.0802e+06,1.0736,2.8710e+06,-0.0870,3.8430e+06,0.7505,5641.5630,6.0558e+06,1.0877,2.8480e+06,0.0003,3.8138e+06,0.7574,5619.2920,2.7799e+08,1.2138,1.8442e+08,0.3162,2.2785e+08,0.9143,5599.3600,2.7713e+08,0.9976,1.8491e+08,-0.0000,2.2776e+08,0.6743,5648.8550,6.0786e+06,1.1538,2.8706e+06,-0.0362,3.8422e+06,0.8318,1,1,1,1,0,0,0,0,1,1,0,0,0,1,0,1,0,0,1,1,0,1,1,6,1,2,0,4,0,0,2,1,0,1,1,0,1
VexiiRiscv_39,800MHz,32390.8200,2.9700e+07,0.4364,1.0436e+07,-0.0479,1.6685e+07,0.3189,18807.8660,2.7649e+07,0.4944,9.6087e+06,-0.0000,1.5272e+07,0.3466,18406.0030,1.0711e+10,-774.0135,8.7038e+08,-1438.8220,3.2649e+09,-912.7634,18552.8160,5.7054e+08,0.4490,3.7086e+08,-0.0004,4.6162e+08,0.3211,18837.3600,2.9693e+07,0.5143,1.0433e+07,-0.0249,1.6681e+07,0.3615,0,1,0,1,1,1,1,0,1,1,1,0,1,1,1,0,1,1,1,0,1,1,0,6,1,3,1,3,2,2,2,0,1,1,1,1,0
VexiiRiscv_39,400MHz,32263.5140,1.9092e+07,1.2178,5.1389e+06,-0.0820,9.0616e+06,0.8800,18683.0910,1.7941e+07,1.1880,4.7226e+06,0.0001,8.2974e+06,0.8556,18358.2860,5.3599e+09,-772.7450,4.3519e+08,-1437.7529,1.6331e+09,-911.3580,18464.5530,2.8861e+08,1.0903,1.8626e+08,0.0006,2.3126e+08,0.7774,18711.6270,1.9087e+07,1.2546,5.1376e+06,-0.0235,9.0591e+06,0.9091,0,1,0,1,1,1,1,0,1,1,1,0,1,1,1,0,1,1,1,0,1,1,0,6,1,3,1,3,2,2,2,0,1,1,1,1,0
VexiiRiscv_39,100MHz,32263.5140,1.0260e+07,7.6019,1.2780e+06,4.6469,3.0628e+06,6.8850,18664.5130,9.9310e+06,7.6363,1.1727e+06,4.9016,2.8567e+06,6.9489,18358.1490,1.3470e+09,-765.2666,1.0880e+08,-1430.0730,4.0928e+08,-904.0084,18464.7580,7.7322e+07,7.6666,4.7804e+07,5.3605,5.8517e+07,7.0103,18696.5930,1.0257e+07,7.7134,1.2775e+06,4.8039,3.0616e+06,7.0143,0,1,0,1,1,1,1,0,1,1,1,0,1,1,1,0,1,1,1,0,1,1,0,6,1,3,1,3,2,2,2,0,1,1,1,1,0
VexiiRiscv_4,400MHz,4321.8130,2.6889e+06,1.1895,1.2529e+06,-0.0788,1.6825e+06,0.8567,2545.1640,2.6616e+06,1.1815,1.2370e+06,0.0018,1.6591e+06,0.8513,2532.1820,2.7444e+08,1.2070,1.8308e+08,-0.1290,2.2602e+08,0.8345,2515.5470,2.7401e+08,1.1280,1.8359e+08,0.0004,2.2598e+08,0.8074,2549.8840,2.6882e+06,1.2227,1.2526e+06,-0.0077,1.6821e+06,0.8846,0,0,1,0,0,0,1,0,1,1,0,1,0,1,1,1,0,4,0,0,0,1,1,0,2,0,1,1,2,1,6,0,0,0,1,1,0
VexiiRiscv_4,800MHz,4383.5650,5.1398e+06,0.4684,2.4870e+06,-0.0505,3.3518e+06,0.3188,2694.0440,5.0475e+06,0.4669,2.4543e+06,0.0001,3.2903e+06,0.3241,2571.6620,5.4806e+08,0.3809,3.6617e+08,-0.2915,4.5193e+08,0.1693,2581.9360,5.4800e+08,0.4372,3.6633e+08,0.0000,4.5198e+08,0.2970,2719.5980,5.1386e+06,0.4909,2.4865e+06,-0.0253,3.3511e+06,0.3380,0,0,1,0,0,0,1,0,1,1,0,1,0,1,1,1,0,4,0,0,0,1,1,0,2,0,1,1,2,1,6,0,0,0,1,1,0
VexiiRiscv_4,100MHz,4321.8130,9.5755e+05,7.7490,3.0813e+05,4.8713,4.4603e+05,7.0845,2521.8260,9.5266e+05,7.8628,3.0476e+05,5.2469,4.4145e+05,7.2240,2533.0850,6.9295e+07,8.7121,4.5771e+07,7.3952,5.6597e+07,8.3450,2511.2650,6.8793e+07,7.8298,4.6544e+07,5.4119,5.6526e+07,7.2145,2523.9470,9.5728e+05,7.9469,3.0806e+05,5.1541,4.4590e+05,7.2899,0,0,1,0,0,0,1,0,1,1,0,1,0,1,1,1,0,4,0,0,0,1,1,0,2,0,1,1,2,1,6,0,0,0,1,1,0
VexiiRiscv_40,100MHz,69193.9870,2.0104e+07,7.6745,2.5648e+06,4.9024,5.9429e+06,7.0533,39772.6710,1.9518e+07,7.8407,2.3558e+06,5.2795,5.5597e+06,7.2404,39172.5840,9.2602e+07,-172.8497,4.6942e+07,-323.5172,6.1705e+07,-203.9163,39438.1270,8.6524e+07,7.8119,4.9175e+07,5.8017,6.0723e+07,7.2499,39817.1590,2.0099e+07,8.0041,2.5639e+06,5.4072,5.9407e+06,7.3715,1,0,1,0,0,0,0,1,0,0,0,0,0,0,1,1,1,2,0,1,1,0,0,2,1,1,1,3,2,2,5,1,1,0,0,0,1
VexiiRiscv_40,800MHz,69747.4800,5.9147e+07,0.4129,2.0756e+07,-0.0473,3.3112e+07,0.2781,40460.8300,5.5037e+07,0.4220,1.9095e+07,0.0000,3.0273e+07,0.2835,39520.4530,6.0832e+08,-181.5955,3.7549e+08,-332.2595,4.7497e+08,-212.6595,39930.8530,5.9636e+08,0.4215,3.7677e+08,-0.0004,4.7291e+08,0.2895,40529.4220,5.9136e+07,0.4598,2.0753e+07,-0.0229,3.3106e+07,0.3232,1,0,1,0,0,0,0,1,0,0,0,0,0,0,1,1,1,2,0,1,1,0,0,2,1,1,1,3,2,2,5,1,1,0,0,0,1
VexiiRiscv_40,400MHz,69223.9740,3.9203e+07,1.1991,1.0277e+07,-0.0785,1.8636e+07,0.8786,39640.9740,3.6674e+07,1.2132,9.4279e+06,0.0005,1.6988e+07,0.8670,39197.7830,3.1379e+08,-180.3497,1.8775e+08,-331.0172,2.3885e+08,-211.4163,39445.0220,3.0463e+08,1.0869,1.8955e+08,-0.0045,2.3729e+08,0.7595,39682.5890,3.9194e+07,1.2862,1.0275e+07,-0.0265,1.8632e+07,0.9412,1,0,1,0,0,0,0,1,0,0,0,0,0,0,1,1,1,2,0,1,1,0,0,2,1,1,1,3,2,2,5,1,1,0,0,0,1
VexiiRiscv_41,100MHz,48331.6040,1.1661e+07,5.7970,1.5406e+06,0.5491,3.4247e+06,4.5558,27690.9050,1.1354e+07,5.9983,1.4312e+06,1.0545,3.2278e+06,4.7715,27426.2250,8.3834e+07,-172.9134,4.6438e+07,-323.6844,5.9741e+07,-204.0165,27575.8290,7.8700e+07,6.0372,4.7968e+07,1.7336,5.8835e+07,4.8413,27728.4160,1.1657e+07,6.1411,1.5400e+06,1.0786,3.4232e+06,4.9314,1,0,1,0,1,0,0,0,0,0,0,1,1,0,1,1,0,2,0,0,1,0,1,4,0,2,0,6,1,2,3,0,1,1,1,1,1
VexiiRiscv_41,400MHz,48537.5980,2.3481e+07,0.9621,6.1743e+06,-0.0825,1.0989e+07,0.6644,27923.3010,2.2237e+07,0.9692,5.7364e+06,0.0002,1.0156e+07,0.6808,27535.9660,3.0244e+08,-180.8713,1.8574e+08,-333.9317,2.3447e+08,-212.5448,27728.0880,2.9136e+08,0.8370,1.8694e+08,0.0001,2.3227e+08,0.5550,27971.0720,2.3475e+07,1.0572,6.1730e+06,-0.0386,1.0986e+07,0.7539,1,0,1,0,1,0,0,0,0,0,0,1,1,0,1,1,0,2,0,0,1,0,1,4,0,2,0,6,1,2,3,0,1,1,1,1,1
VexiiRiscv_41,800MHz,49001.3500,3.6204e+07,0.3985,1.2721e+07,-0.0818,2.0107e+07,0.2584,28631.9940,3.3909e+07,0.4119,1.1840e+07,0.0000,1.8551e+07,0.2754,27798.0470,5.9335e+08,-181.6598,3.7148e+08,-332.4291,4.6734e+08,-212.7621,28182.2770,5.7566e+08,0.4028,3.7227e+08,-0.0011,4.6371e+08,0.2700,28737.8500,3.6194e+07,0.4319,1.2718e+07,-0.0237,2.0102e+07,0.2923,1,0,1,0,1,0,0,0,0,0,0,1,1,0,1,1,0,2,0,0,1,0,1,4,0,2,0,6,1,2,3,0,1,1,1,1,1
VexiiRiscv_42,100MHz,90559.7670,2.9186e+07,6.4246,3.0169e+06,2.0938,8.4402e+06,5.4101,52014.7940,2.8071e+07,6.5382,2.7312e+06,2.5755,7.7898e+06,5.6151,51056.6190,9.8105e+07,-171.9708,4.7036e+07,-321.6603,6.2692e+07,-202.2081,51426.6500,9.1679e+07,6.5469,4.9763e+07,3.4285,6.1715e+07,5.6476,52066.2440,2.9178e+07,6.6208,3.0155e+06,2.5155,8.4366e+06,5.6961,0,0,1,0,1,1,0,0,1,0,1,0,1,0,1,0,1,0,1,1,0,0,0,4,2,2,0,2,2,1,6,0,1,0,0,1,1
VexiiRiscv_42,400MHz,90559.7670,5.6293e+07,0.9321,1.2198e+07,-0.0953,2.5240e+07,0.6476,52826.9480,5.2301e+07,0.9432,1.1078e+07,0.0006,2.2804e+07,0.6506,51056.6190,3.1992e+08,-179.4708,1.8812e+08,-329.1603,2.4065e+08,-209.7081,51483.7360,3.1297e+08,0.8578,1.9043e+08,0.0004,2.3968e+08,0.5835,52762.4610,5.6276e+07,0.9932,1.2194e+07,-0.0550,2.5231e+07,0.7135,0,0,1,0,1,1,0,0,1,0,1,0,1,0,1,0,1,0,1,1,0,0,0,4,2,2,0,2,2,1,6,0,1,0,0,1,1
VexiiRiscv_42,800MHz,90594.0770,9.2084e+07,0.3052,2.4890e+07,-0.1110,4.7572e+07,0.1748,53799.7060,8.4925e+07,0.1275,2.2663e+07,-0.2445,4.2919e+07,-0.0144,51120.0810,6.1549e+08,-182.0257,3.7623e+08,-334.9033,4.7787e+08,-213.6511,51658.6080,6.0785e+08,0.4041,3.7801e+08,-0.0023,4.7699e+08,0.2768,53468.1300,9.2059e+07,0.3217,2.4883e+07,-0.0857,4.7558e+07,0.1897,0,0,1,0,1,1,0,0,1,0,1,0,1,0,1,0,1,0,1,1,0,0,0,4,2,2,0,2,2,1,6,0,1,0,0,1,1
VexiiRiscv_43,100MHz,54179.7760,1.3273e+07,7.5896,1.5871e+06,4.7735,3.7572e+06,6.9376,31006.4990,1.2934e+07,7.8096,1.4574e+06,5.2266,3.5255e+06,7.1874,30682.5020,1.0378e+08,-761.2458,4.9646e+07,-1420.2380,6.7116e+07,-900.7358,30762.3110,8.0350e+07,7.9006,4.8127e+07,5.6278,5.9121e+07,7.3548,31035.0630,1.3269e+07,7.8877,1.5863e+06,5.2535,3.7553e+06,7.2721,1,0,0,1,1,0,0,0,1,0,0,0,0,0,1,0,1,1,1,1,1,1,0,2,2,3,1,3,2,1,0,1,1,0,1,0,1
VexiiRiscv_43,400MHz,54153.2380,2.4852e+07,1.0335,6.3468e+06,-0.0757,1.1480e+07,0.7454,30952.3140,2.3333e+07,1.1607,5.8319e+06,0.0007,1.0500e+07,0.8130,30651.0530,3.7271e+08,-768.7463,1.9857e+08,-1427.7358,2.6243e+08,-908.2015,30763.9670,2.9324e+08,1.1081,1.8706e+08,-0.0010,2.3279e+08,0.7935,30978.8390,2.4845e+07,1.2420,6.3450e+06,-0.0167,1.1476e+07,0.8986,1,0,0,1,1,0,0,0,1,0,0,0,0,0,1,0,1,1,1,1,1,1,0,2,2,3,1,3,2,1,0,1,1,0,1,0,1
VexiiRiscv_43,800MHz,54153.2380,3.8927e+07,0.3816,1.2852e+07,-0.0547,2.1220e+07,0.2608,31334.2320,3.6069e+07,0.4282,1.1823e+07,0.0000,1.9347e+07,0.2925,30641.1480,7.3192e+08,-769.9963,3.9712e+08,-1428.9858,5.2304e+08,-909.4828,30888.2090,5.7799e+08,0.4078,3.7235e+08,-0.0002,4.6453e+08,0.2762,31381.4690,3.8917e+07,0.4592,1.2848e+07,-0.0221,2.1214e+07,0.3304,1,0,0,1,1,0,0,0,1,0,0,0,0,0,1,0,1,1,1,1,1,1,0,2,2,3,1,3,2,1,0,1,1,0,1,0,1
VexiiRiscv_44,100MHz,199360.0080,7.3752e+07,7.1520,7.2531e+06,4.0556,2.1446e+07,6.4215,113671.5520,7.0393e+07,7.2674,6.4204e+06,4.3362,1.9508e+07,6.5296,112210.1180,2.6248e+09,-172.9129,1.0297e+08,-322.9454,6.9965e+08,-202.5001,113227.7460,1.3206e+08,7.3049,5.5534e+07,4.4294,7.0778e+07,6.6103,113785.0010,7.3735e+07,7.3581,7.2505e+06,4.3010,2.1439e+07,6.6025,0,0,1,0,1,1,1,0,0,0,1,1,1,1,1,1,0,3,0,1,1,1,0,2,1,1,0,6,2,0,2,0,1,1,1,0,1
VexiiRiscv_44,800MHz,199625.3180,2.0093e+08,0.3011,5.8135e+07,-0.0951,1.0580e+08,0.1819,115292.8650,1.8289e+08,0.3470,5.1740e+07,0.0000,9.3957e+07,0.2180,112246.4930,2.0521e+10,-181.6108,8.2362e+08,-331.3980,5.5279e+09,-211.0307,113664.6440,7.1133e+08,0.3674,3.9525e+08,-0.0046,5.1870e+08,0.2408,115674.0440,2.0088e+08,0.3817,5.8123e+07,-0.0207,1.0578e+08,0.2519,0,0,1,0,1,1,1,0,0,0,1,1,1,1,1,1,0,3,0,1,1,1,0,2,1,1,0,6,2,0,2,0,1,1,1,0,1
VexiiRiscv_44,400MHz,199625.3180,1.2728e+08,0.8720,2.8795e+07,-0.0785,5.7089e+07,0.5919,113998.6550,1.1788e+08,1.0131,2.5578e+07,0.0004,5.0962e+07,0.7110,112271.4180,1.0310e+10,-180.4145,4.1181e+08,-330.4478,2.7716e+09,-210.0007,113204.7630,3.7999e+08,0.9289,2.0108e+08,-0.0003,2.6267e+08,0.6614,114191.0500,1.2724e+08,1.1084,2.8789e+07,-0.0130,5.7074e+07,0.7963,0,0,1,0,1,1,1,0,0,0,1,1,1,1,1,1,0,3,0,1,1,1,0,2,1,1,0,6,2,0,2,0,1,1,1,0,1
VexiiRiscv_45,100MHz,42383.8960,1.1168e+07,7.2991,1.2657e+06,4.1394,3.1654e+06,6.5878,24413.5060,1.0811e+07,7.6328,1.1482e+06,4.8300,2.9410e+06,6.9378,24088.3460,8.1648e+07,-172.8536,4.6194e+07,-323.5464,5.9098e+07,-203.9269,24212.6840,7.8134e+07,7.6713,4.7790e+07,5.5115,5.8530e+07,7.1012,24410.9890,1.1165e+07,7.7195,1.2652e+06,4.7752,3.1642e+06,7.0132,1,0,1,0,1,0,1,1,1,1,0,0,0,0,1,0,1,3,1,0,1,1,0,4,3,0,1,2,0,1,0,0,0,1,1,1,0
VexiiRiscv_45,400MHz,42407.3710,2.1360e+07,1.0887,5.0248e+06,-0.0772,9.6588e+06,0.8019,24364.6690,1.9788e+07,1.1365,4.5463e+06,-0.0001,8.6940e+06,0.8199,24103.5040,2.9301e+08,-180.8047,1.8476e+08,-333.7411,2.3164e+08,-212.4450,24214.9000,2.8886e+08,1.0375,1.8591e+08,0.0000,2.3091e+08,0.7083,24378.7590,2.1355e+07,1.2301,5.0237e+06,-0.0345,9.6562e+06,0.8863,1,0,1,0,1,0,1,1,1,1,0,0,0,0,1,0,1,3,1,0,1,1,0,4,3,0,1,2,0,1,0,0,0,1,1,1,0
VexiiRiscv_45,800MHz,42576.8120,3.2407e+07,0.3862,1.0123e+07,-0.0815,1.7199e+07,0.2499,24740.3490,2.9822e+07,0.4198,9.1778e+06,0.0000,1.5502e+07,0.2902,24187.3480,5.7492e+08,-181.6001,3.6952e+08,-332.2811,4.6171e+08,-212.6703,24394.6550,5.7082e+08,0.4057,3.7011e+08,-0.0008,4.6094e+08,0.2756,24787.4900,3.2400e+07,0.4404,1.0121e+07,-0.0521,1.7196e+07,0.3003,1,0,1,0,1,0,1,1,1,1,0,0,0,0,1,0,1,3,1,0,1,1,0,4,3,0,1,2,0,1,0,0,0,1,1,1,0
VexiiRiscv_46,100MHz,10058.3840,2.1990e+06,7.6677,6.3909e+05,4.9740,9.5568e+05,7.0453,5808.6790,2.1889e+06,7.8025,6.3198e+05,5.4126,9.4630e+05,7.1943,5771.5380,1.3859e+08,-165.4585,9.1627e+07,-235.2981,1.1328e+08,-193.8532,5777.3650,1.3780e+08,7.8723,9.3140e+07,5.2434,1.1313e+08,7.2647,5817.5300,2.1983e+06,7.8972,6.3895e+05,5.3509,9.5536e+05,7.2836,0,1,0,0,1,0,1,1,0,0,1,0,0,1,0,1,1,1,0,0,0,0,1,0,2,3,1,4,1,1,3,0,0,1,0,0,0
VexiiRiscv_46,400MHz,10058.3840,5.6880e+06,1.1939,2.5862e+06,-0.0608,3.4909e+06,0.8687,5818.1180,5.6546e+06,1.2185,2.5598e+06,0.0007,3.4547e+06,0.8958,5771.8250,5.4952e+08,-172.9586,3.6650e+08,-242.7999,4.5249e+08,-201.3537,5774.3560,5.4848e+08,1.1422,3.6739e+08,0.0008,4.5224e+08,0.8256,5821.7160,5.6867e+06,1.2304,2.5858e+06,-0.0137,3.4902e+06,0.9032,0,1,0,0,1,0,1,1,0,0,1,0,0,1,0,1,1,1,0,0,0,0,1,0,2,3,1,4,1,1,3,0,0,1,0,0,0
VexiiRiscv_46,800MHz,10258.5500,1.0784e+07,0.4729,5.2581e+06,-0.0405,7.0127e+06,0.3299,5991.3200,1.0749e+07,0.4999,5.2003e+06,0.0002,6.9445e+06,0.3555,5883.7680,1.0975e+09,-174.2117,7.3301e+08,-244.0378,9.0480e+08,-202.5542,5915.1640,1.0965e+09,0.4222,7.3310e+08,0.0001,9.0448e+08,0.2982,6015.8210,1.0781e+07,0.5166,5.2574e+06,-0.0218,7.0115e+06,0.3693,0,1,0,0,1,0,1,1,0,0,1,0,0,1,0,1,1,1,0,0,0,0,1,0,2,3,1,4,1,1,3,0,0,1,0,0,0
VexiiRiscv_47,800MHz,43791.2130,2.9463e+07,0.3901,9.4907e+06,-0.0541,1.5765e+07,0.2671,25512.1740,2.7063e+07,0.4473,8.6071e+06,0.0001,1.4192e+07,0.3113,24883.8520,5.7619e+08,-181.5970,3.6921e+08,-332.2745,4.6165e+08,-212.6646,25167.5890,5.6913e+08,0.4244,3.6968e+08,-0.0000,4.6015e+08,0.2982,25551.0260,2.9456e+07,0.4753,9.4890e+06,-0.0294,1.5762e+07,0.3536,0,1,1,1,0,0,0,0,0,1,0,1,0,0,0,1,1,4,0,0,1,0,1,0,1,0,0,5,1,1,2,0,1,1,1,1,0
VexiiRiscv_47,100MHz,43595.5610,1.0555e+07,7.6239,1.1498e+06,4.7544,2.8871e+06,6.9784,25092.6090,1.0249e+07,7.8475,1.0400e+06,5.1968,2.6873e+06,7.1742,24770.2390,8.1731e+07,-172.8479,4.6155e+07,-323.5259,5.9079e+07,-203.9172,24946.0550,7.7715e+07,7.8581,4.7694e+07,5.2483,5.8392e+07,7.2174,25102.2120,1.0553e+07,7.9434,1.1493e+06,5.2418,2.8859e+06,7.2907,0,1,1,1,0,0,0,0,0,1,0,1,0,0,0,1,1,4,0,0,1,0,1,0,1,0,0,5,1,1,2,0,1,1,1,1,0
VexiiRiscv_47,400MHz,43595.5610,1.8372e+07,1.1800,4.6411e+06,-0.0712,8.3274e+06,0.8741,25027.4510,1.7159e+07,1.2202,4.2050e+06,0.0006,7.5364e+06,0.8871,24763.2210,2.9373e+08,-180.3508,1.8461e+08,-331.0324,2.3163e+08,-211.4209,24932.9900,2.8794e+08,1.0816,1.8568e+08,-0.0007,2.3050e+08,0.8006,25037.3550,1.8368e+07,1.2725,4.6401e+06,-0.0159,8.3256e+06,0.9386,0,1,1,1,0,0,0,0,0,1,0,1,0,0,0,1,1,4,0,0,1,0,1,0,1,0,0,5,1,1,2,0,1,1,1,1,0
VexiiRiscv_48,100MHz,23469.1620,5.5052e+06,6.1795,8.8291e+05,1.3805,1.7415e+06,5.0413,13720.9030,5.4102e+06,6.3204,8.4080e+05,1.9593,1.6696e+06,5.2125,13427.0160,7.4719e+07,7.6200,4.6136e+07,5.1814,5.7818e+07,6.9126,13492.7620,7.3049e+07,6.2852,4.7205e+07,2.4799,5.7601e+07,5.1783,13717.8940,5.5035e+06,6.4709,8.8257e+05,1.8531,1.7407e+06,5.3465,1,0,0,1,0,1,0,1,1,1,1,1,0,1,0,1,1,3,0,0,1,0,0,0,3,2,0,2,1,2,4,0,0,0,1,1,0
VexiiRiscv_48,400MHz,23560.2440,1.1257e+07,1.0256,3.5453e+06,-0.0785,5.6456e+06,0.7281,13679.7950,1.0902e+07,1.0025,3.3755e+06,0.0005,5.3651e+06,0.6984,13454.7730,2.8319e+08,0.8371,1.8454e+08,-0.3403,2.2915e+08,0.4293,13534.8280,2.8191e+08,0.9139,1.8541e+08,0.0003,2.2914e+08,0.6086,13725.6500,1.1254e+07,1.0943,3.5445e+06,0.0001,5.6440e+06,0.7974,1,0,0,1,0,1,0,1,1,1,1,1,0,1,0,1,1,3,0,0,1,0,0,0,3,2,0,2,1,2,4,0,0,0,1,1,0
VexiiRiscv_48,800MHz,23577.7530,1.8482e+07,0.4529,7.2206e+06,-0.0493,1.0788e+07,0.3114,13828.7830,1.7828e+07,0.4623,6.8817e+06,0.0003,1.0242e+07,0.3139,13473.0620,5.6128e+08,0.0840,3.6908e+08,-0.7578,4.5762e+08,-0.1978,13567.5090,5.6042e+08,0.4449,3.6970e+08,0.0002,4.5787e+08,0.3091,13846.7450,1.8477e+07,0.4964,7.2190e+06,-0.0170,1.0786e+07,0.3539,1,0,0,1,0,1,0,1,1,1,1,1,0,1,0,1,1,3,0,0,1,0,0,0,3,2,0,2,1,2,4,0,0,0,1,1,0
VexiiRiscv_49,400MHz,46901.9070,3.5080e+07,0.8759,7.6783e+06,-0.0868,1.6041e+07,0.6062,27180.7510,3.1927e+07,0.9150,6.8048e+06,0.0000,1.4171e+07,0.6428,26642.1970,3.0176e+08,-180.8203,1.8527e+08,-333.8089,2.3441e+08,-212.4746,26871.0490,2.9740e+08,0.9292,1.8694e+08,0.0007,2.3357e+08,0.6534,27203.6510,3.5072e+07,0.9723,7.6763e+06,-0.0054,1.6037e+07,0.6919,0,0,1,0,1,1,0,0,0,1,1,1,1,0,1,1,0,4,1,1,1,1,1,0,1,3,0,2,1,1,4,1,0,0,0,1,1
VexiiRiscv_49,800MHz,47258.6270,6.2591e+07,0.2775,1.5982e+07,-0.1254,3.2332e+07,0.1462,27716.9520,5.5611e+07,0.2910,1.4198e+07,-0.0625,2.8369e+07,0.1618,26796.8900,5.8904e+08,-181.6125,3.7052e+08,-332.3809,4.6672e+08,-212.6856,27127.1660,5.8304e+08,0.4061,3.7144e+08,-0.0003,4.6549e+08,0.2718,27768.4850,6.2572e+07,0.3487,1.5977e+07,-0.0723,3.2321e+07,0.2193,0,0,1,0,1,1,0,0,0,1,1,1,1,0,1,1,0,4,1,1,1,1,1,0,1,3,0,2,1,1,4,1,0,0,0,1,1
VexiiRiscv_49,100MHz,46901.9070,1.8690e+07,6.2465,1.9079e+06,1.8232,5.5995e+06,5.1886,27060.5040,1.7733e+07,6.5159,1.6861e+06,2.4272,5.0732e+06,5.4990,26642.1970,8.6596e+07,-173.3203,4.6322e+07,-326.3089,6.0217e+07,-204.9746,26816.0830,8.3134e+07,6.7264,4.8565e+07,3.4970,5.9641e+07,5.7907,27074.3070,1.8686e+07,6.6056,1.9071e+06,2.3650,5.5976e+06,5.5815,0,0,1,0,1,1,0,0,0,1,1,1,1,0,1,1,0,4,1,1,1,1,1,0,1,3,0,2,1,1,4,1,0,0,0,1,1
VexiiRiscv_5,400MHz,8483.7890,4.9767e+06,1.1715,2.3475e+06,-0.0623,3.1352e+06,0.8263,4895.1280,4.9630e+06,1.1403,2.3281e+06,0.0000,3.1123e+06,0.7994,4879.8070,2.7700e+08,1.3045,1.8401e+08,0.4003,2.2730e+08,1.0112,4856.5370,2.7615e+08,0.9817,1.8450e+08,0.0002,2.2720e+08,0.6660,4899.6970,4.9756e+06,1.2236,2.3472e+06,-0.0110,3.1346e+06,0.8796,1,1,1,1,0,0,1,1,1,0,0,1,1,1,1,1,0,0,1,1,0,0,1,0,0,2,1,4,0,2,1,0,1,1,1,1,1
VexiiRiscv_5,100MHz,8408.2470,1.8272e+06,7.0685,5.8688e+05,3.3365,8.5025e+05,6.1582,4866.6600,1.8335e+06,7.0673,5.8252e+05,3.5439,8.4717e+05,6.1581,4847.2200,7.0492e+07,7.9577,4.6004e+07,5.6808,5.6990e+07,7.3295,4833.7320,6.9545e+07,6.9419,4.6755e+07,3.4663,5.6856e+07,6.0232,4872.7340,1.8266e+06,7.1851,5.8676e+05,3.4670,8.5000e+05,6.2762,1,1,1,1,0,0,1,1,1,0,0,1,1,1,1,1,0,0,1,1,0,0,1,0,0,2,1,4,0,2,1,0,1,1,1,1,1
VexiiRiscv_5,800MHz,8504.8010,9.3479e+06,0.4871,4.8068e+06,-0.0497,6.3041e+06,0.3353,5022.2290,9.3011e+06,0.4714,4.7634e+06,0.0001,6.2485e+06,0.3218,4911.7760,5.5259e+08,0.4802,3.6803e+08,-0.1207,4.5444e+08,0.2892,4927.9320,5.5196e+08,0.4538,3.6822e+08,0.0001,4.5444e+08,0.3200,5039.8080,9.3459e+06,0.5099,4.8061e+06,-0.0258,6.3029e+06,0.3531,1,1,1,1,0,0,1,1,1,0,0,1,1,1,1,1,0,0,1,1,0,0,1,0,0,2,1,4,0,2,1,0,1,1,1,1,1
VexiiRiscv_50,100MHz,93182.1410,1.7033e+07,6.6479,1.7988e+06,2.8335,4.3001e+06,5.7771,53789.8830,1.6855e+07,6.8192,1.7290e+06,3.0533,4.1693e+06,5.8954,52667.6450,8.8401e+07,8.4842,4.6686e+07,7.0593,6.0239e+07,8.0970,53112.6820,8.1520e+07,6.7789,4.8095e+07,3.7061,5.9419e+07,5.9709,53848.0230,1.7025e+07,6.9505,1.7976e+06,3.1952,4.2970e+06,6.0791,0,1,1,1,1,0,1,0,1,1,1,1,0,1,1,1,0,0,0,1,1,0,1,5,2,2,1,3,1,1,4,1,1,1,0,0,0
VexiiRiscv_50,800MHz,93251.7450,4.7681e+07,0.3173,1.5026e+07,-0.0872,2.3895e+07,0.1902,55309.9640,4.8038e+07,0.2638,1.4396e+07,-0.1137,2.3213e+07,0.1395,52735.5110,5.8173e+08,0.3336,3.7344e+08,-0.3624,4.6540e+08,0.1327,53338.9080,5.8386e+08,0.4118,3.7585e+08,-0.0001,4.6806e+08,0.2823,55742.4570,4.7660e+07,0.3901,1.5022e+07,-0.0391,2.3886e+07,0.2587,0,1,1,1,1,0,1,0,1,1,1,1,0,1,1,1,0,0,0,1,1,0,1,5,2,2,1,3,1,1,4,1,1,1,0,0,0
VexiiRiscv_50,400MHz,93182.1410,2.9164e+07,0.8216,7.2240e+06,-0.0904,1.2287e+07,0.5565,53965.5760,2.9297e+07,0.8788,6.9077e+06,0.0007,1.1925e+07,0.6220,52667.6450,2.9996e+08,0.9842,1.8672e+08,-0.4407,2.3391e+08,0.5970,53104.8570,2.9662e+08,0.8936,1.8853e+08,-0.0001,2.3448e+08,0.6321,54106.8080,2.9149e+07,0.9010,7.2211e+06,-0.0416,1.2281e+07,0.6367,0,1,1,1,1,0,1,0,1,1,1,1,0,1,1,1,0,0,0,1,1,0,1,5,2,2,1,3,1,1,4,1,1,1,0,0,0
VexiiRiscv_51,100MHz,60417.8840,1.4818e+07,6.6772,2.0048e+06,2.6066,4.3631e+06,5.7090,34784.1220,1.4506e+07,6.7855,1.8871e+06,2.9244,4.1504e+06,5.8366,34164.9240,1.5520e+09,-765.4087,1.0807e+08,-1430.2183,4.5563e+08,-903.7318,34423.3530,8.1226e+07,6.7310,4.8413e+07,3.7727,5.9602e+07,5.8301,34792.3300,1.4813e+07,6.9883,2.0038e+06,3.0737,4.3610e+06,6.0485,0,1,1,0,0,1,0,1,1,1,0,0,1,1,0,1,0,3,0,1,0,0,0,2,3,3,0,3,2,2,4,0,0,1,0,1,0
VexiiRiscv_51,400MHz,60417.8840,2.8495e+07,1.0585,8.0278e+06,-0.0811,1.3491e+07,0.7592,34919.2120,2.7282e+07,1.0816,7.5580e+06,0.0001,1.2652e+07,0.7661,34164.9240,6.1676e+09,-772.9087,4.3227e+08,-1437.7183,1.8171e+09,-911.2318,34449.0170,2.9671e+08,0.9478,1.8864e+08,-0.0034,2.3487e+08,0.6666,34934.1090,2.8486e+07,1.1299,8.0255e+06,-0.0113,1.3487e+07,0.8308,0,1,1,0,0,1,0,1,1,1,0,0,1,1,0,1,0,3,0,1,0,0,0,2,3,3,0,3,2,2,4,0,0,1,0,1,0
VexiiRiscv_51,800MHz,60592.0310,4.5315e+07,0.4223,1.6239e+07,-0.0719,2.5151e+07,0.2860,35098.5440,4.3117e+07,0.4221,1.5304e+07,0.0000,2.3581e+07,0.2837,34228.9610,1.2322e+10,-774.1529,8.6452e+08,-1439.0667,3.6324e+09,-912.4758,34600.7150,5.8431e+08,0.4086,3.7562e+08,0.0000,4.6863e+08,0.2723,35146.6560,4.5302e+07,0.4635,1.6236e+07,-0.0249,2.5144e+07,0.3218,0,1,1,0,0,1,0,1,1,1,0,0,1,1,0,1,0,3,0,1,0,0,0,2,3,3,0,3,2,2,4,0,0,1,0,1,0
VexiiRiscv_52,400MHz,20056.9320,1.1539e+07,1.0615,4.4046e+06,-0.0970,6.4985e+06,0.7472,11566.3040,1.1193e+07,1.0452,4.2689e+06,0.0006,6.2580e+06,0.7118,11449.6400,2.8332e+08,1.2869,1.8530e+08,0.3371,2.2978e+08,0.9782,11441.1450,2.8200e+08,1.0001,1.8598e+08,0.0007,2.2967e+08,0.6699,11585.2640,1.1537e+07,1.1210,4.4038e+06,-0.0232,6.4970e+06,0.7968,1,0,1,0,1,0,1,1,1,1,1,1,0,1,0,0,0,1,1,1,1,1,0,1,1,1,0,1,2,2,6,1,1,0,1,1,0
VexiiRiscv_52,800MHz,20173.5130,1.9742e+07,0.4650,8.8986e+06,-0.0479,1.2457e+07,0.3226,11717.9320,1.9058e+07,0.4640,8.6304e+06,0.0000,1.1994e+07,0.3228,11504.4010,5.6237e+08,0.5092,3.7061e+08,-0.1104,4.5900e+08,0.3176,11546.7130,5.6163e+08,0.4474,3.7099e+08,-0.0102,4.5912e+08,0.3076,11762.6660,1.9738e+07,0.5103,8.8973e+06,-0.0232,1.2455e+07,0.3615,1,0,1,0,1,0,1,1,1,1,1,1,0,1,0,0,0,1,1,1,1,1,0,1,1,1,0,1,2,2,6,1,1,0,1,1,0
VexiiRiscv_52,100MHz,20040.7900,5.1978e+06,6.7416,1.0877e+06,2.6075,1.9163e+06,5.7315,11627.0150,5.1217e+06,6.7930,1.0525e+06,2.9064,1.8564e+06,5.7960,11421.3090,7.4077e+07,8.0000,4.6327e+07,5.8231,5.7882e+07,7.3852,11419.8040,7.2557e+07,6.7950,4.7269e+07,3.3802,5.7675e+07,5.8286,11656.6460,5.1964e+06,6.8850,1.0874e+06,2.8282,1.9156e+06,5.8832,1,0,1,0,1,0,1,1,1,1,1,1,0,1,0,0,0,1,1,1,1,1,0,1,1,1,0,1,2,2,6,1,1,0,1,1,0
VexiiRiscv_53,100MHz,73789.6460,2.7708e+07,6.4279,2.8362e+06,1.8737,8.1884e+06,5.3806,42352.4460,2.6403e+07,6.5882,2.5144e+06,2.2882,7.4448e+06,5.5545,41708.5690,8.3025e+08,-765.4521,1.1275e+08,-1430.0044,2.9168e+08,-903.8188,42012.2240,9.1484e+07,6.7947,4.9777e+07,3.4465,6.1568e+07,5.8208,42391.3520,2.7702e+07,6.7920,2.8351e+06,2.4745,8.1856e+06,5.7706,0,1,0,1,1,0,0,0,0,0,1,0,1,0,1,0,0,4,1,0,1,0,0,0,0,2,0,3,2,2,1,1,0,1,1,1,0
VexiiRiscv_53,400MHz,73789.6460,5.1750e+07,0.9660,1.1449e+07,-0.0798,2.3467e+07,0.6882,42430.1340,4.7371e+07,0.9980,1.0183e+07,0.0007,2.0843e+07,0.7026,41708.5690,3.2520e+09,-772.9521,4.5097e+08,-1437.5044,1.1568e+09,-911.3188,42025.9590,3.1132e+08,0.9156,1.8946e+08,0.0002,2.3860e+08,0.6354,42496.3730,5.1738e+07,1.0532,1.1446e+07,-0.0148,2.3460e+07,0.7655,0,1,0,1,1,0,0,0,0,0,1,0,1,0,1,0,0,4,1,0,1,0,0,0,0,2,0,3,2,2,1,1,0,1,1,1,0
VexiiRiscv_53,800MHz,74013.0960,8.4186e+07,0.3852,2.3505e+07,-0.0551,4.4342e+07,0.2508,43103.7510,7.5723e+07,0.4096,2.0951e+07,0.0000,3.9188e+07,0.2761,41829.7190,6.4812e+09,-774.1910,9.0193e+08,-1438.7808,2.3104e+09,-912.5417,42282.7460,6.0514e+08,0.4103,3.7572e+08,-0.0014,4.7479e+08,0.2713,43224.4230,8.4164e+07,0.4394,2.3499e+07,-0.0349,4.4330e+07,0.3047,0,1,0,1,1,0,0,0,0,0,1,0,1,0,1,0,0,4,1,0,1,0,0,0,0,2,0,3,2,2,1,1,0,1,1,1,0
VexiiRiscv_54,400MHz,32370.3000,3.1823e+07,0.9923,6.5013e+06,-0.0669,1.4467e+07,0.7037,18667.9200,2.8526e+07,1.0431,5.6844e+06,0.0007,1.2595e+07,0.7492,18391.3780,1.5805e+09,-768.6775,1.9172e+08,-1427.8438,5.4369e+08,-908.9815,18513.2540,2.9422e+08,1.1053,1.8631e+08,0.0007,2.3251e+08,0.8009,18686.5790,3.1814e+07,1.0998,6.4991e+06,-0.0145,1.4462e+07,0.8065,0,0,0,0,1,0,0,1,0,1,0,0,0,0,1,0,1,2,0,1,0,1,1,3,3,0,0,1,2,2,1,1,0,1,0,1,1
VexiiRiscv_54,800MHz,32559.7270,5.2283e+07,0.3665,1.3397e+07,-0.0595,2.7136e+07,0.2424,19017.6350,4.6171e+07,0.3890,1.1754e+07,-0.0002,2.3592e+07,0.2608,18501.2280,3.1485e+09,-769.9275,3.8343e+08,-1429.0938,1.0855e+09,-910.2315,18689.5330,5.7834e+08,0.4459,3.7025e+08,0.0000,4.6357e+08,0.3078,19047.5660,5.2265e+07,0.4393,1.3392e+07,-0.0209,2.7126e+07,0.3094,0,0,0,0,1,0,0,1,0,1,0,0,0,0,1,0,1,2,0,1,0,1,1,3,3,0,0,1,2,2,1,1,0,1,0,1,1
VexiiRiscv_54,100MHz,32370.7650,1.6116e+07,7.0628,1.6213e+06,3.7409,4.8161e+06,6.2581,18644.2400,1.5297e+07,7.1941,1.4181e+06,4.1111,4.3539e+06,6.4292,18384.1550,4.0459e+08,-761.1775,4.7933e+07,-1420.3438,1.3732e+08,-901.4815,18493.9100,8.1488e+07,7.5836,4.8376e+07,4.6933,5.9285e+07,6.8956,18647.5500,1.6113e+07,7.3125,1.6207e+06,4.0885,4.8144e+06,6.5337,0,0,0,0,1,0,0,1,0,1,0,0,0,0,1,0,1,2,0,1,0,1,1,3,3,0,0,1,2,2,1,1,0,1,0,1,1
VexiiRiscv_55,100MHz,98574.9610,2.6255e+07,7.0709,2.9132e+06,3.4569,7.3110e+06,6.2217,56443.6800,2.5621e+07,7.1869,2.6477e+06,3.8172,6.8381e+06,6.3425,55691.8690,7.9552e+08,-172.9016,1.1316e+08,-322.7832,2.8392e+08,-202.3134,56101.6670,9.2466e+07,7.0565,4.9818e+07,4.4868,6.1893e+07,6.2553,56572.2040,2.6247e+07,7.3351,2.9118e+06,3.8311,7.3078e+06,6.5078,0,0,0,0,0,1,1,1,0,1,1,0,1,1,0,0,0,0,1,1,1,0,0,4,2,0,1,5,1,0,5,0,0,0,0,1,1
VexiiRiscv_55,800MHz,98833.2120,7.2889e+07,0.3836,2.3482e+07,-0.0648,3.9101e+07,0.2651,57131.0590,6.8688e+07,0.4565,2.1394e+07,-0.0000,3.5707e+07,0.3223,55828.7500,6.1803e+09,-181.6080,9.0523e+08,-331.4499,2.2457e+09,-211.0099,56369.8620,6.1078e+08,0.4318,3.7887e+08,-0.0001,4.7829e+08,0.2961,57321.3610,7.2867e+07,0.5060,2.3476e+07,-0.0229,3.9091e+07,0.3720,0,0,0,0,0,1,1,1,0,1,1,0,1,1,0,0,0,0,1,1,1,0,0,4,2,0,1,5,1,0,5,0,0,0,0,1,1
VexiiRiscv_55,400MHz,98574.9610,4.5862e+07,0.9686,1.1616e+07,-0.0667,2.0725e+07,0.7027,56500.3840,4.3748e+07,1.0388,1.0574e+07,0.0004,1.9024e+07,0.7354,55691.8690,3.1031e+09,-180.4016,4.5262e+08,-330.2832,1.1247e+09,-209.8134,56136.4690,3.1459e+08,0.9870,1.9082e+08,0.0028,2.4033e+08,0.6870,56652.4370,4.5848e+07,1.1397,1.1613e+07,-0.0230,2.0719e+07,0.8418,0,0,0,0,0,1,1,1,0,1,1,0,1,1,0,0,0,0,1,1,1,0,0,4,2,0,1,5,1,0,5,0,0,0,0,1,1
VexiiRiscv_56,400MHz,56907.2950,3.4674e+07,1.1230,8.5456e+06,-0.0559,1.6073e+07,0.8306,32608.4420,3.2115e+07,1.1414,7.7344e+06,0.0002,1.4476e+07,0.8340,32201.0380,6.0392e+09,-772.9460,4.3252e+08,-1437.8208,1.7898e+09,-911.8817,32369.7120,3.0081e+08,1.0430,1.8833e+08,0.0001,2.3550e+08,0.7551,32623.2300,3.4665e+07,1.2611,8.5436e+06,-0.0142,1.6069e+07,0.9535,0,1,1,1,0,0,1,1,0,0,0,1,1,0,0,1,1,1,1,1,0,1,0,5,2,2,1,2,3,1,1,1,1,0,1,1,0
VexiiRiscv_56,100MHz,56907.2950,1.8531e+07,7.6019,2.1548e+06,4.6309,5.4574e+06,6.9240,32621.7110,1.7871e+07,7.7852,1.9500e+06,5.1005,5.0445e+06,7.1364,32195.9210,1.5228e+09,-765.4639,1.0813e+08,-1430.0916,4.4926e+08,-904.4081,32366.7020,8.4641e+07,7.7444,4.8865e+07,5.8028,6.0175e+07,7.1152,32657.2790,1.8527e+07,7.8761,2.1540e+06,5.0807,5.4554e+06,7.2368,0,1,1,1,0,0,1,1,0,0,0,1,1,0,0,1,1,1,1,1,0,1,0,5,2,2,1,2,3,1,1,1,1,0,1,1,0
VexiiRiscv_56,800MHz,57103.5490,5.3232e+07,0.3970,1.7494e+07,-0.0548,2.9189e+07,0.2805,32953.7660,4.9084e+07,0.4243,1.5905e+07,0.0000,2.6397e+07,0.2921,32294.1440,1.2061e+10,-774.2045,8.6503e+08,-1439.1257,3.5766e+09,-913.1628,32596.0200,5.8947e+08,0.4256,3.7430e+08,-0.0011,4.6935e+08,0.2945,32998.7180,5.3220e+07,0.4649,1.7490e+07,-0.0281,2.9182e+07,0.3262,0,1,1,1,0,0,1,1,0,0,0,1,1,0,0,1,1,1,1,1,0,1,0,5,2,2,1,2,3,1,1,1,1,0,1,1,0
VexiiRiscv_57,400MHz,37208.6690,1.4009e+07,0.9893,4.2322e+06,-0.0835,6.7799e+06,0.7089,21385.9440,1.3755e+07,1.0228,4.0161e+06,0.0014,6.4616e+06,0.7245,21096.2420,2.8632e+08,1.1513,1.8492e+08,0.1300,2.3003e+08,0.8114,21255.2310,2.8482e+08,0.8977,1.8598e+08,0.0002,2.3015e+08,0.6172,21468.4070,1.4005e+07,1.1213,4.2312e+06,-0.0073,6.7779e+06,0.8230,1,0,0,0,1,1,0,0,1,0,1,1,1,1,0,1,1,3,0,1,0,0,0,3,2,2,1,0,2,0,6,1,1,1,0,0,1
VexiiRiscv_57,800MHz,37230.6670,2.2544e+07,0.3824,8.6358e+06,-0.0586,1.2812e+07,0.2633,21643.8260,2.2036e+07,0.4351,8.2030e+06,0.0002,1.2203e+07,0.2957,21114.9980,5.6495e+08,0.3991,3.6983e+08,-0.2870,4.5902e+08,0.1843,21331.8400,5.6514e+08,0.4227,3.7077e+08,-0.0001,4.5978e+08,0.2833,21740.7760,2.2537e+07,0.4549,8.6340e+06,-0.0090,1.2809e+07,0.3112,1,0,0,0,1,1,0,0,1,0,1,1,1,1,0,1,1,3,0,1,0,0,0,3,2,2,1,0,2,0,6,1,1,1,0,0,1
VexiiRiscv_57,100MHz,37186.6730,7.0851e+06,6.3758,1.0635e+06,1.7055,2.1061e+06,5.2444,21366.5740,6.9881e+06,6.4123,1.0151e+06,1.9789,2.0290e+06,5.3011,21076.0380,7.7646e+07,8.0211,4.6233e+07,5.8029,5.8333e+07,7.4002,21222.0990,7.4768e+07,6.4768,4.7387e+07,2.7194,5.7960e+07,5.4041,21373.7690,7.0826e+06,6.6109,1.0631e+06,2.0652,2.1050e+06,5.5073,1,0,0,0,1,1,0,0,1,0,1,1,1,1,0,1,1,3,0,1,0,0,0,3,2,2,1,0,2,0,6,1,1,1,0,0,1
VexiiRiscv_58,800MHz,14623.7010,1.0419e+07,0.4359,4.3967e+06,-0.0418,6.2522e+06,0.2982,8562.1610,1.0410e+07,0.4451,4.2505e+06,0.0002,6.0798e+06,0.3031,8379.3140,5.6154e+08,0.3777,3.6737e+08,-0.2704,4.5609e+08,0.1670,8451.5860,5.5347e+08,0.4490,3.6789e+08,0.0001,4.5462e+08,0.3097,8598.5910,1.0416e+07,0.4755,4.3957e+06,-0.0210,6.2506e+06,0.3399,0,0,0,1,0,0,1,1,0,0,0,0,0,1,1,1,0,4,0,1,1,0,1,2,2,0,0,5,0,2,1,1,1,1,0,0,0
VexiiRiscv_58,400MHz,14483.2630,6.1327e+06,1.1097,2.1962e+06,-0.0586,3.2348e+06,0.7943,8404.8420,6.1818e+06,1.1800,2.1217e+06,0.0013,3.1564e+06,0.8497,8301.2430,2.8219e+08,1.2465,1.8368e+08,-0.0356,2.2823e+08,0.8831,8350.5600,2.7762e+08,1.1377,1.8443e+08,0.0006,2.2742e+08,0.8150,8429.6160,6.1308e+06,1.2183,2.1956e+06,-0.0186,3.2338e+06,0.9099,0,0,0,1,0,0,1,1,0,0,0,0,0,1,1,1,0,4,0,1,1,0,1,2,2,0,0,5,0,2,1,1,1,1,0,0,0
VexiiRiscv_58,100MHz,14425.5600,2.8528e+06,7.6704,5.5649e+05,4.8172,9.7058e+05,6.9815,8398.3990,2.8214e+06,7.7663,5.4024e+05,5.1204,9.4510e+05,7.0978,8295.7850,7.2782e+07,8.7374,4.5922e+07,7.4613,5.7357e+07,8.3755,8330.6830,7.0637e+07,7.7781,4.6826e+07,5.6326,5.6995e+07,7.1136,8401.6270,2.8513e+06,7.8310,5.5616e+05,5.0400,9.6986e+05,7.1514,0,0,0,1,0,0,1,1,0,0,0,0,0,1,1,1,0,4,0,1,1,0,1,2,2,0,0,5,0,2,1,1,1,1,0,0,0
VexiiRiscv_59,400MHz,43571.7570,3.4524e+07,0.8813,7.5212e+06,-0.0867,1.5693e+07,0.6292,25396.1130,3.1431e+07,0.8891,6.6348e+06,0.0002,1.3849e+07,0.6121,24732.9060,3.0056e+08,-768.8871,1.8490e+08,-1429.2362,2.3388e+08,-909.0388,24973.3190,2.9638e+08,0.9070,1.8656e+08,-0.0000,2.3306e+08,0.6124,25385.0730,3.4516e+07,1.0090,7.5191e+06,-0.0205,1.5689e+07,0.7615,0,1,1,1,1,1,1,0,1,1,1,0,0,0,1,1,0,4,0,0,0,1,1,1,3,1,1,5,3,0,6,1,0,1,0,1,0
VexiiRiscv_59,800MHz,43815.0700,5.9947e+07,0.3058,1.5103e+07,-0.0988,3.0784e+07,0.1813,25786.5260,5.3266e+07,0.3285,1.3304e+07,-0.0397,2.6908e+07,0.2031,24892.7020,5.8697e+08,-770.1573,3.6979e+08,-1430.6707,4.6571e+08,-910.2340,25174.3730,5.8141e+08,0.3983,3.7071e+08,-0.0054,4.6455e+08,0.2551,25863.1070,5.9930e+07,0.3709,1.5098e+07,-0.0565,3.0775e+07,0.2321,0,1,1,1,1,1,1,0,1,1,1,0,0,0,1,1,0,4,0,0,0,1,1,1,3,1,1,5,3,0,6,1,0,1,0,1,0
VexiiRiscv_59,100MHz,43571.7570,1.8509e+07,6.3075,1.8245e+06,1.8005,5.5207e+06,5.2632,25360.2030,1.7548e+07,6.6066,1.6010e+06,2.4865,4.9935e+06,5.5883,24732.9060,8.5944e+07,-761.3871,4.6228e+07,-1421.7362,6.0040e+07,-901.5388,24903.8520,8.2747e+07,6.7935,4.8481e+07,3.4917,5.9503e+07,5.8422,25381.6940,1.8505e+07,6.6972,1.8239e+06,2.3947,5.5190e+06,5.6632,0,1,1,1,1,1,1,0,1,1,1,0,0,0,1,1,0,4,0,0,0,1,1,1,3,1,1,5,3,0,6,1,0,1,0,1,0
VexiiRiscv_6,100MHz,140581.1250,3.4929e+07,6.8413,3.2077e+06,3.4028,8.9885e+06,6.0524,81399.8170,3.4036e+07,6.9267,2.9712e+06,3.8871,8.4630e+06,6.1595,79298.6370,2.9851e+09,-765.4969,9.9474e+07,-1431.8140,7.7970e+08,-903.9777,80057.2200,9.5000e+07,7.2811,4.9949e+07,5.2406,6.2386e+07,6.6173,81447.9290,3.4916e+07,6.9609,3.2058e+06,3.6268,8.9834e+06,6.1714,0,0,0,0,1,0,1,1,1,1,1,0,0,1,0,0,1,0,1,1,1,0,0,6,1,3,1,5,1,1,5,0,0,1,1,1,1
VexiiRiscv_6,800MHz,140623.8610,9.0178e+07,0.2987,2.6150e+07,-0.0904,4.5028e+07,0.1768,82474.9150,8.7327e+07,0.1979,2.4246e+07,-0.1827,4.2016e+07,0.0735,79318.3910,2.3666e+10,-774.2528,7.9572e+08,-1441.4141,6.2086e+09,-912.7834,80190.8610,6.1749e+08,0.3568,3.8169e+08,-0.0002,4.8168e+08,0.2340,82651.1810,9.0143e+07,0.3344,2.6143e+07,-0.0590,4.5013e+07,0.2108,0,0,0,0,1,0,1,1,1,1,1,0,0,1,0,0,1,0,1,1,1,0,0,6,1,3,1,5,1,1,5,0,0,1,1,1,1
VexiiRiscv_6,400MHz,140581.1250,6.1522e+07,1.0081,1.2795e+07,-0.0974,2.5610e+07,0.7326,81394.4540,5.9039e+07,1.0409,1.1818e+07,0.0002,2.3705e+07,0.7643,79298.6370,1.1850e+10,-772.9969,3.9786e+08,-1439.3140,3.1067e+09,-911.4777,79995.2230,3.1835e+08,1.0372,1.9211e+08,-0.0017,2.4198e+08,0.7637,81524.6330,6.1500e+07,1.0736,1.2791e+07,-0.0472,2.5601e+07,0.7654,0,0,0,0,1,0,1,1,1,1,1,0,0,1,0,0,1,0,1,1,1,0,0,6,1,3,1,5,1,1,5,0,0,1,1,1,1
VexiiRiscv_60,400MHz,,,,,,,,281607.9030,2.8409e+08,-1.0111,5.8263e+07,-1.2552,1.1260e+08,-1.2829,202154.2300,2.1803e+10,-759.9553,1.2390e+09,-1414.4464,6.1862e+09,-896.1317,203933.1500,3.5641e+08,0.8538,2.0158e+08,-0.0004,2.5677e+08,0.5981,,,,,,,,1,1,0,0,0,0,0,1,0,0,1,0,1,1,1,1,1,0,0,0,1,0,1,6,3,2,0,5,2,0,0,1,1,1,1,1,1
VexiiRiscv_60,800MHz,,,,,,,,,,,,,,,202451.7970,4.3528e+10,-761.2053,2.4780e+09,-1415.6964,1.2361e+10,-897.3817,205050.8740,6.8147e+08,0.3002,4.0185e+08,-0.0007,5.1104e+08,0.1938,,,,,,,,1,1,0,0,0,0,0,1,0,0,1,0,1,1,1,1,1,0,0,0,1,0,1,6,3,2,0,5,2,0,0,1,1,1,1,1,1
VexiiRiscv_60,100MHz,,,,,,,,211832.7070,9.6302e+07,4.4861,5.9453e+06,0.0356,2.1827e+07,3.3005,201968.1820,5.4934e+09,-752.4553,3.0977e+08,-1406.9464,1.5516e+09,-888.6317,203971.9470,1.1599e+08,6.7386,5.1770e+07,3.8532,6.6974e+07,6.0655,,,,,,,,1,1,0,0,0,0,0,1,0,0,1,0,1,1,1,1,1,0,0,0,1,0,1,6,3,2,0,5,2,0,0,1,1,1,1,1,1
VexiiRiscv_61,800MHz,47055.3690,5.9714e+07,0.3082,1.4820e+07,-0.1146,3.0692e+07,0.1857,27510.6440,5.2682e+07,0.3763,1.2995e+07,-0.0201,2.6668e+07,0.2498,26695.9310,8.5071e+08,-198.8029,3.7478e+08,-371.0475,5.3329e+08,-235.9692,26964.8260,5.8228e+08,0.4044,3.7067e+08,-0.0010,4.6479e+08,0.2671,27579.2490,5.9698e+07,0.4018,1.4816e+07,-0.0541,3.0683e+07,0.2635,0,0,0,1,1,1,0,1,1,1,1,0,1,0,0,0,1,4,1,1,1,1,0,1,1,1,0,0,1,2,2,0,0,1,0,0,1
VexiiRiscv_61,100MHz,47030.6370,1.9074e+07,6.7645,1.8090e+06,2.6440,5.6200e+06,5.8022,27206.2370,1.8039e+07,6.7922,1.5769e+06,2.8104,5.0587e+06,5.8077,26669.3520,1.1509e+08,-172.3235,4.6877e+07,-321.9199,6.7418e+07,-202.3911,26831.5280,8.3487e+07,6.9098,4.8536e+07,4.0069,5.9610e+07,6.0174,27217.2220,1.9069e+07,7.0068,1.8082e+06,2.9728,5.6180e+06,6.0411,0,0,0,1,1,1,0,1,1,1,1,0,1,0,0,0,1,4,1,1,1,1,0,1,1,1,0,0,1,2,2,0,0,1,0,0,1
VexiiRiscv_61,400MHz,47030.6370,3.4737e+07,1.0045,7.2887e+06,-0.0750,1.5621e+07,0.7067,27178.3440,3.1462e+07,1.0352,6.3867e+06,0.0006,1.3708e+07,0.7149,26669.3520,4.1251e+08,-179.8235,1.8749e+08,-329.4199,2.6270e+08,-209.8911,26837.9030,2.9726e+08,0.9226,1.8658e+08,0.0019,2.3325e+08,0.6372,27189.2060,3.4728e+07,1.1087,7.2864e+06,-0.0052,1.5616e+07,0.8211,0,0,0,1,1,1,0,1,1,1,1,0,1,0,0,0,1,4,1,1,1,1,0,1,1,1,0,0,1,2,2,0,0,1,0,0,1
VexiiRiscv_62,100MHz,71708.5350,2.0936e+07,7.7758,2.1862e+06,5.2731,5.8878e+06,7.2188,41017.6740,2.0218e+07,8.0402,1.9665e+06,5.7214,5.4376e+06,7.4859,40553.2930,7.8877e+08,-172.8272,1.1276e+08,-322.6583,2.8254e+08,-202.2279,40863.2820,8.6964e+07,7.9572,4.9032e+07,6.1295,6.0539e+07,7.4321,41063.3110,2.0930e+07,8.1490,2.1853e+06,5.7641,5.8854e+06,7.6091,0,0,0,0,0,0,1,1,1,0,1,0,0,1,0,0,1,4,0,1,1,0,0,2,1,1,1,4,2,0,5,1,1,0,1,0,0
VexiiRiscv_62,400MHz,71708.5350,3.8869e+07,1.1583,8.7442e+06,-0.0615,1.7397e+07,0.8735,41106.3340,3.6062e+07,1.1915,7.8644e+06,0.0007,1.5608e+07,0.8916,40553.2930,3.0955e+09,-180.3272,4.5100e+08,-330.1583,1.1218e+09,-209.7279,40827.1120,3.0389e+08,1.0844,1.8854e+08,0.0004,2.3625e+08,0.7994,41147.2240,3.8858e+07,1.3070,8.7419e+06,0.0387,1.7392e+07,1.0071,0,0,0,0,0,0,1,1,1,0,1,0,0,1,0,0,1,4,0,1,1,0,0,2,1,1,1,4,2,0,5,1,1,0,1,0,0
VexiiRiscv_62,800MHz,71708.5350,5.5140e+07,0.4480,1.7570e+07,-0.0516,2.9543e+07,0.3136,41453.4780,5.0877e+07,0.4889,1.5858e+07,0.0000,2.6591e+07,0.3373,40569.3810,6.1711e+09,-181.5767,9.0199e+08,-331.4084,2.2407e+09,-210.9771,40940.7930,5.9377e+08,0.4487,3.7458e+08,0.0001,4.7066e+08,0.3167,41533.1640,5.5124e+07,0.5016,1.7566e+07,-0.0067,2.9534e+07,0.3594,0,0,0,0,0,0,1,1,1,0,1,0,0,1,0,0,1,4,0,1,1,0,0,2,1,1,1,4,2,0,5,1,1,0,1,0,0
VexiiRiscv_63,400MHz,5959.9110,4.1038e+06,1.2199,2.0369e+06,-0.0744,2.6824e+06,0.8833,3454.5420,4.0875e+06,1.2210,2.0195e+06,0.0009,2.6603e+06,0.8891,3457.2650,2.7598e+08,1.1761,1.8372e+08,-0.1452,2.2687e+08,0.8011,3428.1260,2.7539e+08,1.1751,1.8421e+08,0.0005,2.2681e+08,0.8461,3457.6890,4.1026e+06,1.2440,2.0364e+06,-0.0257,2.6817e+06,0.9059,0,1,1,0,0,0,0,0,0,1,0,0,0,1,1,1,0,2,0,1,1,1,1,5,0,3,0,3,0,0,2,0,0,1,0,0,1
VexiiRiscv_63,800MHz,6105.3020,7.9437e+06,0.4972,4.1500e+06,-0.0432,5.4450e+06,0.3503,3615.8570,7.8939e+06,0.5032,4.1125e+06,0.0000,5.3941e+06,0.3478,3539.6590,5.5076e+08,0.3553,3.6742e+08,-0.3040,4.5356e+08,0.1489,3547.2790,5.5054e+08,0.4560,3.6761e+08,0.0001,4.5363e+08,0.3071,3630.2070,7.9419e+06,0.5389,4.1492e+06,-0.0187,5.4438e+06,0.3854,0,1,1,0,0,0,0,0,0,1,0,0,0,1,1,1,0,2,0,1,1,1,1,5,0,3,0,3,0,0,2,0,0,1,0,0,1
VexiiRiscv_63,100MHz,5959.9110,1.4869e+06,7.9133,5.0001e+05,5.3245,7.1915e+05,7.2719,3449.9050,1.4857e+06,7.9843,4.9499e+05,5.6025,7.1384e+05,7.3774,3457.2650,6.9834e+07,8.6764,4.5930e+07,7.3627,5.6828e+07,8.3034,3425.7190,6.9219e+07,8.0991,4.6687e+07,5.7201,5.6742e+07,7.5387,3452.4490,1.4863e+06,8.0756,4.9987e+05,5.5983,7.1889e+05,7.4680,0,1,1,0,0,0,0,0,0,1,0,0,0,1,1,1,0,2,0,1,1,1,1,5,0,3,0,3,0,0,2,0,0,1,0,0,1
VexiiRiscv_64,100MHz,13378.7390,3.3165e+06,7.7153,7.8702e+05,4.7640,1.2916e+06,7.0072,7727.7090,3.2772e+06,7.8160,7.6597e+05,5.0853,1.2594e+06,7.1171,7687.7640,7.1941e+07,8.7877,4.6116e+07,7.4982,5.7348e+07,8.4236,7667.5040,7.0955e+07,7.8419,4.6986e+07,5.6730,5.7214e+07,7.2077,7734.1520,3.3155e+06,7.9062,7.8679e+05,5.0273,1.2911e+06,7.2062,0,1,1,1,1,0,1,0,0,1,0,1,1,1,1,0,0,2,0,1,1,1,0,1,1,0,1,2,0,0,4,1,0,0,0,0,1
VexiiRiscv_64,800MHz,13513.7060,1.4173e+07,0.4847,6.2746e+06,-0.0416,8.8289e+06,0.3349,7908.0800,1.3855e+07,0.4774,6.1096e+06,-0.0000,8.5715e+06,0.3250,7777.7640,5.5654e+08,0.4588,3.6890e+08,-0.1975,4.5623e+08,0.2544,7796.7930,5.5605e+08,0.4337,3.6919e+08,0.0000,4.5629e+08,0.2997,7935.5350,1.4170e+07,0.5156,6.2736e+06,-0.0174,8.8271e+06,0.3640,0,1,1,1,1,0,1,0,0,1,0,1,1,1,1,0,0,2,0,1,1,1,0,1,1,0,1,2,0,0,4,1,0,0,0,0,1
VexiiRiscv_64,400MHz,13378.7390,7.9263e+06,1.1318,3.1418e+06,-0.0667,4.5296e+06,0.8096,7805.5210,7.7906e+06,1.1699,3.0604e+06,0.0006,4.4041e+06,0.8460,7686.9840,2.7967e+08,1.2911,1.8446e+08,0.0127,2.2831e+08,0.9283,7677.7910,2.7886e+08,1.1109,1.8508e+08,0.0006,2.2825e+08,0.7848,7805.7400,7.9244e+06,1.1814,3.1412e+06,-0.0114,4.5285e+06,0.8604,0,1,1,1,1,0,1,0,0,1,0,1,1,1,1,0,0,2,0,1,1,1,0,1,1,0,1,2,0,0,4,1,0,0,0,0,1
VexiiRiscv_65,400MHz,67208.7460,1.5908e+07,0.9303,4.4939e+06,-0.0895,7.0884e+06,0.6361,38749.5580,1.5948e+07,0.9192,4.4084e+06,0.0002,6.9931e+06,0.6348,38076.3650,5.7730e+08,-265.1524,3.6796e+08,-412.9008,4.5936e+08,-313.0794,38337.2420,5.5668e+08,0.8389,3.6891e+08,-0.0001,4.5490e+08,0.5503,38788.3130,1.5899e+07,0.9808,4.4921e+06,-0.0357,7.0844e+06,0.6882,1,0,0,1,0,1,0,0,0,1,1,0,0,0,0,0,0,3,0,0,1,0,1,2,3,2,1,6,1,2,2,0,0,1,0,1,1
VexiiRiscv_65,100MHz,67238.2950,8.3666e+06,5.6601,1.1200e+06,0.3596,2.2411e+06,4.4116,38533.4410,8.3609e+06,5.9471,1.0990e+06,1.0123,2.2140e+06,4.7165,38115.1890,1.5083e+08,-276.5979,9.1992e+07,-432.0985,1.1562e+08,-335.2000,38272.5360,1.4292e+08,5.7409,9.3570e+07,1.3158,1.1409e+08,4.4877,38565.6850,8.3620e+06,6.1121,1.1193e+06,0.9367,2.2392e+06,4.8817,1,0,0,1,0,1,0,0,0,1,1,0,0,0,0,0,0,3,0,0,1,0,1,2,3,2,1,6,1,2,2,0,0,1,0,1,1
VexiiRiscv_65,800MHz,67694.9320,2.5344e+07,0.3567,9.3389e+06,-0.0581,1.3502e+07,0.2300,39337.9200,2.5285e+07,0.3605,9.1632e+06,-0.0001,1.3289e+07,0.2363,38333.6720,1.1461e+09,-265.8005,7.3591e+08,-413.0396,9.1772e+08,-313.5855,38649.8570,1.1086e+09,0.3936,7.3606e+08,-0.0000,9.0938e+08,0.2674,39410.1100,2.5333e+07,0.4025,9.3363e+06,-0.0232,1.3497e+07,0.2749,1,0,0,1,0,1,0,0,0,1,1,0,0,0,0,0,0,3,0,0,1,0,1,2,3,2,1,6,1,2,2,0,0,1,0,1,1
VexiiRiscv_66,400MHz,40478.8190,3.7284e+07,0.9459,9.1405e+06,-0.1123,1.7799e+07,0.6539,23477.0150,3.4283e+07,0.9363,8.2718e+06,0.0003,1.5987e+07,0.6402,22955.7240,3.0240e+08,-180.3558,1.8619e+08,-331.0868,2.3533e+08,-211.4245,23074.1800,2.9786e+08,0.8541,1.8776e+08,0.0001,2.3446e+08,0.5532,23476.7960,3.7276e+07,1.0545,9.1385e+06,-0.0404,1.7794e+07,0.7436,1,1,0,0,0,0,0,0,0,1,1,0,1,0,0,1,0,2,1,1,1,1,1,1,1,0,0,3,0,2,6,1,1,1,0,1,0
VexiiRiscv_66,800MHz,40999.5620,6.4108e+07,0.3179,1.8366e+07,-0.1161,3.4053e+07,0.1985,24196.4180,5.8253e+07,0.3932,1.6629e+07,-0.0002,3.0519e+07,0.2639,23295.6860,5.9096e+08,-180.7939,3.7239e+08,-330.6426,4.6868e+08,-211.0432,23536.7550,5.8518e+08,0.4041,3.7322e+08,-0.0017,4.6746e+08,0.2709,24238.1550,6.4094e+07,0.4037,1.8362e+07,-0.0540,3.4046e+07,0.2743,1,1,0,0,0,0,0,0,0,1,1,0,1,0,0,1,0,2,1,1,1,1,1,1,1,0,0,3,0,2,6,1,1,1,0,1,0
VexiiRiscv_66,100MHz,40432.9640,1.8755e+07,5.6523,2.2839e+06,-0.1237,6.0282e+06,4.3131,23319.1470,1.7812e+07,5.6671,2.0601e+06,0.1354,5.5069e+06,4.3337,22902.2760,8.6197e+07,-172.0437,4.6553e+07,-321.8913,6.0385e+07,-202.2914,22958.6510,8.2708e+07,5.9217,4.8694e+07,1.5617,5.9800e+07,4.6937,23333.7840,1.8752e+07,5.8941,2.2832e+06,0.2819,6.0263e+06,4.5884,1,1,0,0,0,0,0,0,0,1,1,0,1,0,0,1,0,2,1,1,1,1,1,1,1,0,0,3,0,2,6,1,1,1,0,1,0
VexiiRiscv_67,800MHz,12631.6200,1.1880e+07,0.4364,5.7524e+06,-0.0545,7.7154e+06,0.2927,7467.9670,1.1699e+07,0.4434,5.6851e+06,0.0001,7.6036e+06,0.3052,7280.4280,5.5458e+08,0.4905,3.6869e+08,-0.1230,4.5542e+08,0.2990,7329.0880,5.5415e+08,0.4175,3.6890e+08,-0.0013,4.5549e+08,0.2801,7530.2660,1.1877e+07,0.4716,5.7515e+06,-0.0308,7.7140e+06,0.3213,1,0,1,1,0,0,1,0,1,1,0,0,0,1,0,1,0,2,1,1,0,1,1,4,3,0,0,5,1,2,6,0,1,0,1,1,1
VexiiRiscv_67,400MHz,12526.6400,6.3373e+06,1.0740,2.8204e+06,-0.0898,3.8391e+06,0.7634,7274.9560,6.3071e+06,1.0554,2.7901e+06,0.0008,3.8009e+06,0.7468,7227.1990,2.7835e+08,1.2480,1.8434e+08,0.2760,2.2784e+08,0.9341,7219.1140,2.7738e+08,0.9077,1.8485e+08,-0.0001,2.2774e+08,0.6073,7276.9670,6.3356e+06,1.1549,2.8199e+06,-0.0218,3.8382e+06,0.8410,1,0,1,1,0,0,1,0,1,1,0,0,0,1,0,1,0,2,1,1,0,1,1,4,3,0,0,5,1,2,6,0,1,0,1,1,1
VexiiRiscv_67,100MHz,12501.1390,2.4717e+06,6.5637,7.0157e+05,2.1345,1.0539e+06,5.4926,7212.7390,2.4647e+06,6.7130,6.9340e+05,2.6431,1.0435e+06,5.6864,7195.2010,7.1300e+07,7.9039,4.6087e+07,5.6226,5.7185e+07,7.2659,7186.2410,7.0123e+07,6.7504,4.6849e+07,2.9102,5.7018e+07,5.7529,7221.1930,2.4709e+06,6.8085,7.0139e+05,2.5260,1.0535e+06,5.7629,1,0,1,1,0,0,1,0,1,1,0,0,0,1,0,1,0,2,1,1,0,1,1,4,3,0,0,5,1,2,6,0,1,0,1,1,1
VexiiRiscv_68,800MHz,93502.9370,4.1447e+07,0.3716,1.4842e+07,-0.0635,2.2250e+07,0.2501,54322.4730,4.2072e+07,0.4179,1.4189e+07,-0.0000,2.1632e+07,0.2856,52854.4450,5.8293e+08,0.4485,3.7370e+08,-0.1472,4.6586e+08,0.2834,53515.6540,5.8520e+08,0.3740,3.7624e+08,-0.0000,4.6866e+08,0.2369,54655.9370,4.1431e+07,0.4683,1.4838e+07,-0.0237,2.2242e+07,0.3419,0,0,1,1,1,0,0,0,1,0,0,1,0,1,1,1,0,0,1,1,1,0,1,5,2,3,1,4,0,1,0,0,0,0,0,0,1
VexiiRiscv_68,400MHz,93468.0800,2.7767e+07,0.8186,7.3057e+06,-0.0950,1.2174e+07,0.5572,53782.6870,2.7667e+07,0.9387,6.9557e+06,0.0000,1.1735e+07,0.6569,52821.8590,3.0066e+08,0.9346,1.8685e+08,-0.5189,2.3415e+08,0.5315,53320.1660,2.9749e+08,0.8856,1.8873e+08,-0.0001,2.3482e+08,0.6057,54204.4140,2.7755e+07,0.9759,7.3034e+06,-0.0198,1.2169e+07,0.7055,0,0,1,1,1,0,0,0,1,0,0,1,0,1,1,1,0,0,1,1,1,0,1,5,2,3,1,4,0,1,0,0,0,0,0,0,1
VexiiRiscv_68,100MHz,93468.0800,1.6711e+07,6.8187,1.8232e+06,3.1170,4.2604e+06,5.9534,53971.1840,1.6528e+07,6.9789,1.7542e+06,3.4574,4.1319e+06,6.0992,52822.0370,8.9226e+07,8.4396,4.6719e+07,6.9863,6.0407e+07,8.0368,53285.2410,8.1690e+07,7.0074,4.8125e+07,4.2213,5.9477e+07,6.2069,54024.6180,1.6704e+07,7.1239,1.8220e+06,3.5119,4.2575e+06,6.2530,0,0,1,1,1,0,0,0,1,0,0,1,0,1,1,1,0,0,1,1,1,0,1,5,2,3,1,4,0,1,0,0,0,0,0,0,1
VexiiRiscv_69,800MHz,211338.3250,9.2471e+07,0.3332,2.9521e+07,-0.0827,4.7583e+07,0.2260,121953.3420,9.1057e+07,0.3678,2.7478e+07,-0.0001,4.4840e+07,0.2466,118983.2910,6.3389e+08,-182.0984,3.8076e+08,-335.0307,4.8382e+08,-213.7424,120330.7840,6.3528e+08,0.3760,3.8596e+08,-0.0011,4.8864e+08,0.2544,122712.6640,9.2439e+07,0.4388,2.9515e+07,-0.0326,4.7569e+07,0.3057,1,0,1,1,0,0,1,1,1,0,0,0,0,0,0,1,1,2,1,0,0,0,1,6,2,1,1,0,3,1,3,1,1,0,1,0,1
VexiiRiscv_69,100MHz,211012.9880,3.5576e+07,6.4357,3.6825e+06,2.1151,9.0760e+06,5.4351,120311.4420,3.5280e+07,6.6931,3.4254e+06,2.6810,8.6737e+06,5.7473,118843.9060,1.1723e+08,-173.3421,4.7609e+07,-326.2831,6.5557e+07,-204.9876,119832.4500,1.0166e+08,6.6196,5.0424e+07,3.7222,6.3637e+07,5.8308,120796.0970,3.5562e+07,6.8115,3.6801e+06,2.6539,9.0698e+06,5.8381,1,0,1,1,0,0,1,1,1,0,0,0,0,0,0,1,1,2,1,0,0,0,1,6,2,1,1,0,3,1,3,1,1,0,1,0,1
VexiiRiscv_69,400MHz,211012.9880,5.8609e+07,0.7913,1.4687e+07,-0.0691,2.4925e+07,0.5439,120518.2420,5.8118e+07,1.0592,1.3694e+07,0.0000,2.3654e+07,0.7589,118869.5700,3.3857e+08,-180.8506,1.9039e+08,-333.7903,2.4480e+08,-212.4945,119796.0480,3.2897e+08,0.9404,1.9410e+08,-0.0015,2.4542e+08,0.6815,121053.8960,5.8583e+07,1.1569,1.4682e+07,-0.0285,2.4914e+07,0.8971,1,0,1,1,0,0,1,1,1,0,0,0,0,0,0,1,1,2,1,0,0,0,1,6,2,1,1,0,3,1,3,1,1,0,1,0,1
VexiiRiscv_7,100MHz,29050.9850,9.7917e+06,8.1632,1.2525e+06,5.8249,2.9463e+06,7.5977,16800.6000,9.4954e+06,8.1264,1.1492e+06,5.9147,2.7527e+06,7.5640,16558.2590,4.7975e+08,-172.7807,1.1435e+08,-322.5661,2.1256e+08,-202.1790,16652.1310,7.6903e+07,8.0676,4.7756e+07,6.2326,5.8428e+07,7.5256,16813.7460,9.7895e+06,8.2359,1.2520e+06,5.9267,2.9452e+06,7.6710,0,1,1,0,1,1,1,1,1,0,0,1,1,1,1,1,1,3,1,1,1,1,0,2,0,2,0,3,2,0,4,0,0,1,0,0,1
VexiiRiscv_7,800MHz,29070.4100,2.8977e+07,0.4704,1.0101e+07,-0.0422,1.6335e+07,0.3434,16872.5010,2.6885e+07,0.5209,9.2878e+06,0.0001,1.4912e+07,0.3677,16577.2050,3.7765e+09,-181.5470,9.1473e+08,-331.3580,1.6918e+09,-210.9577,16702.5140,5.6955e+08,0.4700,3.7061e+08,0.0004,4.6118e+08,0.3288,16901.4210,2.8970e+07,0.5560,1.0099e+07,-0.0221,1.6331e+07,0.4080,0,1,1,0,1,1,1,1,1,0,0,1,1,1,1,1,1,3,1,1,1,1,0,2,0,2,0,3,2,0,4,0,0,1,0,0,1
VexiiRiscv_7,400MHz,29050.9850,2.0456e+07,1.2654,5.0364e+06,-0.0487,9.7083e+06,0.9402,16758.6020,1.8982e+07,1.2494,4.6189e+06,0.0019,8.8096e+06,0.9109,16556.2070,1.8926e+09,-180.2971,4.5737e+08,-330.1083,8.4654e+08,-209.7079,16650.7220,2.8792e+08,1.1908,1.8612e+08,0.0000,2.3102e+08,0.8577,16778.0000,2.0451e+07,1.3055,5.0353e+06,-0.0109,9.7057e+06,0.9650,0,1,1,0,1,1,1,1,1,0,0,1,1,1,1,1,1,3,1,1,1,1,0,2,0,2,0,3,2,0,4,0,0,1,0,0,1
VexiiRiscv_70,100MHz,96167.2810,2.9482e+07,5.4104,3.4614e+06,-0.1378,8.9029e+06,4.0746,55544.2060,2.8293e+07,5.4154,3.1640e+06,0.0895,8.2210e+06,4.1025,54369.1760,1.0034e+08,-172.0358,4.7329e+07,-321.8561,6.3308e+07,-202.2778,54680.8070,9.3287e+07,5.7449,5.0154e+07,1.3807,6.2323e+07,4.5701,55577.6680,2.9474e+07,5.6769,3.4600e+06,0.3003,8.8995e+06,4.3814,1,1,1,1,0,1,0,0,0,0,1,0,1,0,0,1,0,1,1,0,1,0,0,5,1,0,0,1,3,0,5,1,0,1,0,1,0
VexiiRiscv_70,800MHz,96784.1400,9.2715e+07,0.3596,2.8427e+07,-0.1347,4.9622e+07,0.2232,56653.1760,8.5877e+07,0.4085,2.6034e+07,-0.0286,4.5121e+07,0.2698,54720.3150,6.2028e+08,-180.6878,3.7857e+08,-330.0254,4.8086e+08,-210.8307,55404.6290,6.1641e+08,0.3767,3.8093e+08,-0.0148,4.8130e+08,0.2463,57106.8590,9.2694e+07,0.4436,2.8421e+07,-0.0752,4.9611e+07,0.2956,1,1,1,1,0,1,0,0,0,0,1,0,1,0,0,1,0,1,1,0,1,0,0,5,1,0,0,1,3,0,5,1,0,1,0,1,0
VexiiRiscv_70,400MHz,96422.3580,6.1012e+07,0.8767,1.4114e+07,-0.0790,2.8284e+07,0.5901,55480.6630,5.6717e+07,0.9252,1.2891e+07,0.0002,2.5609e+07,0.6276,54466.1680,3.2304e+08,-179.4593,1.8929e+08,-328.7994,2.4224e+08,-209.6139,54889.4540,3.1712e+08,0.8196,1.9189e+08,-0.0003,2.4179e+08,0.5417,55637.9140,6.0996e+07,0.9934,1.4110e+07,-0.0408,2.8276e+07,0.7064,1,1,1,1,0,1,0,0,0,0,1,0,1,0,0,1,0,1,1,0,1,0,0,5,1,0,0,1,3,0,5,1,0,1,0,1,0
VexiiRiscv_71,800MHz,89088.8110,5.8113e+07,0.3937,1.8165e+07,-0.0459,3.0730e+07,0.2675,51335.6090,5.3977e+07,0.4062,1.6510e+07,-0.0000,2.7847e+07,0.2816,50233.5210,2.4076e+10,-774.2079,1.3595e+09,-1439.1791,6.8052e+09,-912.4268,50737.7110,5.9489e+08,0.4032,3.7510e+08,-0.0002,4.7113e+08,0.2710,51419.1120,5.8097e+07,0.4477,1.8161e+07,-0.0085,3.0722e+07,0.3209,1,0,0,1,1,0,0,1,1,1,1,1,1,0,0,1,1,0,0,1,1,0,0,1,1,1,0,5,1,2,5,0,1,0,1,0,1
VexiiRiscv_71,100MHz,88911.6000,2.1525e+07,7.4420,2.2422e+06,4.4957,5.8535e+06,6.7796,50865.7010,2.0918e+07,7.5879,2.0327e+06,4.7589,5.4544e+06,6.9299,50193.2600,3.0278e+09,-765.4971,1.6993e+08,-1430.6362,8.5318e+08,-903.9183,50546.0680,8.7368e+07,7.5532,4.9013e+07,5.3913,6.0591e+07,6.9246,50911.5290,2.1519e+07,7.7725,2.2410e+06,4.9870,5.8506e+06,7.1228,1,0,0,1,1,0,0,1,1,1,1,1,1,0,0,1,1,0,0,1,1,0,0,1,1,1,0,5,1,2,5,0,1,0,1,0,1
VexiiRiscv_71,400MHz,88911.6000,4.0175e+07,1.0976,8.9668e+06,-0.0743,1.7770e+07,0.7902,50832.6220,3.7409e+07,1.1259,8.1222e+06,0.0001,1.6037e+07,0.8243,50201.7420,1.2048e+10,-773.0221,6.7974e+08,-1437.9277,3.4041e+09,-911.4337,50591.0060,3.0454e+08,1.0239,1.8875e+08,0.0004,2.3647e+08,0.7417,50875.2770,4.0163e+07,1.2008,8.9641e+06,-0.0080,1.7765e+07,0.8903,1,0,0,1,1,0,0,1,1,1,1,1,1,0,0,1,1,0,0,1,1,0,0,1,1,1,0,5,1,2,5,0,1,0,1,0,1
VexiiRiscv_72,800MHz,68918.0620,2.6883e+07,0.3354,8.7678e+06,-0.0630,1.3869e+07,0.2175,39815.9690,2.5606e+07,0.3712,8.2211e+06,-0.0062,1.2945e+07,0.2480,39015.8940,5.7522e+08,-198.7833,3.7039e+08,-372.5031,4.6171e+08,-235.9084,39332.3120,5.6813e+08,0.3581,3.7025e+08,-0.0001,4.5992e+08,0.2303,39846.2150,2.6875e+07,0.3862,8.7655e+06,-0.0253,1.3864e+07,0.2651,1,0,0,1,1,0,1,0,1,0,1,0,0,0,0,1,0,4,0,0,0,0,0,2,1,1,1,4,0,1,6,1,1,0,1,1,1
VexiiRiscv_72,400MHz,68918.0620,1.8086e+07,0.9518,4.2713e+06,-0.0802,7.6504e+06,0.6488,39508.8390,1.7384e+07,0.9213,3.9922e+06,0.0001,7.1409e+06,0.6448,39014.5400,2.9344e+08,-198.0374,1.8520e+08,-372.1199,2.3161e+08,-235.2825,39281.7100,2.8761e+08,0.8268,1.8580e+08,0.0009,2.3035e+08,0.5363,39529.5370,1.8079e+07,1.0159,4.2698e+06,-0.0309,7.6473e+06,0.7139,1,0,0,1,1,0,1,0,1,0,1,0,0,0,0,1,0,4,0,0,0,0,0,2,1,1,1,4,0,1,6,1,1,0,1,1,1
VexiiRiscv_72,100MHz,68918.0620,1.0339e+07,5.8591,1.0715e+06,0.5341,2.6021e+06,4.5820,39436.1570,1.0148e+07,5.9769,1.0026e+06,0.9669,2.4750e+06,4.7244,38998.6020,8.2057e+07,-172.9980,4.6302e+07,-324.7732,5.9032e+07,-203.3593,39173.6930,7.7373e+07,5.9729,4.7471e+07,1.7193,5.8231e+07,4.7560,39442.9020,1.0334e+07,6.1282,1.0707e+06,0.9175,2.6001e+06,4.8675,1,0,0,1,1,0,1,0,1,0,1,0,0,0,0,1,0,4,0,0,0,0,0,2,1,1,1,4,0,1,6,1,1,0,1,1,1
VexiiRiscv_73,800MHz,55328.2130,1.9818e+07,0.3521,7.1861e+06,-0.0563,1.0538e+07,0.2276,31981.0910,1.9361e+07,0.3961,6.9551e+06,-0.0000,1.0173e+07,0.2687,31319.9230,5.7344e+08,-180.3100,3.7532e+08,-330.3615,4.6542e+08,-210.1228,31574.5480,5.6150e+08,0.4004,3.6977e+08,-0.0001,4.5776e+08,0.2701,32013.4710,1.9811e+07,0.4074,7.1840e+06,-0.0187,1.0534e+07,0.2840,1,0,0,1,1,0,0,0,0,1,1,0,0,0,0,1,1,4,0,1,1,1,0,2,1,0,0,1,1,2,3,0,1,1,1,1,1
VexiiRiscv_73,100MHz,54696.3330,7.2829e+06,7.2005,8.8933e+05,3.7670,1.8813e+06,6.4278,31323.6840,7.2168e+06,7.3868,8.5934e+05,4.1143,1.8322e+06,6.6133,30993.7230,7.8985e+07,-171.5601,4.6918e+07,-321.6122,5.9109e+07,-201.3730,31023.0250,7.4163e+07,7.5218,4.7122e+07,5.2319,5.7646e+07,6.8337,31334.9840,7.2794e+06,7.4719,8.8873e+05,4.1649,1.8798e+06,6.7088,1,0,0,1,1,0,0,0,0,1,1,0,0,0,0,1,1,4,0,1,1,1,0,2,1,0,0,1,1,2,3,0,1,1,1,1,1
VexiiRiscv_73,400MHz,54862.0530,1.2430e+07,1.1091,3.5592e+06,-0.0926,5.5692e+06,0.8134,31325.7910,1.2209e+07,1.1263,3.4417e+06,0.0009,5.3848e+06,0.8167,31061.0960,2.9085e+08,-179.0601,1.8767e+08,-329.1122,2.3324e+08,-208.8730,31121.4660,2.8281e+08,1.0457,1.8539e+08,-0.0000,2.2908e+08,0.7556,31333.0550,1.2425e+07,1.2172,3.5579e+06,-0.0528,5.5667e+06,0.9102,1,0,0,1,1,0,0,0,0,1,1,0,0,0,0,1,1,4,0,1,1,1,0,2,1,0,0,1,1,2,3,0,1,1,1,1,1
VexiiRiscv_74,100MHz,202666.0810,7.3612e+07,7.2053,7.2763e+06,4.2268,2.1256e+07,6.5378,115454.0700,7.0464e+07,7.5123,6.4452e+06,4.7766,1.9375e+07,6.8735,113986.7660,2.7264e+09,-173.0055,1.7314e+08,-322.9329,7.8559e+08,-202.4355,114901.0560,1.3258e+08,7.3922,5.5600e+07,5.0465,7.0895e+07,6.7432,115557.6550,7.3594e+07,7.6079,7.2735e+06,4.6481,2.1249e+07,6.9245,1,0,0,0,0,0,1,1,1,0,1,1,0,1,0,0,1,1,0,1,1,0,0,0,2,1,0,6,2,0,3,1,0,0,1,0,1
VexiiRiscv_74,400MHz,202666.0810,1.4485e+08,1.0004,2.9608e+07,-0.0977,6.5191e+07,0.7245,115739.8040,1.3169e+08,1.1021,2.6240e+07,0.0015,5.7533e+07,0.8020,113959.3380,1.0697e+10,-180.5691,6.9257e+08,-330.4995,3.1116e+09,-209.9988,114908.0870,3.8058e+08,0.9944,2.0129e+08,-0.0003,2.6299e+08,0.7125,115903.3070,1.4481e+08,1.1640,2.9601e+07,-0.0335,6.5176e+07,0.8749,1,0,0,0,0,0,1,1,1,0,1,1,0,1,0,0,1,1,0,1,1,0,0,0,2,1,0,6,2,0,3,1,0,0,1,0,1
VexiiRiscv_74,800MHz,202717.4080,2.1713e+08,0.3235,5.8781e+07,-0.0725,1.1345e+08,0.2157,116814.3000,1.9594e+08,0.3585,5.2206e+07,-0.0001,1.0016e+08,0.2367,114003.1140,2.1352e+10,-181.7453,1.3850e+09,-331.6182,6.2194e+09,-211.2083,115133.5200,7.1238e+08,0.3373,3.9558e+08,-0.0028,5.1929e+08,0.2241,117159.8150,2.1708e+08,0.4397,5.8769e+07,-0.0190,1.1342e+08,0.3186,1,0,0,0,0,0,1,1,1,0,1,1,0,1,0,0,1,1,0,1,1,0,0,0,2,1,0,6,2,0,3,1,0,0,1,0,1
VexiiRiscv_75,100MHz,46399.0860,8.0017e+06,7.5050,9.0700e+05,4.6453,2.0802e+06,6.8524,26693.8250,7.8687e+06,7.7978,8.5212e+05,5.2570,1.9854e+06,7.1896,26316.9280,1.1549e+07,8.7685,5.2129e+05,7.5212,2.2583e+06,8.4268,26556.4510,7.8441e+06,7.8001,1.0290e+06,5.5155,1.8063e+06,7.1991,26722.8950,7.9986e+06,7.9064,9.0649e+05,5.2729,2.0789e+06,7.3007,0,0,0,0,0,0,1,1,1,1,0,1,0,1,1,1,1,2,0,0,1,0,1,6,0,3,1,6,3,1,6,1,0,0,1,0,1
VexiiRiscv_75,400MHz,46399.0860,1.3718e+07,1.1266,3.6268e+06,-0.0671,6.0509e+06,0.8382,26655.6720,1.3617e+07,1.1678,3.3835e+06,0.0002,5.7429e+06,0.8609,26314.0960,1.5811e+07,1.2710,2.0748e+06,0.0279,4.9202e+06,0.9307,26576.9440,1.3674e+07,1.1353,2.8929e+06,-0.0002,5.1436e+06,0.8246,26763.6760,1.3713e+07,1.2769,3.6257e+06,-0.0065,6.0486e+06,0.9437,0,0,0,0,0,0,1,1,1,1,0,1,0,1,1,1,1,2,0,0,1,0,1,6,0,3,1,6,3,1,6,1,0,0,1,0,1
VexiiRiscv_75,800MHz,46423.6540,2.1718e+07,0.4093,7.3534e+06,-0.0431,1.1526e+07,0.2930,26841.4460,2.1499e+07,0.4503,6.8601e+06,0.0000,1.0904e+07,0.3177,26327.7340,2.1468e+07,0.5641,4.1409e+06,0.0194,8.4586e+06,0.4171,26622.0320,2.1906e+07,0.4649,5.3926e+06,-0.0001,9.6786e+06,0.3308,26986.3440,2.1710e+07,0.5166,7.3516e+06,-0.0155,1.1522e+07,0.3852,0,0,0,0,0,0,1,1,1,1,0,1,0,1,1,1,1,2,0,0,1,0,1,6,0,3,1,6,3,1,6,1,0,0,1,0,1
VexiiRiscv_76,400MHz,372331.2140,9.8144e+07,0.6396,2.6477e+07,-0.1051,4.2654e+07,0.4655,213787.1270,9.9934e+07,0.9065,2.5023e+07,0.0004,4.1423e+07,0.6296,209399.3770,4.3614e+08,-759.9553,2.0675e+08,-1414.4464,2.7949e+08,-896.1317,211421.4860,3.7142e+08,0.8037,2.0396e+08,-0.0025,2.6184e+08,0.5449,215322.6940,9.8106e+07,1.0117,2.6469e+07,-0.0169,4.2637e+07,0.7588,1,0,1,1,0,0,0,0,1,0,1,0,0,1,1,0,0,0,0,1,0,0,0,6,3,0,1,2,1,2,6,1,1,0,1,0,1
VexiiRiscv_76,100MHz,372331.2140,5.7202e+07,5.3325,6.5255e+06,-0.0815,1.4890e+07,4.0335,213120.1450,5.6332e+07,5.3538,6.2130e+06,0.1745,1.4276e+07,4.0216,209359.2530,1.6331e+08,-752.4553,5.1703e+07,-1406.9464,7.7004e+07,-888.6317,210889.9360,1.2328e+08,4.9639,5.3047e+07,0.1781,6.8797e+07,3.6448,213480.6820,5.7177e+07,5.7482,6.5215e+06,0.3587,1.4880e+07,4.4766,1,0,1,1,0,0,0,0,1,0,1,0,0,1,1,0,0,0,0,1,0,0,0,6,3,0,1,2,1,2,6,1,1,0,1,0,1
VexiiRiscv_76,800MHz,372902.5730,1.6339e+08,0.1929,5.4090e+07,-0.1086,8.4342e+07,0.0850,216968.6850,1.6600e+08,0.2775,5.1141e+07,-0.0000,8.1549e+07,0.1766,209692.0470,8.0243e+08,-761.2053,4.1347e+08,-1415.6964,5.4988e+08,-897.3817,212892.1960,7.0645e+08,0.3070,4.0563e+08,-0.0024,5.2042e+08,0.1971,218942.2440,1.6333e+08,0.3870,5.4076e+07,-0.0273,8.4314e+07,0.2597,1,0,1,1,0,0,0,0,1,0,1,0,0,1,1,0,0,0,0,1,0,0,0,6,3,0,1,2,1,2,6,1,1,0,1,0,1
VexiiRiscv_77,400MHz,9412.0040,4.3368e+06,1.1716,1.6664e+06,-0.0799,2.3823e+06,0.8867,5447.8820,4.2826e+06,1.1973,1.6374e+06,0.0015,2.3392e+06,0.8592,5417.8550,2.7611e+08,1.1449,1.8348e+08,-0.1955,2.2669e+08,0.7761,5419.1000,2.7544e+08,1.1315,1.8403e+08,0.0006,2.2663e+08,0.8285,5459.5920,4.3355e+06,1.2522,1.6661e+06,-0.0167,2.3817e+06,0.9157,0,1,0,0,1,0,1,0,0,0,0,1,0,1,1,0,1,2,1,0,0,1,1,6,1,3,0,3,0,1,1,0,1,0,0,0,1
VexiiRiscv_77,100MHz,9412.0040,1.7116e+06,7.9241,4.1662e+05,5.3491,6.5850e+05,7.2933,5441.3160,1.6982e+06,7.9690,4.0947e+05,5.4958,6.4780e+05,7.3412,5419.2090,7.0270e+07,8.5437,4.5872e+07,7.0957,5.6836e+07,8.1487,5408.4150,6.9493e+07,7.9994,4.6666e+07,5.6705,5.6727e+07,7.3876,5448.1970,1.7110e+06,8.0237,4.1648e+05,5.4847,6.5820e+05,7.3971,0,1,0,0,1,0,1,0,0,0,0,1,0,1,1,0,1,2,1,0,0,1,1,6,1,3,0,3,0,1,1,0,1,0,0,0,1
VexiiRiscv_77,800MHz,9605.6580,7.4421e+06,0.4517,3.4906e+06,-0.0536,4.7486e+06,0.3063,5671.7690,7.2894e+06,0.4863,3.4320e+06,-0.0001,4.6491e+06,0.3406,5528.2800,5.5067e+08,0.3972,3.6697e+08,-0.3044,4.5318e+08,0.1872,5560.2770,5.5041e+08,0.4578,3.6719e+08,-0.0006,4.5326e+08,0.3270,5697.6520,7.4401e+06,0.4975,3.4899e+06,-0.0212,4.7475e+06,0.3489,0,1,0,0,1,0,1,0,0,0,0,1,0,1,1,0,1,2,1,0,0,1,1,6,1,3,0,3,0,1,1,0,1,0,0,0,1
VexiiRiscv_78,400MHz,93216.9420,7.5835e+07,0.9693,1.6182e+07,-0.0840,3.4922e+07,0.6713,53745.6420,6.8994e+07,0.9811,1.4467e+07,0.0004,3.0978e+07,0.6814,52707.0010,1.2067e+10,-773.8531,6.7950e+08,-1440.2932,3.4091e+09,-911.3231,53141.9570,3.2555e+08,0.8440,1.9244e+08,-0.0015,2.4413e+08,0.5515,53795.7100,7.5816e+07,1.0538,1.6178e+07,-0.0367,3.4913e+07,0.7516,1,0,1,1,0,1,1,1,0,1,1,0,0,0,0,1,0,2,1,0,1,0,0,2,0,0,1,6,0,1,5,1,0,0,0,1,1
VexiiRiscv_78,100MHz,93112.5370,3.7052e+07,5.7388,3.9977e+06,0.5526,1.1262e+07,4.5123,53401.1930,3.5262e+07,5.9000,3.5710e+06,0.8622,1.0257e+07,4.6509,52614.3470,3.0391e+09,-766.3538,1.6988e+08,-1432.6123,8.5549e+08,-903.8237,52978.4260,9.9090e+07,6.0297,5.1026e+07,1.8612,6.3511e+07,4.8666,53448.9230,3.7044e+07,6.1114,3.9961e+06,1.0674,1.1258e+07,4.8985,1,0,1,1,0,1,1,1,0,1,1,0,0,0,0,1,0,2,1,0,1,0,0,2,0,0,1,6,0,1,5,1,0,0,0,1,1
VexiiRiscv_78,800MHz,93754.4580,1.2821e+08,0.3389,3.2368e+07,-0.0957,6.6490e+07,0.2123,54868.9210,1.1395e+08,0.3648,2.8965e+07,-0.0214,5.8525e+07,0.2362,52999.2750,2.4103e+10,-774.3205,1.3590e+09,-1441.5835,6.8139e+09,-912.4862,53619.5950,6.2829e+08,0.4145,3.8101e+08,-0.0042,4.8511e+08,0.2750,55117.6920,1.2818e+08,0.4095,3.2360e+07,-0.0423,6.6472e+07,0.2726,1,0,1,1,0,1,1,1,0,1,1,0,0,0,0,1,0,2,1,0,1,0,0,2,0,0,1,6,0,1,5,1,0,0,0,1,1
VexiiRiscv_79,100MHz,102768.6470,3.7759e+07,7.4962,3.8560e+06,4.6252,1.1128e+07,6.8247,58877.7350,3.5964e+07,7.5373,3.4340e+06,4.8466,1.0126e+07,6.8661,57999.8760,5.6621e+09,-765.4565,8.2002e+07,-1430.4526,1.3872e+09,-903.9138,58370.7820,1.0056e+08,7.6760,5.1075e+07,5.1122,6.3702e+07,7.0385,58894.6030,3.7750e+07,7.6617,3.8546e+06,4.8427,1.1124e+07,6.9954,0,0,1,1,1,1,0,1,1,0,1,1,0,1,1,1,0,1,1,0,1,1,0,3,2,1,1,5,2,2,3,1,1,1,1,0,1
VexiiRiscv_79,400MHz,102768.6470,7.0263e+07,0.9735,1.5320e+07,-0.0597,3.1772e+07,0.6942,58683.2190,6.4670e+07,1.0632,1.3657e+07,0.0007,2.8295e+07,0.7488,58007.0310,2.2550e+10,-772.9573,3.2797e+08,-1437.9506,5.5349e+09,-911.4135,58365.3780,3.2715e+08,1.0125,1.9246e+08,-0.0001,2.4447e+08,0.7302,58779.3490,7.0246e+07,1.1119,1.5317e+07,0.0011,3.1764e+07,0.8064,0,0,1,1,1,1,0,1,1,0,1,1,0,1,1,1,0,1,1,0,1,1,0,3,2,1,1,5,2,2,3,1,1,1,1,0,1
VexiiRiscv_79,800MHz,102805.2000,1.0586e+08,0.3239,3.0666e+07,-0.0523,5.5667e+07,0.2071,59478.9710,9.6794e+07,0.4083,2.7396e+07,-0.0000,4.9637e+07,0.2746,58066.0870,4.5067e+10,-774.2084,6.5592e+08,-1439.2448,1.1065e+10,-912.6616,58650.4960,6.3076e+08,0.3683,3.8103e+08,-0.0083,4.8578e+08,0.2483,59708.2890,1.0583e+08,0.4462,3.0660e+07,-0.0353,5.5654e+07,0.3023,0,0,1,1,1,1,0,1,1,0,1,1,0,1,1,1,0,1,1,0,1,1,0,3,2,1,1,5,2,2,3,1,1,1,1,0,1
VexiiRiscv_8,100MHz,70648.8280,2.5593e+07,5.6237,3.0119e+06,0.0515,7.9191e+06,4.3027,40778.6710,2.4440e+07,5.7861,2.7284e+06,0.5710,7.2647e+06,4.5480,39953.7940,9.5134e+07,-174.0964,4.7044e+07,-327.0718,6.2327e+07,-206.0303,40175.2600,8.9291e+07,5.8830,4.9651e+07,1.4871,6.1379e+07,4.6591,40855.3750,2.5588e+07,5.9688,3.0108e+06,0.6117,7.9163e+06,4.7218,1,0,1,0,0,1,1,1,1,1,1,0,1,0,0,0,0,4,1,1,0,0,0,1,2,2,1,1,3,2,3,1,0,0,0,1,0
VexiiRiscv_8,400MHz,70679.1430,4.9903e+07,0.9371,1.2289e+07,-0.0768,2.3411e+07,0.6532,40920.7650,4.6259e+07,0.9461,1.1167e+07,-0.0000,2.1153e+07,0.6461,39967.4750,3.1777e+08,-181.5975,1.8816e+08,-334.5779,2.4033e+08,-213.5328,40255.7670,3.0985e+08,0.8258,1.9023e+08,-0.0020,2.3896e+08,0.5496,40975.3350,4.9892e+07,1.0272,1.2286e+07,-0.0218,2.3405e+07,0.7355,1,0,1,0,0,1,1,1,1,1,1,0,1,0,0,0,0,4,1,1,0,0,0,1,2,2,1,1,3,2,3,1,0,0,0,1,0
VexiiRiscv_8,800MHz,70709.4570,8.5257e+07,0.3116,2.4955e+07,-0.1576,4.5552e+07,0.1750,41428.4020,7.7704e+07,0.3252,2.2707e+07,-0.1066,4.0952e+07,0.1971,40027.4470,6.1505e+08,-182.8482,3.7630e+08,-335.8253,4.7775e+08,-214.7841,40469.6260,6.0407e+08,0.4071,3.7772e+08,-0.0002,4.7581e+08,0.2777,41485.9400,8.5237e+07,0.3461,2.4950e+07,-0.1017,4.5541e+07,0.2107,1,0,1,0,0,1,1,1,1,1,1,0,1,0,0,0,0,4,1,1,0,0,0,1,2,2,1,1,3,2,3,1,0,0,0,1,0
VexiiRiscv_80,800MHz,91089.5660,4.0664e+07,0.3082,1.1812e+07,-0.1062,1.8718e+07,0.1770,55527.0110,4.2082e+07,0.2161,1.1631e+07,-0.2199,1.8777e+07,0.0636,51493.7640,3.7834e+07,0.3499,8.6944e+06,-0.2926,1.5339e+07,0.1624,52228.4480,3.2756e+07,0.3719,9.8208e+06,-0.0008,1.5408e+07,0.2444,54934.2420,4.0646e+07,0.3281,1.1807e+07,-0.0809,1.8710e+07,0.1966,0,0,0,1,1,1,1,1,1,0,0,0,1,1,0,0,1,0,1,1,0,0,1,5,2,3,0,3,2,2,1,1,1,0,0,1,0
VexiiRiscv_80,400MHz,91089.5660,2.7123e+07,0.6479,5.7077e+06,-0.1864,1.0030e+07,0.3885,53659.0200,2.9033e+07,0.4428,5.6092e+06,-0.4519,1.0246e+07,0.1481,51494.0510,2.6588e+07,1.0380,4.3462e+06,-0.4478,8.6365e+06,0.6283,52074.5890,2.0325e+07,0.8344,4.9686e+06,-0.0001,8.0587e+06,0.5766,53423.5050,2.7108e+07,0.6905,5.7049e+06,-0.1090,1.0024e+07,0.4288,0,0,0,1,1,1,1,1,1,0,0,0,1,1,0,0,1,0,1,1,0,0,1,5,2,3,0,3,2,2,1,1,1,0,0,1,0
VexiiRiscv_80,100MHz,91089.5660,1.6546e+07,6.2042,1.3968e+06,1.6198,3.7589e+06,5.1230,53128.0310,1.6517e+07,6.2930,1.3697e+06,1.8626,3.7177e+06,5.2005,51493.2300,1.7550e+07,8.5380,1.0909e+06,7.0522,3.5119e+06,8.1283,52029.5410,1.1151e+07,6.4581,1.3534e+06,3.5610,2.6057e+06,5.5685,53096.1840,1.6538e+07,6.4364,1.3955e+06,1.9358,3.7557e+06,5.3413,0,0,0,1,1,1,1,1,1,0,0,0,1,1,0,0,1,0,1,1,0,0,1,5,2,3,0,3,2,2,1,1,1,0,0,1,0
VexiiRiscv_81,800MHz,18482.2550,1.2907e+07,0.4359,5.8531e+06,-0.0590,8.0282e+06,0.2949,10809.8130,1.2755e+07,0.4589,5.7319e+06,0.0000,7.8581e+06,0.3155,10570.2760,5.5802e+08,0.3631,3.6865e+08,-0.3056,4.5619e+08,0.1524,10666.8300,5.5558e+08,0.4417,3.6900e+08,0.0001,4.5593e+08,0.3050,10839.7450,1.2903e+07,0.4920,5.8518e+06,-0.0171,8.0259e+06,0.3464,0,0,1,1,1,0,1,1,1,1,0,1,0,1,0,0,0,3,0,1,0,0,1,2,1,2,0,0,1,2,4,1,1,0,0,1,0
VexiiRiscv_81,400MHz,18420.3110,7.7985e+06,1.0391,2.8395e+06,-0.0645,4.1423e+06,0.7533,10705.0790,7.8213e+06,1.0804,2.7814e+06,0.0007,4.0739e+06,0.7773,10507.7990,2.8084e+08,1.0473,1.8433e+08,-0.3687,2.2834e+08,0.6489,10576.3090,2.7863e+08,1.0042,1.8495e+08,0.0007,2.2805e+08,0.7070,10673.8470,7.7965e+06,1.1060,2.8389e+06,-0.0130,4.1413e+06,0.8107,0,0,1,1,1,0,1,1,1,1,0,1,0,1,0,0,0,3,0,1,0,0,1,2,1,2,0,0,1,2,4,1,1,0,0,1,0
VexiiRiscv_81,100MHz,18420.3110,3.3753e+06,7.1495,7.1336e+05,3.5699,1.2010e+06,6.3005,10641.6990,3.3513e+06,7.3019,6.9821e+05,4.0330,1.1782e+06,6.4944,10507.7990,7.2829e+07,8.5473,4.6083e+07,7.1313,5.7434e+07,8.1489,10549.2090,7.0954e+07,7.3357,4.6918e+07,4.7502,5.7153e+07,6.5709,10652.9720,3.3741e+06,7.4402,7.1312e+05,4.0397,1.2005e+06,6.6287,0,0,1,1,1,0,1,1,1,1,0,1,0,1,0,0,0,3,0,1,0,0,1,2,1,2,0,0,1,2,4,1,1,0,0,1,0
VexiiRiscv_82,400MHz,37752.2860,5.7962e+06,0.9335,1.4545e+06,-0.0690,2.2778e+06,0.6371,21665.7140,5.8010e+06,0.9241,1.4325e+06,-0.0001,2.2554e+06,0.6407,21395.2740,2.8321e+08,-179.9876,1.8622e+08,-330.7406,2.3044e+08,-210.2419,21497.3400,2.7690e+08,0.8966,1.8382e+08,0.0000,2.2656e+08,0.6060,21671.7330,5.7931e+06,0.9929,1.4537e+06,-0.0192,2.2765e+06,0.7025,0,0,0,1,0,1,0,1,0,0,1,1,0,0,0,0,0,2,0,0,1,1,1,0,0,3,0,0,2,1,4,0,0,1,0,1,1
VexiiRiscv_82,100MHz,37752.2860,3.8738e+06,6.6807,3.6542e+05,2.3994,8.4683e+05,5.7143,21617.8750,3.8649e+06,6.7323,3.5929e+05,2.5292,8.3818e+05,5.7339,21395.2740,7.4308e+07,-172.4876,4.6558e+07,-323.2406,5.8035e+07,-202.7419,21458.1610,7.0985e+07,6.7488,4.6617e+07,3.4338,5.6806e+07,5.7919,21616.9040,3.8715e+06,6.9525,3.6503e+05,2.7836,8.4586e+05,5.9873,0,0,0,1,0,1,0,1,0,0,1,1,0,0,0,0,0,2,0,0,1,1,1,0,0,3,0,0,2,1,4,0,0,1,0,1,1
VexiiRiscv_82,800MHz,37934.3670,9.1694e+06,0.3411,3.0598e+06,-0.0975,4.4552e+06,0.2033,21961.1610,9.0889e+06,0.3649,3.0081e+06,-0.0542,4.3793e+06,0.2233,21496.0410,5.6173e+08,-198.7859,3.7245e+08,-372.6328,4.6034e+08,-235.9789,21665.9870,5.5166e+08,0.3877,3.6678e+08,-0.0000,4.5296e+08,0.2533,21987.6450,9.1655e+06,0.3901,3.0585e+06,-0.0546,4.4531e+06,0.2506,0,0,0,1,0,1,0,1,0,0,1,1,0,0,0,0,0,2,0,0,1,1,1,0,0,3,0,0,2,1,4,0,0,1,0,1,1
VexiiRiscv_83,100MHz,13244.4290,2.4005e+06,6.5534,5.4175e+05,2.0905,8.7486e+05,5.4896,7735.3560,2.3923e+06,6.5954,5.3381e+05,2.3542,8.6465e+05,5.5256,7600.5260,7.0748e+07,7.8248,4.5965e+07,5.5110,5.6982e+07,7.1669,7635.3280,7.0100e+07,6.4923,4.6768e+07,2.8982,5.6907e+07,5.4474,7728.9400,2.3994e+06,6.7262,5.4151e+05,2.3233,8.7433e+05,5.6567,1,0,0,1,1,1,0,0,1,1,1,0,1,1,1,0,0,2,0,0,1,0,1,1,2,3,0,0,1,0,5,1,0,0,0,1,0
VexiiRiscv_83,400MHz,13270.6950,5.7364e+06,1.0810,2.1489e+06,-0.0769,3.0717e+06,0.7623,7900.8980,5.7279e+06,1.0579,2.1168e+06,0.0006,3.0355e+06,0.7367,7623.7550,2.7718e+08,1.0076,1.8386e+08,-0.1623,2.2723e+08,0.6449,7653.3860,2.7682e+08,0.9399,1.8444e+08,0.0020,2.2727e+08,0.6351,7892.6630,5.7344e+06,1.1459,2.1483e+06,-0.0295,3.0706e+06,0.8292,1,0,0,1,1,1,0,0,1,1,1,0,1,1,1,0,0,2,0,0,1,0,1,1,2,3,0,0,1,0,5,1,0,0,0,1,0
VexiiRiscv_83,800MHz,13283.8270,9.8436e+06,0.4865,4.3493e+06,-0.0634,5.9820e+06,0.3410,7938.0800,9.8197e+06,0.5044,4.2852e+06,0.0004,5.9067e+06,0.3528,7648.4470,5.5249e+08,0.3380,3.6772e+08,-0.3532,4.5424e+08,0.1124,7700.2120,5.5246e+08,0.4386,3.6801e+08,0.0003,4.5442e+08,0.3055,7927.9290,9.8406e+06,0.5336,4.3482e+06,-0.0188,5.9803e+06,0.3852,1,0,0,1,1,1,0,0,1,1,1,0,1,1,1,0,0,2,0,0,1,0,1,1,2,3,0,0,1,0,5,1,0,0,0,1,0
VexiiRiscv_84,800MHz,38161.4270,1.9236e+07,0.3738,6.6830e+06,-0.0608,1.0368e+07,0.2523,22189.8490,1.8056e+07,0.4257,6.2298e+06,0.0000,9.5900e+06,0.2938,21628.0110,5.6417e+08,-181.6165,3.6825e+08,-332.3007,4.5751e+08,-212.6896,21891.8850,5.6119e+08,0.4072,3.6860e+08,-0.0126,4.5701e+08,0.2751,22246.4710,1.9231e+07,0.4803,6.6812e+06,-0.0318,1.0365e+07,0.3447,1,1,1,0,1,0,0,1,1,0,0,0,0,0,0,0,1,3,1,0,1,1,1,5,3,2,0,4,2,2,3,0,0,1,1,1,0
VexiiRiscv_84,100MHz,37978.7990,6.8680e+06,6.9412,8.1581e+05,3.0939,1.8756e+06,6.0052,21784.5650,6.7040e+06,7.0210,7.5812e+05,3.4292,1.7708e+06,6.1106,21542.6760,7.7640e+07,-172.8647,4.6034e+07,-323.5592,5.8168e+07,-203.9418,21655.2210,7.4300e+07,7.0430,4.7181e+07,3.2813,5.7632e+07,6.1314,21798.3680,6.8656e+06,7.1116,8.1537e+05,3.3323,1.8745e+06,6.1877,1,1,1,0,1,0,0,1,1,0,0,0,0,0,0,0,1,3,1,0,1,1,1,5,3,2,0,4,2,2,3,0,0,1,1,1,0
VexiiRiscv_84,400MHz,38001.0150,1.2428e+07,1.1419,3.2336e+06,-0.0741,5.5542e+06,0.8470,21809.4910,1.1836e+07,1.1797,3.0068e+06,0.0002,5.1525e+06,0.8472,21566.7250,2.8621e+08,-180.8236,1.8413e+08,-333.7869,2.2933e+08,-212.4744,21673.6210,2.8251e+08,1.0340,1.8491e+08,-0.0000,2.2870e+08,0.7023,21814.0600,1.2424e+07,1.2350,3.2327e+06,-0.0282,5.5524e+06,0.9307,1,1,1,0,1,0,0,1,1,0,0,0,0,0,0,0,1,3,1,0,1,1,1,5,3,2,0,4,2,2,3,0,0,1,1,1,0
VexiiRiscv_85,800MHz,10247.0040,1.0322e+07,0.4287,4.8236e+06,-0.0597,6.5953e+06,0.2960,6027.6950,1.0112e+07,0.4603,4.7204e+06,0.0000,6.4368e+06,0.3165,5869.3220,5.5321e+08,0.3673,3.6788e+08,-0.3299,4.5457e+08,0.1505,5895.1500,5.5303e+08,0.4233,3.6814e+08,0.0000,4.5469e+08,0.2950,6069.9670,1.0319e+07,0.4746,4.8227e+06,-0.0310,6.5939e+06,0.3327,0,1,1,1,0,1,0,1,0,0,1,1,0,1,0,0,0,1,1,0,0,1,0,5,1,2,0,1,0,0,1,1,1,1,1,0,0
VexiiRiscv_85,400MHz,10046.9480,5.7284e+06,1.1780,2.3550e+06,-0.0710,3.3158e+06,0.8496,5799.1980,5.6592e+06,1.1761,2.3048e+06,0.0003,3.2415e+06,0.8449,5761.6880,2.7754e+08,1.2810,1.8394e+08,-0.0146,2.2741e+08,0.9174,5751.7560,2.7696e+08,1.0920,1.8452e+08,0.0003,2.2739e+08,0.7674,5803.3020,5.7270e+06,1.2180,2.3546e+06,-0.0249,3.3150e+06,0.8864,0,1,1,1,0,1,0,1,0,0,1,1,0,1,0,0,0,1,1,0,0,1,0,5,1,2,0,1,0,0,1,1,1,1,1,0,0
VexiiRiscv_85,100MHz,10046.9480,2.3822e+06,7.4943,5.8588e+05,4.3208,9.4662e+05,6.7365,5824.8890,2.3549e+06,7.5883,5.7243e+05,4.7310,9.2529e+05,6.8764,5761.8790,7.0857e+07,8.7821,4.5986e+07,7.4866,5.7047e+07,8.4174,5730.2650,7.0071e+07,7.5547,4.6809e+07,5.0262,5.6939e+07,6.8267,5846.1070,2.3814e+06,7.6770,5.8573e+05,4.5967,9.4627e+05,6.9296,0,1,1,1,0,1,0,1,0,0,1,1,0,1,0,0,0,1,1,0,0,1,0,5,1,2,0,1,0,0,1,1,1,1,1,0,0
VexiiRiscv_86,100MHz,5525.7620,1.4247e+06,7.8661,4.9331e+05,5.1799,7.0268e+05,7.2193,3212.7620,1.4220e+06,7.8946,4.8887e+05,5.3647,6.9759e+05,7.2551,3213.7880,6.9696e+07,8.6442,4.5934e+07,7.3065,5.6812e+07,8.2711,3183.5820,6.9187e+07,7.9565,4.6690e+07,5.4778,5.6741e+07,7.3271,3215.2100,1.4242e+06,7.9768,4.9318e+05,5.3286,7.0245e+05,7.3313,0,0,1,1,0,0,1,1,0,1,1,0,0,1,1,1,0,1,1,1,0,1,1,5,3,2,0,4,0,2,1,1,0,0,0,0,1
VexiiRiscv_86,400MHz,5525.7620,4.0702e+06,1.2018,2.0034e+06,-0.0653,2.6626e+06,0.8747,3212.1460,4.0613e+06,1.1928,1.9861e+06,0.0012,2.6422e+06,0.8630,3213.5140,2.7584e+08,1.1444,1.8373e+08,-0.1938,2.2687e+08,0.7712,3184.7860,2.7537e+08,1.1187,1.8422e+08,0.0003,2.2682e+08,0.8026,3213.8560,4.0688e+06,1.2356,2.0030e+06,-0.0123,2.6619e+06,0.9064,0,0,1,1,0,0,1,1,0,1,1,0,0,1,1,1,0,1,1,1,0,1,1,5,3,2,0,4,0,2,1,1,0,0,0,0,1
VexiiRiscv_86,800MHz,5682.9730,7.8516e+06,0.4895,4.0366e+06,-0.0474,5.3369e+06,0.3566,3387.7020,7.7470e+06,0.5107,3.9935e+06,0.0000,5.2692e+06,0.3568,3309.1370,5.5071e+08,0.4350,3.6745e+08,-0.2115,4.5359e+08,0.2438,3310.2590,5.5045e+08,0.4527,3.6761e+08,-0.0000,4.5363e+08,0.3072,3412.8590,7.8488e+06,0.5298,4.0357e+06,-0.0241,5.3351e+06,0.3888,0,0,1,1,0,0,1,1,0,1,1,0,0,1,1,1,0,1,1,1,0,1,1,5,3,2,0,4,0,2,1,1,0,0,0,0,1
VexiiRiscv_87,800MHz,73090.4620,6.0541e+07,0.4095,2.0203e+07,-0.0748,3.3008e+07,0.2612,42550.0800,5.7115e+07,0.4018,1.8809e+07,0.0001,3.0547e+07,0.2639,41375.2420,6.7699e+08,-1383.5266,3.7586e+08,-2707.4792,4.9111e+08,-1652.2416,41802.6330,5.9410e+08,0.4180,3.7736e+08,-0.0000,4.7252e+08,0.2830,42685.4300,6.0525e+07,0.4353,2.0199e+07,-0.0291,3.3000e+07,0.2894,1,1,0,0,0,0,1,0,0,0,0,1,1,0,0,0,0,1,1,1,1,0,0,3,2,2,0,3,1,2,4,1,0,1,0,0,0
VexiiRiscv_87,400MHz,72714.6180,3.8768e+07,1.0344,9.9688e+06,-0.0863,1.8159e+07,0.7347,41821.6760,3.6494e+07,1.0444,9.2746e+06,-0.0001,1.6731e+07,0.7335,41115.8420,3.4728e+08,-1382.2754,1.8793e+08,-2706.2310,2.4676e+08,-1650.9921,41383.5740,3.0302e+08,0.8501,1.8970e+08,-0.0001,2.3702e+08,0.5608,41825.4510,3.8757e+07,1.0980,9.9662e+06,-0.0419,1.8153e+07,0.8025,1,1,0,0,0,0,1,0,0,0,0,1,1,0,0,0,0,1,1,1,1,0,0,3,2,2,0,3,1,2,4,1,0,1,0,0,0
VexiiRiscv_87,100MHz,72714.6180,1.9736e+07,5.8454,2.5004e+06,0.6975,5.9298e+06,4.6075,41686.1480,1.9140e+07,6.0048,2.3281e+06,1.1719,5.5620e+06,4.8083,41104.9940,1.0019e+08,-1374.7874,4.6989e+07,-2698.7251,6.3543e+07,-1643.4976,41285.8710,8.4880e+07,5.8993,4.8964e+07,1.8983,6.0444e+07,4.7777,41700.5260,1.9731e+07,6.1765,2.4994e+06,1.1764,5.9272e+06,4.9729,1,1,0,0,0,0,1,0,0,0,0,1,1,0,0,0,0,1,1,1,1,0,0,3,2,2,0,3,1,2,4,1,0,1,0,0,0
VexiiRiscv_88,400MHz,150437.3190,7.8845e+07,0.9452,1.8402e+07,-0.0808,3.5329e+07,0.6601,86125.0120,7.4060e+07,0.9649,1.6526e+07,0.0001,3.1914e+07,0.6734,84754.9060,5.9189e+09,-180.4778,7.2022e+08,-330.5527,2.0183e+09,-209.9993,85547.7570,3.4078e+08,0.8199,1.9500e+08,-0.0001,2.4925e+08,0.5323,86352.2230,7.8822e+07,1.1032,1.8397e+07,0.0170,3.5318e+07,0.8113,1,0,0,1,0,1,0,0,1,0,0,1,1,1,0,0,1,2,1,1,1,0,0,5,1,0,1,6,1,0,2,1,1,0,0,1,0
VexiiRiscv_88,800MHz,150437.3190,1.1813e+08,0.3153,3.7091e+07,-0.0663,6.2949e+07,0.2150,86869.3140,1.1005e+08,0.4208,3.3406e+07,-0.0001,5.6846e+07,0.2865,84771.6360,1.1795e+10,-181.7271,1.4402e+09,-331.6847,4.0319e+09,-211.1571,85789.8110,6.5136e+08,0.3743,3.8577e+08,-0.0004,4.9463e+08,0.2505,87249.3720,1.1810e+08,0.4690,3.7083e+07,-0.0217,6.2933e+07,0.3460,1,0,0,1,0,1,0,0,1,0,0,1,1,1,0,0,1,2,1,1,1,0,0,5,1,0,1,6,1,0,2,1,1,0,0,1,0
VexiiRiscv_88,100MHz,150437.3190,4.4304e+07,5.9538,4.5969e+06,1.3519,1.2404e+07,4.7843,85901.3720,4.2907e+07,6.2234,4.1223e+06,1.8127,1.1468e+07,5.1021,84741.8960,1.5114e+09,-173.0053,1.8004e+08,-323.0406,5.0916e+08,-202.5218,85516.9090,1.0843e+08,5.9541,5.2035e+07,2.1368,6.5423e+07,4.8207,86072.0570,4.4292e+07,6.3513,4.5949e+06,1.9190,1.2398e+07,5.2326,1,0,0,1,0,1,0,0,1,0,0,1,1,1,0,0,1,2,1,1,1,0,0,5,1,0,1,6,1,0,2,1,1,0,0,1,0
VexiiRiscv_89,800MHz,46222.2030,3.5830e+07,0.4068,1.2241e+07,-0.0698,1.9823e+07,0.2712,26926.2900,3.3366e+07,0.4026,1.1380e+07,0.0000,1.8240e+07,0.2720,26229.8680,5.8254e+08,-181.6162,3.7144e+08,-332.3119,4.6482e+08,-212.6950,26549.4330,5.7351e+08,0.4183,3.7192e+08,0.0000,4.6294e+08,0.2792,26998.6840,3.5823e+07,0.4536,1.2239e+07,-0.0338,1.9819e+07,0.3128,1,1,0,1,0,0,1,0,1,1,0,0,0,0,0,0,0,3,1,1,0,0,1,3,0,3,1,3,0,2,4,1,1,1,1,0,1
VexiiRiscv_89,400MHz,46070.1080,2.1806e+07,1.0310,6.0038e+06,-0.0854,1.0342e+07,0.7280,26617.3400,2.0634e+07,1.0202,5.5788e+06,-0.0000,9.5604e+06,0.7184,26180.0590,2.9687e+08,-180.3629,1.8572e+08,-331.0561,2.3319e+08,-211.4408,26373.1790,2.9029e+08,0.8547,1.8675e+08,0.0002,2.3190e+08,0.5682,26617.1480,2.1801e+07,1.1016,6.0025e+06,-0.0174,1.0339e+07,0.7861,1,1,0,1,0,0,1,0,1,1,0,0,0,0,0,0,0,3,1,1,0,0,1,3,0,3,1,3,0,2,4,1,1,1,1,0,1
VexiiRiscv_89,100MHz,46045.6490,1.1897e+07,5.8631,1.5001e+06,0.3899,3.5762e+06,4.5688,26518.1330,1.1494e+07,6.0305,1.3885e+06,1.0046,3.3367e+06,4.8010,26132.0150,8.2259e+07,-172.8663,4.6433e+07,-323.5657,5.9408e+07,-203.9455,26306.2030,7.8197e+07,6.1399,4.7905e+07,1.9973,5.8717e+07,4.9730,26552.7030,1.1894e+07,6.1793,1.4997e+06,0.9175,3.5749e+06,4.9378,1,1,0,1,0,0,1,0,1,1,0,0,0,0,0,0,0,3,1,1,0,0,1,3,0,3,1,3,0,2,4,1,1,1,1,0,1
VexiiRiscv_9,800MHz,11042.9610,9.5423e+06,0.4947,4.4453e+06,-0.0445,6.0374e+06,0.3570,6469.7780,9.5109e+06,0.5212,4.3886e+06,0.0002,5.9715e+06,0.3522,6373.9630,1.0963e+09,-174.2285,7.3236e+08,-244.0126,9.0398e+08,-202.7275,6404.5520,1.0950e+09,0.4969,7.3239e+08,-0.0001,9.0356e+08,0.3448,6480.6260,9.5402e+06,0.5603,4.4447e+06,-0.0320,6.0362e+06,0.3919,0,0,0,1,1,0,0,0,0,0,0,0,1,1,0,0,1,2,1,1,0,0,1,0,2,3,1,2,2,1,3,1,0,1,1,0,0
VexiiRiscv_9,100MHz,10870.8670,2.0904e+06,7.8118,5.4775e+05,5.3239,8.4189e+05,7.1985,6371.1320,2.0809e+06,7.9139,5.4067e+05,5.6045,8.3203e+05,7.3152,6284.1410,1.3845e+08,-165.4745,9.1545e+07,-235.2675,1.1318e+08,-193.9755,6298.0810,1.3771e+08,8.0114,9.3069e+07,5.7652,1.1303e+08,7.4297,6375.5230,2.0897e+06,7.9487,5.4759e+05,5.5110,8.4154e+05,7.3397,0,0,0,1,1,0,0,0,0,0,0,0,1,1,0,0,1,2,1,1,0,0,1,0,2,3,1,2,2,1,3,1,0,1,1,0,0
VexiiRiscv_9,400MHz,10870.8670,5.4021e+06,1.1578,2.2109e+06,-0.0628,3.1060e+06,0.8310,6364.0600,5.3647e+06,1.1883,2.1806e+06,0.0010,3.0624e+06,0.8549,6284.1000,5.4895e+08,-172.9703,3.6618e+08,-242.7648,4.5209e+08,-201.4742,6296.1930,5.4791e+08,1.1730,3.6706e+08,0.0008,4.5181e+08,0.8518,6359.8460,5.4008e+06,1.2032,2.2105e+06,-0.0119,3.1053e+06,0.8729,0,0,0,1,1,0,0,0,0,0,0,0,1,1,0,0,1,2,1,1,0,0,1,0,2,3,1,2,2,1,3,1,0,1,1,0,0
VexiiRiscv_90,800MHz,40432.9640,6.0692e+07,0.3708,1.6066e+07,-0.1458,3.1572e+07,0.2314,23959.8630,5.4366e+07,0.3885,1.4317e+07,-0.0620,2.7864e+07,0.2563,22906.4490,5.9080e+08,-393.2523,3.7042e+08,-738.7975,4.6705e+08,-472.2289,23216.4240,5.8241e+08,0.4128,3.7142e+08,-0.0005,4.6534e+08,0.2710,24062.1620,6.0678e+07,0.4245,1.6062e+07,-0.0849,3.1564e+07,0.2869,1,1,0,0,1,1,1,1,1,1,1,1,1,0,0,1,0,1,0,0,0,0,1,3,0,0,1,2,3,1,5,0,1,0,1,1,0
VexiiRiscv_90,100MHz,40267.8460,1.8024e+07,5.5539,1.9384e+06,-0.0995,5.4997e+06,4.2226,23313.9760,1.7130e+07,5.5670,1.7193e+06,0.0546,4.9975e+06,4.1910,22812.7950,8.5371e+07,-384.5005,4.6306e+07,-730.0342,6.0039e+07,-463.4763,22921.4010,8.2400e+07,5.9928,4.8513e+07,1.7361,5.9534e+07,4.7569,23329.5160,1.8020e+07,5.9014,1.9377e+06,0.3963,5.4979e+06,4.5732,1,1,0,0,1,1,1,1,1,1,1,1,1,0,0,1,0,1,0,0,0,0,1,3,0,0,1,2,3,1,5,0,1,0,1,1,0
VexiiRiscv_90,400MHz,40290.7190,3.5101e+07,0.8920,7.9763e+06,-0.0970,1.6260e+07,0.6076,23390.0640,3.2044e+07,0.9013,7.1019e+06,0.0000,1.4429e+07,0.6236,22847.2830,3.0249e+08,-392.0050,1.8521e+08,-737.5732,2.3456e+08,-470.9902,23042.1000,2.9649e+08,0.8622,1.8690e+08,-0.0032,2.3340e+08,0.5627,23396.7260,3.5092e+07,0.9821,7.9741e+06,-0.0209,1.6256e+07,0.6910,1,1,0,0,1,1,1,1,1,1,1,1,1,0,0,1,0,1,0,0,0,0,1,3,0,0,1,2,3,1,5,0,1,0,1,1,0
VexiiRiscv_91,100MHz,52184.6030,1.2978e+07,6.6942,1.5759e+06,2.6343,3.7496e+06,5.7795,30026.4230,1.2632e+07,6.8437,1.4680e+06,2.8234,3.5300e+06,5.8866,29563.8620,8.2384e+07,-171.9430,4.6496e+07,-321.6003,5.9440e+07,-202.1714,29846.2030,7.9126e+07,6.6851,4.7999e+07,3.3807,5.8930e+07,5.7779,30033.2220,1.2974e+07,7.0029,1.5752e+06,3.0644,3.7480e+06,6.0871,0,0,1,0,1,0,1,1,1,1,0,0,1,0,0,0,0,0,1,0,1,0,1,2,3,3,0,6,3,2,5,0,1,0,0,1,0
VexiiRiscv_91,400MHz,52184.6030,2.5712e+07,0.9434,6.2914e+06,-0.0668,1.1661e+07,0.6447,30244.2230,2.4254e+07,0.9753,5.8561e+06,-0.0001,1.0753e+07,0.6799,29563.8620,2.9597e+08,-179.4430,1.8597e+08,-329.1003,2.3323e+08,-209.6714,29869.7460,2.9186e+08,0.9618,1.8713e+08,0.0004,2.3255e+08,0.6640,30267.2050,2.5706e+07,1.0186,6.2899e+06,-0.0250,1.1658e+07,0.7206,0,0,1,0,1,0,1,1,1,1,0,0,1,0,0,0,0,0,1,0,1,0,1,2,3,3,0,6,3,2,5,0,1,0,0,1,0
VexiiRiscv_91,800MHz,52372.5390,3.7215e+07,0.3683,1.2935e+07,-0.0650,2.0347e+07,0.2594,30735.9640,3.5121e+07,0.4161,1.2084e+07,0.0000,1.8897e+07,0.2797,29643.5200,5.8088e+08,-181.5557,3.7194e+08,-332.1852,4.6497e+08,-212.6074,30045.8350,5.7617e+08,0.3963,3.7267e+08,-0.0001,4.6420e+08,0.2723,30749.3430,3.7206e+07,0.4472,1.2932e+07,-0.0278,2.0343e+07,0.3083,0,0,1,0,1,0,1,1,1,1,0,0,1,0,0,0,0,0,1,0,1,0,1,2,3,3,0,6,3,2,5,0,1,0,0,1,0
VexiiRiscv_92,800MHz,18041.1840,1.1213e+07,0.4391,4.9641e+06,-0.0493,6.8227e+06,0.3046,10570.2620,1.0991e+07,0.4489,4.8727e+06,0.0000,6.6745e+06,0.3061,10298.7280,5.5403e+08,0.3821,3.6801e+08,-0.3262,4.5472e+08,0.1678,10391.4100,5.5373e+08,0.4039,3.6824e+08,-0.0001,4.5482e+08,0.2804,10628.6210,1.1211e+07,0.4719,4.9633e+06,-0.0226,6.8214e+06,0.3278,1,1,1,1,0,0,0,0,0,0,1,1,0,1,0,0,1,3,1,0,1,1,1,4,3,2,1,6,3,1,4,0,0,1,1,1,0
VexiiRiscv_92,400MHz,17448.1560,6.1337e+06,1.1521,2.4026e+06,-0.0785,3.3950e+06,0.8181,10028.6170,6.0572e+06,1.0977,2.3639e+06,-0.0001,3.3315e+06,0.7657,9982.6520,2.7842e+08,1.2184,1.8400e+08,-0.0418,2.2754e+08,0.8595,9972.8570,2.7724e+08,1.0602,1.8455e+08,-0.0023,2.2741e+08,0.7253,10044.3220,6.1323e+06,1.1800,2.4023e+06,-0.0389,3.3943e+06,0.8433,1,1,1,1,0,0,0,0,0,0,1,1,0,1,0,0,1,3,1,0,1,1,1,4,3,2,1,6,3,1,4,0,0,1,1,1,0
VexiiRiscv_92,100MHz,17324.7360,2.8113e+06,7.1466,5.9188e+05,3.6197,9.8729e+05,6.2724,10011.3530,2.7898e+06,7.1252,5.8026e+05,3.6667,9.7015e+05,6.2294,9915.6750,7.1674e+07,8.1436,4.6002e+07,6.1080,5.7147e+07,7.5866,9905.4700,7.0424e+07,7.1613,4.6800e+07,3.7635,5.6971e+07,6.2837,10020.1630,2.8103e+06,7.2627,5.9171e+05,3.7780,9.8687e+05,6.3921,1,1,1,1,0,0,0,0,0,0,1,1,0,1,0,0,1,3,1,0,1,1,1,4,3,2,1,6,3,1,4,0,0,1,1,1,0
VexiiRiscv_93,400MHz,17019.6710,6.1137e+06,1.0351,2.1946e+06,-0.1087,3.2257e+06,0.7237,9834.4430,6.0932e+06,1.0543,2.1576e+06,0.0000,3.1721e+06,0.7331,9721.3370,2.7811e+08,1.1987,1.8385e+08,-0.0825,2.2735e+08,0.8724,9744.7430,2.7721e+08,0.9260,1.8441e+08,-0.0007,2.2727e+08,0.6166,9839.2720,6.1121e+06,1.1555,2.1943e+06,-0.0582,3.2250e+06,0.8379,1,0,1,1,1,1,1,1,0,0,1,1,0,1,0,1,1,3,1,0,0,1,1,1,2,1,1,5,0,0,5,1,1,1,1,1,1
VexiiRiscv_93,100MHz,16897.7830,2.6374e+06,6.5070,5.4659e+05,2.0960,9.2069e+05,5.4363,9715.0580,2.6079e+06,6.6622,5.3566e+05,2.6087,9.0254e+05,5.6369,9653.6890,7.1662e+07,7.9249,4.5963e+07,5.6149,5.7112e+07,7.2785,9631.2270,7.0286e+07,6.6959,4.6766e+07,3.2004,5.6915e+07,5.7088,9733.7720,2.6365e+06,6.7351,5.4642e+05,2.4478,9.2028e+05,5.6826,1,0,1,1,1,1,1,1,0,0,1,1,0,1,0,1,1,3,1,0,0,1,1,1,2,1,1,5,0,0,5,1,1,1,1,1,1
VexiiRiscv_93,800MHz,17418.0600,1.0483e+07,0.4190,4.5381e+06,-0.0706,6.2580e+06,0.2846,10345.9240,1.0298e+07,0.4398,4.4517e+06,0.0000,6.1248e+06,0.3030,9958.8890,5.5360e+08,0.3030,3.6770e+08,-0.4481,4.5438e+08,0.0753,10099.1230,5.5338e+08,0.4313,3.6795e+08,-0.0019,4.5449e+08,0.2919,10424.0640,1.0481e+07,0.4521,4.5374e+06,-0.0342,6.2567e+06,0.3149,1,0,1,1,1,1,1,1,0,0,1,1,0,1,0,1,1,3,1,0,0,1,1,1,2,1,1,5,0,0,5,1,1,1,1,1,1
VexiiRiscv_94,400MHz,101834.0560,6.7098e+07,1.1062,1.5141e+07,-0.0533,3.0347e+07,0.7919,58213.4610,6.2006e+07,1.0816,1.3527e+07,0.0005,2.7118e+07,0.7700,57476.4240,2.2552e+10,-773.0245,3.2804e+08,-1437.7815,5.5389e+09,-911.7087,57889.1360,3.2738e+08,1.0802,1.9264e+08,0.0007,2.4471e+08,0.7751,58285.7600,6.7080e+07,1.1653,1.5137e+07,-0.0069,3.0338e+07,0.8529,0,0,0,1,0,1,1,1,0,0,0,0,0,1,1,1,1,1,1,1,0,1,0,5,3,0,1,4,3,1,5,0,0,0,1,1,1
VexiiRiscv_94,100MHz,101870.4460,3.7503e+07,7.7130,3.8539e+06,5.2085,1.1017e+07,7.1180,58255.4450,3.5834e+07,7.9866,3.4336e+06,5.7629,1.0050e+07,7.4332,57506.3560,5.6624e+09,-765.5237,8.2022e+07,-1430.4993,1.3882e+09,-904.2143,57956.7430,1.0055e+08,8.0265,5.1111e+07,6.1325,6.3749e+07,7.4754,58329.1670,3.7494e+07,8.0711,3.8524e+06,5.7640,1.1013e+07,7.5425,0,0,0,1,0,1,1,1,0,0,0,0,0,1,1,1,1,1,1,1,0,1,0,5,3,0,1,4,3,1,5,0,0,0,1,1,1
VexiiRiscv_94,800MHz,101906.8350,1.0431e+08,0.4157,3.0665e+07,-0.0486,5.5314e+07,0.2752,58733.0150,9.5231e+07,0.4474,2.7447e+07,0.0001,4.9329e+07,0.3073,57566.9590,4.5073e+10,-774.2743,6.5611e+08,-1439.2251,1.1073e+10,-912.9624,58106.7710,6.3066e+08,0.4360,3.8137e+08,-0.0006,4.8611e+08,0.2983,58841.5650,1.0428e+08,0.4676,3.0658e+07,-0.0220,5.5299e+07,0.3264,0,0,0,1,0,1,1,1,0,0,0,0,0,1,1,1,1,1,1,1,0,1,0,5,3,0,1,4,3,1,5,0,0,0,1,1,1
VexiiRiscv_95,100MHz,23183.2500,4.8552e+06,7.8816,9.0387e+05,5.1857,1.6326e+06,7.2024,13408.3560,4.7943e+06,7.8613,8.7265e+05,5.2896,1.5833e+06,7.1846,13270.4890,7.4578e+07,8.3344,4.6163e+07,6.3734,5.7816e+07,7.7997,13271.1730,7.2479e+07,7.7309,4.7152e+07,5.6059,5.7519e+07,7.0701,13409.4370,4.8536e+06,7.9423,9.0356e+05,5.2703,1.6318e+06,7.2635,1,0,0,0,0,0,0,0,0,0,0,1,1,1,0,0,1,1,0,0,0,0,0,4,0,0,1,1,1,2,1,0,0,0,1,1,0
VexiiRiscv_95,800MHz,23721.6940,1.7491e+07,0.4359,7.3029e+06,-0.0447,1.0485e+07,0.3035,13760.0000,1.7118e+07,0.4904,7.0314e+06,0.0002,1.0091e+07,0.3510,13542.3240,5.6262e+08,0.4336,3.6929e+08,-0.2582,4.5796e+08,0.2231,13588.1660,5.5964e+08,0.4589,3.6988e+08,-0.0006,4.5774e+08,0.3222,13830.0420,1.7486e+07,0.5097,7.3015e+06,-0.0256,1.0483e+07,0.3754,1,0,0,0,0,0,0,0,0,0,0,1,1,1,0,0,1,1,0,0,0,0,0,4,0,0,1,1,1,2,1,0,0,0,1,1,0
VexiiRiscv_95,400MHz,23308.5860,1.0053e+07,1.2334,3.6121e+06,-0.0900,5.3449e+06,0.8927,13397.3020,9.9186e+06,1.1832,3.4802e+06,0.0010,5.1625e+06,0.8375,13326.5910,2.8365e+08,1.2394,1.8464e+08,-0.0250,2.2929e+08,0.8876,13323.0060,2.8118e+08,1.0559,1.8546e+08,-0.0012,2.2903e+08,0.7231,13435.1410,1.0051e+07,1.2632,3.6114e+06,-0.0501,5.3436e+06,0.9204,1,0,0,0,0,0,0,0,0,0,0,1,1,1,0,0,1,1,0,0,0,0,0,4,0,0,1,1,1,2,1,0,0,0,1,1,0
VexiiRiscv_96,100MHz,9378.8440,2.0341e+06,7.4388,6.7939e+05,4.0867,9.7208e+05,6.6100,5407.3620,2.0266e+06,7.3840,6.7379e+05,4.1869,9.6466e+05,6.5512,5381.4520,7.0635e+07,8.1195,4.6071e+07,6.0117,5.7074e+07,7.5448,5356.4320,6.9710e+07,7.3345,4.6812e+07,4.0282,5.6944e+07,6.5169,5418.9360,2.0334e+06,7.5162,6.7923e+05,4.1816,9.7176e+05,6.6856,1,1,0,1,0,0,0,0,0,1,0,0,0,1,1,1,1,4,0,1,1,1,1,2,0,1,1,3,1,2,2,1,0,0,0,1,0
VexiiRiscv_96,400MHz,9480.8150,6.0659e+06,1.2246,2.6636e+06,-0.0864,3.6527e+06,0.9061,5468.0060,6.1426e+06,1.1944,2.6452e+06,0.0018,3.6535e+06,0.8521,5442.6980,2.7764e+08,1.2357,1.8427e+08,-0.0592,2.2765e+08,0.8864,5413.6550,2.7673e+08,1.0640,1.8477e+08,-0.0036,2.2756e+08,0.7330,5470.1950,6.0645e+06,1.2821,2.6631e+06,-0.0508,3.6519e+06,0.9401,1,1,0,1,0,0,0,0,0,1,0,0,0,1,1,1,1,4,0,1,1,1,1,2,0,1,1,3,1,2,2,1,0,0,0,1,0
VexiiRiscv_96,800MHz,9987.4940,1.0761e+07,0.4862,5.4723e+06,-0.0465,7.2153e+06,0.3424,5831.1680,1.0705e+07,0.4870,5.4259e+06,0.0000,7.1583e+06,0.3368,5738.7460,5.5370e+08,0.3852,3.6855e+08,-0.3315,4.5510e+08,0.1680,5747.2960,5.5297e+08,0.4743,3.6872e+08,-0.0002,4.5510e+08,0.3367,5858.6650,1.0758e+07,0.5189,5.4715e+06,-0.0265,7.2139e+06,0.3678,1,1,0,1,0,0,0,0,0,1,0,0,0,1,1,1,1,4,0,1,1,1,1,2,0,1,1,3,1,2,2,1,0,0,0,1,0
VexiiRiscv_97,100MHz,94616.2150,3.7430e+07,6.2100,3.8266e+06,1.4769,1.1166e+07,5.1221,54474.7310,3.5608e+07,6.4069,3.3891e+06,1.9412,1.0141e+07,5.3398,53454.5450,2.8014e+09,-765.5126,1.0043e+08,-1431.0010,7.3892e+08,-904.2213,53826.3950,9.9060e+07,6.9589,5.0895e+07,3.6799,6.3310e+07,6.0792,54483.4180,3.7422e+07,6.6021,3.8251e+06,2.0720,1.1162e+07,5.5612,0,1,0,1,1,0,1,0,1,0,1,0,1,0,0,0,0,4,0,1,1,1,0,2,3,1,0,3,3,2,1,1,0,0,1,0,0
VexiiRiscv_97,800MHz,94651.2910,1.2207e+08,0.3471,3.1069e+07,-0.0926,6.3417e+07,0.2278,55155.8310,1.0870e+08,0.3944,2.7606e+07,-0.0086,5.5693e+07,0.2589,53492.6030,2.2195e+10,-774.2326,8.0334e+08,-1439.3495,5.8808e+09,-912.8652,54127.6830,6.2526e+08,0.4051,3.7933e+08,-0.0015,4.8308e+08,0.2614,55256.6390,1.2204e+08,0.4208,3.1061e+07,-0.0302,6.3400e+07,0.2840,0,1,0,1,1,0,1,0,1,0,1,0,1,0,0,0,0,4,0,1,1,1,0,2,3,1,0,3,3,2,1,1,0,0,1,0,0
VexiiRiscv_97,400MHz,94616.2150,7.1132e+07,0.9865,1.5303e+07,-0.0793,3.2401e+07,0.7105,54300.5570,6.4862e+07,1.0505,1.3585e+07,0.0001,2.8679e+07,0.7559,53454.8190,1.1113e+10,-773.0126,4.0170e+08,-1438.5010,2.9423e+09,-911.7213,53849.9240,3.2417e+08,0.8857,1.9164e+08,0.0004,2.4312e+08,0.6150,54355.6880,7.1113e+07,1.1257,1.5298e+07,-0.0015,3.2391e+07,0.8350,0,1,0,1,1,0,1,0,1,0,1,0,1,0,0,0,0,4,0,1,1,1,0,2,3,1,0,3,3,2,1,1,0,0,1,0,0
VexiiRiscv_98,800MHz,388779.0610,1.8357e+08,0.1882,5.7643e+07,-0.1070,9.5142e+07,0.0939,224724.8350,1.8312e+08,0.2777,5.3252e+07,-0.0001,8.9678e+07,0.1676,218491.9950,8.2276e+08,-761.2053,4.1524e+08,-1415.6964,5.5620e+08,-897.3817,221280.9770,7.2097e+08,0.3067,4.0551e+08,-0.0006,5.2504e+08,0.1952,226310.9630,1.8351e+08,0.4158,5.7630e+07,-0.0346,9.5115e+07,0.2931,0,1,1,1,1,0,0,0,0,0,1,0,0,0,0,1,0,2,1,0,0,0,1,6,3,1,1,1,0,0,2,1,1,1,1,1,0
VexiiRiscv_98,100MHz,388707.9800,6.8023e+07,5.0596,7.0732e+06,-0.0292,1.7815e+07,3.9168,221203.5890,6.7329e+07,5.6288,6.5426e+06,0.7115,1.6940e+07,4.4190,218363.5120,1.7509e+08,-752.4553,5.1933e+07,-1406.9464,7.9230e+07,-888.6317,220309.1910,1.3249e+08,5.5248,5.4195e+07,1.5234,7.0477e+07,4.3776,222279.8080,6.7996e+07,5.8400,7.0690e+06,0.8034,1.7804e+07,4.6486,0,1,1,1,1,0,0,0,0,0,1,0,0,0,0,1,0,2,1,0,0,0,1,6,3,1,1,1,0,0,2,1,1,1,1,1,0
VexiiRiscv_98,400MHz,388707.9800,1.1491e+08,0.4995,2.8341e+07,-0.0907,4.9615e+07,0.3319,221952.0900,1.1465e+08,0.8417,2.6217e+07,0.0002,4.6979e+07,0.5761,218374.1960,4.5290e+08,-759.9553,2.0764e+08,-1414.4464,2.8369e+08,-896.1317,220387.4400,3.8304e+08,0.7848,2.0448e+08,-0.0001,2.6470e+08,0.5427,223483.0190,1.1487e+08,0.9334,2.8333e+07,-0.0118,4.9596e+07,0.7089,0,1,1,1,1,0,0,0,0,0,1,0,0,0,0,1,0,2,1,0,0,0,1,6,3,1,1,1,0,0,2,1,1,1,1,1,0
VexiiRiscv_99,100MHz,36333.1230,1.0188e+07,6.6161,1.2431e+06,2.2405,3.0190e+06,5.6105,20811.9040,9.8418e+06,6.9163,1.1372e+06,3.0030,2.8068e+06,5.9711,20637.8670,7.9822e+07,-173.3015,4.6227e+07,-326.2264,5.8838e+07,-204.9392,20717.7450,7.6988e+07,6.9814,4.7707e+07,3.9032,5.8366e+07,6.0773,20825.5300,1.0186e+07,7.0586,1.2426e+06,2.9466,3.0179e+06,6.0885,0,1,0,1,0,0,0,0,0,1,0,1,0,0,0,1,0,3,0,1,0,1,1,6,1,0,0,5,2,2,1,0,0,1,1,1,0
VexiiRiscv_99,800MHz,36647.1610,2.9704e+07,0.4177,1.0161e+07,-0.0766,1.6446e+07,0.2898,21319.1450,2.7476e+07,0.4541,9.3367e+06,0.0001,1.4975e+07,0.3175,20763.8730,5.7385e+08,-182.0591,3.6978e+08,-334.9930,4.6158e+08,-213.7001,20987.4590,5.6915e+08,0.4258,3.7025e+08,-0.0000,4.6061e+08,0.2891,21349.5280,2.9698e+07,0.4847,1.0159e+07,-0.0229,1.6443e+07,0.3402,0,1,0,1,0,0,0,0,0,1,0,1,0,0,0,1,0,3,0,1,0,1,1,6,1,0,0,5,2,2,1,0,0,1,1,1,0
VexiiRiscv_99,400MHz,36333.1230,1.9273e+07,0.9619,5.0025e+06,-0.0697,9.0856e+06,0.7047,20911.7820,1.7949e+07,1.0362,4.5799e+06,0.0004,8.2594e+06,0.7470,20638.0720,2.9135e+08,-180.8015,1.8490e+08,-333.7264,2.3141e+08,-212.4392,20770.1260,2.8782e+08,0.9108,1.8593e+08,0.0000,2.3073e+08,0.6419,20934.7640,1.9269e+07,1.1134,5.0015e+06,-0.0280,9.0835e+06,0.8221,0,1,0,1,0,0,0,0,0,1,0,1,0,0,0,1,0,3,0,1,0,1,1,6,1,0,0,5,2,2,1,0,0,1,1,1,0
